1315922016, 0
1315983600, 4
1316075973, 4
1316156526, 3
1316273528, 2
1316340409, 0
1316440023, 3
1316507693, 1
1316613345, 4
1316687702, 3
1316768942, 3
1316855729, 3
1316952803, 4
1317023225, 2
1317123356, 4
1317204053, 3
1317296791, 3
1317624403, 2
1317712819, 2
1317812570, 3
1317892000, 3
1317972345, 3
1318068031, 3
1318161148, 2
1318276419, 0
1318335174, 2
1318428233, 2
1318510634, 2
1318583643, 2
1318831142, 2
1319104501, 1
1319183746, 1
1319451709, 1
1319530998, 0
1319631404, 1
1319787030, 1
1319875994, 2
1319971835, 2
1320050988, 2
1320148855, 1
1320395329, 1
1320489334, 2
1320601254, 2
1320741463, 0
1320837306, 0
1320929138, 2
1321000781, 2
1321132648, 0
1321185406, 0
1321261818, 0
1321360961, 1
1321447333, 1
1321523499, 1
1321631397, 1
1321713217, 1
1321826188, 1
1321877400, 0
1321977216, 1
1322160461, 1
1322219039, 2
1322453080, 2
1322477881, 0
1322575071, 1
1322645909, 1
1322754653, 0
1322814540, 2
1322953528, 1
1323067464, 0
1323079306, 0
1323162523, 1
1323245107, 2
1323334854, 2
1323516569, 2
1323595913, 1
1323678973, 2
1323764464, 2
1323872722, 2
1323957497, 1
1324026474, 2
1324230816, 2
1324298755, 1
1324369935, 2
1324486277, 2
1324567332, 2
1324631897, 2
1324756998, 3
1324838927, 2
1324894479, 2
1324979614, 2
1325063970, 3
1325158821, 3
1325242047, 2
1325346628, 2
1325431694, 2
1325534677, 1
1325591137, 0
1325680864, 3
1325753912, 4
1325856027, 5
1325960059, 5
1326032451, 0
1326110643, 3
1326189364, 5
1326269579, 6
1326363522, 6
1326456215, 5
1326573754, 6
1326623132, 3
1326729054, 5
1326801957, 5
1326875288, 5
1326966719, 5
1327057265, 5
1327176228, 4
1327242188, 4
1327311305, 4
1327392268, 5
1327482209, 5
1327588421, 5
1327662257, 5
1327806867, 4
1327863974, 3
1327927220, 1
1327997739, 4
1328101564, 5
1328187285, 4
1328260912, 5
1328344665, 5
1328429172, 4
1328521126, 4
1328607762, 4
1328701150, 4
1328775549, 4
1328863792, 4
1328948499, 4
1329050672, 2
1329128690, 4
1329214050, 4
1329309206, 4
1329386909, 4
1329467379, 3
1329556719, 3
1329646030, 3
1329733188, 2
1329812207, 3
1329907549, 3
1329986428, 3
1330080185, 4
1330158143, 4
1330251143, 4
1330343950, 3
1330423282, 4
1330524080, 4
1330589054, 4
1330682097, 4
1330761821, 3
1330868106, 3
1330934483, 3
1331032631, 4
1331109739, 4
1331198960, 4
1331289926, 4
1331372599, 4
1331471182, 3
1331560385, 2
1331638096, 3
1331710089, 4
1331795587, 4
1331881340, 4
1331972932, 4
1332057039, 4
1332150041, 4
1332229137, 4
1332329765, 3
1332410935, 3
1332490731, 3
1332597971, 3
1332677041, 3
1332773164, 3
1332832246, 3
1332934416, 3
1333009468, 3
1333097853, 3
1333178158, 3
1333275467, 3
1333356820, 3
1333443252, 4
1333527260, 3
1333615303, 4
1333704147, 4
1333783941, 3
1333881438, 3
1333988288, 3
1334042405, 3
1334138058, 3
1334230495, 3
1334306211, 3
1334387813, 4
1334475595, 3
1334578597, 3
1334657597, 3
1334732610, 4
1334825496, 4
1334905290, 4
1334995310, 4
1335080765, 4
1335165727, 4
1335252327, 4
1335349083, 4
1335431522, 4
1335515292, 4
1335596731, 4
1335701569, 3
1335777558, 3
1335864328, 4
1335942364, 4
1336035664, 4
1336120486, 4
1336201891, 4
1336295611, 4
1336374419, 4
1336463514, 4
1336550118, 4
1336641441, 4
1336724883, 4
1336812620, 3
1336895664, 3
1336993235, 3
1337073724, 3
1337151644, 4
1337239626, 4
1337328503, 4
1337417623, 4
1337505221, 4
1337586261, 4
1337673305, 4
1337761272, 4
1337848103, 4
1337933233, 4
1338032678, 4
1338108816, 4
1338205666, 4
1338275659, 4
1338362870, 4
1338453677, 4
1338540743, 4
1338630029, 4
1338726125, 4
1338796012, 4
1338882407, 4
1338966478, 4
1339056979, 4
1339147636, 4
1339246898, 4
1339328472, 4
1339400270, 4
1339486866, 4
1339571600, 4
1339664041, 4
1339744627, 4
1339832360, 5
1339919522, 5
1340002895, 5
1340093711, 5
1340180313, 5
1340263031, 5
1340350344, 5
1340437902, 5
1340521562, 5
1340609338, 5
1340694507, 5
1340781312, 5
1340871241, 5
1340955334, 5
1341045421, 5
1341130179, 5
1341213528, 5
1341299212, 5
1341387940, 5
1341473147, 5
1341558702, 5
1341644402, 5
1341731299, 5
1341817994, 5
1341904248, 6
1341993927, 6
1342082270, 6
1342162864, 6
1342254114, 6
1342341029, 6
1342422882, 6
1342509172, 7
1342595223, 7
1342687465, 8
1342768223, 8
1342854613, 7
1342946310, 7
1343028272, 7
1343113414, 7
1343205392, 7
1343289160, 7
1343377059, 7
1343468411, 7
1343553676, 7
1343638482, 7
1343721500, 8
1343804812, 8
1343891043, 8
1343980320, 9
1344065802, 10
1344151007, 9
1344239449, 9
1344323597, 9
1344412373, 9
1344495620, 10
1344585631, 10
1344675389, 10
1344759392, 10
1344843813, 10
1344928268, 10
1345014326, 11
1345100452, 12
1345189849, 12
1345273489, 13
1345362542, 10
1345446792, 8
1345533949, 8
1345619139, 9
1345707879, 9
1345792615, 9
1345878385, 9
1345967829, 9
1346051134, 10
1346145001, 10
1346224820, 10
1346311280, 9
1346396882, 9
1346493025, 9
1346572640, 9
1346656352, 9
1346743319, 9
1346829535, 9
1346915557, 9
1347001444, 10
1347091520, 10
1347175307, 10
1347260956, 10
1347351099, 10
1347433553, 10
1347521542, 10
1347610105, 10
1347692678, 10
1347780681, 10
1347872340, 10
1347951948, 10
1348040941, 11
1348130625, 11
1348211390, 11
1348309253, 11
1348384400, 11
1348470766, 10
1348557826, 10
1348644209, 11
1348729429, 11
1348816145, 11
1348902595, 11
1348989381, 11
1349077795, 10
1349165273, 11
1349248231, 11
1349335725, 11
1349421354, 11
1349512419, 11
1349593353, 11
1349679894, 11
1349766548, 10
1349853201, 11
1349938982, 11
1350025255, 11
1350116170, 11
1350204676, 10
1350285376, 10
1350371062, 10
1350457806, 10
1350544466, 10
1350630677, 10
1350716698, 10
1350804892, 10
1350889563, 10
1350976094, 10
1351064408, 10
1351149165, 10
1351235189, 10
1351321367, 9
1351413175, 9
1351494665, 9
1351584003, 9
1351667900, 9
1351766501, 10
1351840202, 10
1351927815, 9
1352014427, 9
1352102953, 9
1352190391, 9
1352276302, 9
1352362421, 9
1352449711, 9
1352541577, 9
1352621042, 9
1352709584, 9
1352794156, 9
1352883594, 9
1352966797, 9
1353054151, 10
1353140262, 10
1353228992, 10
1353314348, 10
1353399199, 10
1353485771, 10
1353571512, 10
1353658616, 11
1353744403, 11
1353830408, 11
1353916871, 11
1354004006, 11
1354090092, 11
1354177612, 11
1354263591, 11
1354352418, 11
1354440801, 11
1354525667, 11
1354608217, 11
1354695503, 12
1354782751, 12
1354872104, 12
1354956024, 12
1355040524, 12
1355126610, 12
1355214891, 12
1355300411, 12
1355387611, 12
1355472008, 12
1355562040, 12
1355645259, 12
1355731382, 12
1355819855, 12
1355904077, 12
1355991032, 12
1356077860, 12
1356166016, 12
1356252529, 12
1356341703, 12
1356425897, 12
1356525905, 12
1356598549, 12
1356684075, 12
1356769047, 12
1356857194, 12
1356945070, 12
1357032465, 12
1357116276, 12
1357200757, 12
1357291794, 12
1357374806, 12
1357460031, 12
1357547985, 12
1357632778, 12
1357718479, 12
1357805093, 12
1357893535, 13
1357984213, 13
1358069758, 13
1358151129, 12
1358237363, 13
1358324375, 13
1358410279, 13
1358497433, 14
1358583311, 14
1358668802, 14
1358755736, 14
1358844091, 15
1358928320, 16
1359016114, 17
1359101017, 17
1359188715, 16
1359279757, 16
1359361152, 16
1359446923, 17
1359532804, 18
1359619968, 18
1359705942, 19
1359792007, 19
1359882397, 19
1359965370, 19
1360051573, 19
1360137749, 19
1360224046, 19
1360310573, 20
1360399276, 21
1360483989, 22
1360570640, 22
1360656465, 22
1360743255, 24
1360830137, 23
1360915277, 26
1361002033, 26
1361088134, 26
1361175525, 25
1361261770, 26
1361348204, 27
1361433700, 29
1361520121, 29
1361608553, 30
1361695904, 28
1361779242, 29
1361866255, 29
1361952452, 30
1362038563, 31
1362124972, 33
1362211672, 33
1362298298, 33
1362384214, 33
1362470820, 35
1362556896, 40
1362643211, 42
1362729617, 42
1362816177, 42
1362903099, 44
1362985580, 45
1363071616, 44
1363158481, 43
1363244450, 46
1363332754, 46
1363418116, 46
1363507991, 45
1363592550, 46
1363676518, 48
1363762998, 55
1363849611, 62
1363935636, 70
1364022086, 69
1364108559, 61
1364195274, 68
1364281529, 74
1364367608, 79
1364454006, 87
1364540406, 89
1364627245, 90
1364713428, 91
1364799622, 93
1364886034, 100
1364972411, 113
1365058894, 130
1365145374, 134
1365232036, 140
1365318022, 141
1365404475, 158
1365490806, 186
1365577268, 218
1365663627, 183
1365750009, 102
1365836427, 81
1365922810, 100
1366009200, 94
1366095600, 79
1366182010, 65
1366268421, 86
1366354800, 102
1366441912, 119
1366527609, 124
1366614016, 116
1366700464, 121
1366786811, 132
1366873260, 148
1366959601, 142
1367046007, 134
1367132522, 131
1367220424, 133
1367305210, 141
1367391601, 137
1367478011, 120
1367564410, 106
1367650808, 91
1367737204, 108
1367823608, 115
1367910011, 114
1367996408, 107
1368082808, 112
1368169403, 111
1368255611, 116
1368342000, 114
1368428430, 114
1368514814, 115
1368601208, 111
1368687637, 109
1368774011, 111
1368860408, 115
1368946812, 117
1369033653, 116
1369119674, 117
1369206159, 117
1369292420, 118
1369378864, 120
1369465210, 126
1369551612, 127
1369638012, 129
1369724404, 126
1369810813, 125
1369897213, 127
1369983601, 128
1370070011, 127
1370156440, 127
1370242887, 121
1370329213, 120
1370415613, 119
1370502016, 120
1370588411, 118
1370674805, 112
1370761200, 106
1370847605, 97
1370934004, 103
1371020400, 106
1371106833, 107
1371193212, 102
1371279625, 99
1371366417, 99
1371452417, 99
1371538884, 100
1371625264, 104
1371711661, 105
1371798011, 102
1371884474, 100
1371972602, 99
1372057210, 99
1372143789, 97
1372230012, 98
1372316453, 97
1372402831, 95
1372489213, 90
1372575880, 88
1372662009, 88
1372748412, 85
1372834813, 86
1372921210, 81
1373007995, 78
1373094071, 69
1373180487, 66
1373266904, 70
1373353209, 73
1373439611, 73
1373526013, 81
1373612463, 88
1373698830, 91
1373785336, 89
1373871669, 90
1373958002, 92
1374044402, 91
1374130801, 89
1374217214, 81
1374303626, 84
1374390064, 85
1374476562, 84
1374562838, 85
1374649201, 86
1374735615, 86
1374822334, 89
1374908417, 89
1374994814, 88
1375081228, 90
1375167666, 92
1375254012, 94
1375340581, 98
1375426865, 95
1375513829, 96
1375599789, 95
1375686144, 96
1375772443, 97
1375858995, 97
1375945224, 96
1376031734, 94
1376118045, 92
1376204740, 92
1376290835, 93
1376377202, 93
1376463621, 96
1376550018, 98
1376636448, 97
1376723787, 97
1376809323, 98
1376895614, 99
1376982182, 102
1377068418, 104
1377154804, 108
1377241202, 110
1377328519, 107
1377414085, 108
1377500627, 111
1377586804, 112
1377673234, 117
1377759882, 117
1377846107, 118
1377932406, 123
1378018855, 129
1378105203, 130
1378191655, 129
1378278061, 128
1378364649, 122
1378450817, 122
1378537838, 119
1378623870, 119
1378710045, 117
1378796401, 120
1378882831, 122
1378969427, 123
1379055778, 126
1379142013, 126
1379228477, 124
1379314893, 124
1379401203, 125
1379487617, 126
1379574023, 126
1379660606, 124
1379746802, 122
1379833276, 122
1379919729, 122
1380006238, 122
1380092419, 122
1380178950, 123
1380265201, 123
1380352202, 125
1380438613, 125
1380524546, 126
1380610833, 125
1380697202, 126
1380783647, 111
1380870126, 114
1380956403, 120
1381042820, 121
1381129210, 121
1381215611, 122
1381302016, 123
1381388469, 124
1381475412, 125
1381561202, 126
1381647619, 127
1381734003, 131
1381820412, 134
1381906806, 139
1381993215, 141
1382079603, 142
1382166005, 150
1382252412, 164
1382338811, 166
1382425209, 177
1382511619, 189
1382598031, 194
1382684400, 186
1382770903, 178
1382857216, 180
1382943616, 189
1383030025, 195
1383116427, 199
1383202807, 200
1383289210, 200
1383375609, 202
1383462439, 203
1383552008, 207
1383638423, 222
1383724800, 241
1383811203, 261
1383897605, 289
1383984006, 324
1384070405, 327
1384156807, 304
1384243200, 338
1384329623, 354
1384416013, 389
1384502403, 413
1384588828, 418
1384675203, 439
1384761600, 475
1384848004, 596
1384934413, 556
1385020802, 569
1385107203, 686
1385193601, 772
1385280027, 823
1385366423, 807
1385452819, 811
1385539243, 868
1385625602, 945
1385712009, 1007
1385798400, 1098
1385884802, 1101
1385971235, 955
1386057618, 1008
1386144006, 1058
1386230412, 1114
1386316822, 979
1386403202, 821
1386489605, 712
1386576005, 777
1386662403, 895
1386748879, 952
1386835208, 875
1386921615, 868
1387008131, 877
1387094403, 846
1387180800, 845
1387267204, 721
1387353605, 648
1387440003, 522
1387526406, 658
1387612818, 641
1387699201, 597
1387785600, 642
1387872007, 643
1387958400, 645
1388044807, 680
1388131205, 729
1388217602, 722
1388304006, 716
1388390403, 722
1388476805, 729
1388563204, 735
1388649603, 745
1388736006, 771
1388822404, 802
1388908802, 823
1388995204, 906
1389081608, 931
1389168006, 842
1389254402, 819
1389340803, 813
1389427210, 842
1389513600, 886
1389600022, 844
1389686424, 813
1389772805, 821
1389859202, 840
1389945626, 821
1390032014, 794
1390118436, 805
1390204835, 828
1390291209, 826
1390377605, 819
1390464007, 813
1390550402, 796
1390636882, 786
1390723227, 802
1390809615, 817
1390896030, 774
1390982410, 789
1391068805, 793
1391155209, 793
1391241600, 802
1391328006, 816
1391414447, 813
1391500828, 807
1391587204, 802
1391673602, 788
1391760011, 746
1391846454, 702
1391932821, 691
1392019204, 700
1392105633, 655
1392192003, 668
1392278429, 657
1392364803, 609
1392451213, 651
1392537623, 653
1392624001, 620
1392710414, 640
1392796801, 625
1392883201, 621
1392969600, 573
1393056018, 573
1393142402, 597
1393228808, 602
1393315211, 513
1393401606, 524
1393488004, 582
1393574442, 583
1393660800, 560
1393747231, 566
1393833604, 566
1393920009, 645
1394006408, 676
1394092826, 665
1394179205, 661
1394265606, 630
1394352064, 616
1394434952, 638
1394521320, 624
1394607600, 634
1394694049, 637
1394780479, 642
1394866844, 632
1394953285, 633
1395039636, 632
1395126017, 621
1395212416, 610
1395298876, 607
1395385200, 590
1395471836, 576
1395558173, 558
1395644409, 560
1395730803, 572
1395817259, 576
1395903728, 575
1395990023, 517
1396076415, 501
1396162831, 491
1396249201, 459
1396335629, 456
1396422002, 482
1396508412, 448
1396594801, 438
1396681361, 447
1396767618, 453
1396854059, 456
1396940494, 452
1397026822, 452
1397113214, 434
1397199607, 386
1397286008, 418
1397372545, 422
1397458802, 421
1397545201, 459
1397631820, 501
1397718039, 519
1397804418, 498
1397890803, 482
1397977209, 501
1398063657, 503
1398150021, 498
1398236426, 491
1398322965, 487
1398409207, 477
1398495609, 458
1398582007, 460
1398668445, 439
1398754813, 439
1398841229, 445
1398927696, 446
1399014004, 456
1399100406, 449
1399186842, 437
1399273226, 435
1399359656, 428
1399446003, 429
1399532410, 441
1399618845, 443
1399705296, 450
1399791610, 453
1399878043, 439
1399964443, 438
1400050806, 437
1400137203, 444
1400223624, 448
1400310011, 447
1400396430, 448
1400482814, 446
1400569294, 450
1400655603, 482
1400742001, 497
1400828417, 520
1400914804, 529
1401001207, 541
1401087610, 574
1401174005, 583
1401260403, 570
1401346805, 572
1401433242, 568
1401519608, 607
1401606058, 632
1401692405, 645
1401778800, 651
1401865202, 652
1401951606, 642
1402038004, 657
1402124408, 651
1402210808, 653
1402297207, 651
1402383609, 647
1402470008, 647
1402556403, 630
1402642802, 590
1402729206, 591
1402815608, 560
1402902008, 577
1402988408, 595
1403074808, 601
1403161203, 605
1403247601, 599
1403334008, 588
1403420405, 593
1403506801, 596
1403593203, 585
1403679601, 579
1403766000, 564
1403852409, 574
1403938808, 586
1404025209, 595
1404111602, 607
1404198008, 631
1404284409, 647
1404370811, 649
1404457212, 645
1404543610, 630
1404630009, 630
1404716406, 631
1404802809, 622
1404889208, 621
1404975601, 621
1405062007, 614
1405148408, 629
1405234808, 633
1405321206, 630
1405407600, 620
1405494008, 621
1405580410, 616
1405666807, 620
1405753208, 625
1405839608, 626
1405926010, 622
1406012407, 619
1406098810, 620
1406185208, 619
1406271602, 603
1406358012, 597
1406444408, 594
1406530818, 587
1406617208, 583
1406703613, 582
1406790009, 567
1406876408, 579
1406962808, 596
1407049201, 588
1407135608, 584
1407222014, 586
1407308427, 580
1407394831, 580
1407481227, 587
1407567647, 588
1407654011, 587
1407740409, 589
1407826823, 576
1407913201, 565
1407999606, 541
1408086005, 512
1408172404, 499
1408258820, 509
1408345226, 496
1408431625, 468
1408518020, 483
1408604410, 508
1408690809, 518
1408777208, 513
1408863606, 499
1408950011, 504
1409036411, 502
1409122807, 511
1409209210, 514
1409295610, 507
1409382009, 507
1409468401, 500
1409554807, 481
1409641210, 479
1409727612, 477
1409814011, 474
1409900413, 485
1409986809, 479
1410073210, 480
1410159608, 474
1410246011, 467
1410332410, 470
1410418808, 482
1410505208, 473
1410591609, 469
1410678008, 476
1410764407, 476
1410850812, 473
1410937212, 465
1411023608, 451
1411110001, 427
1411196408, 398
1411282809, 414
1411369208, 401
1411455611, 401
1411542015, 425
1411628410, 423
1411714810, 409
1411801208, 403
1411887607, 401
1411974002, 381
1412060409, 376
1412146800, 385
1412233209, 383
1412319608, 375
1412406010, 363
1412492411, 336
1412578802, 305
1412665202, 326
1412751613, 326
1412838000, 346
1412924410, 369
1413010808, 360
1413097208, 358
1413183601, 369
1413270013, 390
1413356408, 403
1413442809, 392
1413529210, 380
1413615609, 378
1413702013, 389
1413788409, 386
1413874804, 382
1413961209, 386
1414047611, 379
1414134011, 359
1414220402, 358
1414306809, 346
1414393210, 354
1414479609, 353
1414566009, 353
1414652408, 340
1414738811, 341
1414825207, 339
1414911613, 325
1415001606, 325
1415088008, 327
1415174404, 329
1415260809, 339
1415347211, 346
1415433609, 342
1415520008, 343
1415606413, 356
1415692810, 369
1415779213, 372
1415865625, 414
1415952009, 413
1416038410, 397
1416124809, 379
1416211209, 391
1416297611, 392
1416384009, 377
1416470413, 377
1416556811, 356
1416643210, 354
1416729607, 358
1416816009, 365
1416902410, 378
1416988810, 381
1417075212, 369
1417161608, 369
1417248007, 371
1417334410, 378
1417420808, 376
1417507202, 377
1417593600, 379
1417680010, 377
1417766408, 369
1417852807, 372
1417939207, 374
1418025601, 374
1418112004, 360
1418198408, 350
1418284810, 350
1418371208, 354
1418457605, 353
1418544007, 349
1418630418, 353
1418716821, 348
1418803264, 334
1418889600, 319
1418976007, 312
1419062409, 314
1419148808, 326
1419235210, 324
1419321609, 329
1419408008, 333
1419494407, 325
1419580807, 318
1419667208, 324
1419753717, 315
1419840010, 315
1419926408, 313
1420012814, 311
1420099374, 315
1420185608, 314
1420272124, 312
1420358409, 290
1420444810, 269
1420837504, 275
1420876911, 290
1420963360, 277
1421049605, 270
1421136000, 260
1421222402, 224
1421308808, 188
1421395201, 210
1421481608, 209
1421568000, 197
1421654402, 211
1421740807, 210
1421827244, 210
1421913648, 221
1422000026, 231
1422086438, 231
1422172864, 244
1422259206, 266
1422345689, 278
1422432001, 257
1422518409, 243
1422604806, 232
1422691215, 230
1422777611, 224
1422864000, 221
1422950416, 229
1423036856, 232
1423123207, 224
1423209619, 218
1423296433, 221
1423382557, 226
1423468806, 223
1423555209, 218
1423641625, 218
1423728055, 219
1423814474, 223
1423900807, 238
1423987259, 251
1424073619, 242
1424160000, 235
1424246465, 241
1424332805, 237
1424419214, 241
1424505619, 245
1424592013, 244
1424678422, 237
1424764909, 236
1424851214, 238
1424937664, 236
1425024018, 244
1425110507, 251
1425196815, 251
1425283205, 253
1425369637, 268
1425456060, 275
1425542438, 274
1425628872, 269
1425715327, 271
1425801681, 274
1425884543, 274
1425970818, 284
1426057220, 290
1426143619, 291
1426230016, 293
1426316414, 287
1426402845, 283
1426489430, 285
1426575613, 290
1426662007, 285
1426748400, 264
1426835069, 259
1426921212, 260
1427007639, 258
1427094034, 264
1427180637, 265
1427266800, 249
1427353246, 243
1427439616, 250
1427526276, 247
1427612433, 250
1427698804, 242
1427785277, 245
1427871648, 243
1427958059, 243
1428044412, 249
1428130810, 253
1428217210, 251
1428303776, 256
1428390050, 255
1428476456, 253
1428562812, 245
1428649341, 241
1428735607, 235
1428822253, 235
1428908639, 235
1428994808, 226
1429081218, 217
1429167829, 220
1429254014, 226
1429340414, 222
1429426812, 222
1429513233, 223
1429599693, 224
1429686000, 229
1429772400, 234
1429858843, 233
1429945260, 230
1430031603, 224
1430118006, 218
1430204406, 222
1430290800, 224
1430377381, 224
1430463601, 233
1430550003, 233
1430636404, 233
1430722807, 239
1430809207, 237
1430895623, 233
1430982002, 231
1431068419, 233
1431154907, 241
1431241256, 240
1431327611, 239
1431414008, 240
1431500401, 240
1431586834, 239
1431673245, 236
1431759755, 236
1431846052, 235
1431932428, 235
1432018803, 234
1432105214, 231
1432191651, 233
1432278051, 234
1432364704, 236
1432450872, 238
1432537503, 239
1432623630, 235
1432710084, 235
1432796403, 235
1432882863, 235
1432969390, 234
1433055666, 231
1433142038, 229
1433228492, 224
1433315026, 223
1433401245, 224
1433487699, 223
1433574180, 223
1433660587, 224
1433746805, 222
1433833209, 225
1433919674, 228
1434006120, 227
1434092622, 228
1434178853, 229
1434265504, 230
1434351645, 231
1434438067, 234
1434524482, 243
1434611052, 249
1434697258, 247
1434783602, 245
1434870038, 242
1434956492, 242
1435043096, 245
1435129304, 243
1435215617, 240
1435302072, 241
1435388400, 241
1435474916, 247
1435561217, 248
1435647643, 254
1435734026, 262
1435820451, 257
1435906854, 254
1435993504, 254
1436079656, 258
1436166020, 266
1436252493, 272
1436338802, 265
1436425207, 268
1436511642, 269
1436598022, 284
1436684464, 294
1436770808, 308
1436857345, 288
1436943903, 290
1437030113, 289
1437116405, 278
1437202954, 276
1437289284, 277
1437375606, 275
1437462004, 277
1437548410, 277
1437634918, 276
1437721276, 276
1437807702, 284
1437894004, 288
1437980482, 291
1438066868, 291
1438153204, 293
1438239613, 289
1438326017, 286
1438412619, 283
1438498850, 278
1438585351, 279
1438671605, 282
1438758062, 283
1438844403, 281
1438930806, 276
1439017282, 278
1439103684, 268
1439190032, 264
1439276430, 263
1439362833, 266
1439449224, 266
1439535679, 263
1439622304, 265
1439708403, 262
1439794801, 256
1439881503, 256
1439967615, 240
1440054071, 230
1440140450, 233
1440226878, 232
1440313297, 228
1440399613, 227
1440486000, 212
1440572420, 219
1440658818, 226
1440745321, 225
1440831900, 230
1440918032, 228
1441004456, 227
1441090889, 228
1441177504, 227
1441263606, 228
1441350050, 227
1441436496, 229
1441522805, 234
1441609319, 239
1441695600, 240
1441782011, 243
1441868588, 238
1441954868, 238
1442041212, 238
1442127603, 235
1442214052, 229
1442300566, 229
1442386848, 229
1442473249, 227
1442559632, 231
1442646041, 232
1442732703, 230
1442818814, 229
1442905244, 226
1442991637, 228
1443078135, 229
1443164659, 232
1443250877, 235
1443337276, 233
1443423608, 232
1443510303, 237
1443596461, 236
1443682867, 235
1443769225, 236
1443855618, 237
1443942303, 238
1444028455, 238
1444114811, 238
1444201230, 244
1444287661, 243
1444374020, 242
1444460474, 243
1444546830, 244
1444633224, 246
1444719685, 245
1444806026, 248
1444892572, 252
1444978805, 254
1445065231, 262
1445151614, 268
1445238089, 262
1445324436, 263
1445410833, 268
1445497253, 266
1445583633, 274
1445670053, 277
1445756547, 283
1445842888, 287
1445929200, 286
1446015720, 295
1446102013, 302
1446188404, 316
1446274859, 325
1446361215, 313
1446451299, 320
1446537617, 353
1446624007, 402
1446710406, 442
1446796822, 384
1446883201, 377
1446969602, 384
1447056039, 374
1447142498, 377
1447228802, 338
1447315204, 313
1447401602, 332
1447488021, 332
1447574403, 333
1447660806, 321
1447747208, 330
1447833614, 334
1447920000, 333
1448006453, 323
1448092865, 320
1448179384, 325
1448265635, 322
1448352019, 322
1448438419, 319
1448524849, 326
1448611243, 350
1448697643, 357
1448784064, 354
1448870416, 369
1448956986, 375
1449043303, 359
1449129624, 359
1449216017, 359
1449302400, 363
1449388822, 383
1449475203, 389
1449561605, 393
1449648001, 407
1449734401, 414
1449820824, 416
1449907200, 438
1449993835, 428
1450080012, 435
1450166405, 445
1450252811, 455
1450339212, 454
1450425613, 456
1450512132, 460
1450598435, 459
1450684869, 440
1450771211, 437
1450857603, 436
1450944002, 445
1451030542, 454
1451116817, 448
1451203227, 421
1451289678, 421
1451376004, 421
1451462546, 428
1451548830, 425
1451635234, 428
1451721671, 432
1451808147, 431
1451894497, 427
1451980825, 432
1452067203, 430
1452153605, 435
1452240008, 453
1452326404, 450
1452412804, 447
1452499214, 444
1452585812, 445
1452672009, 436
1452758455, 429
1452844800, 421
1452931202, 384
1453017621, 374
1453104003, 381
1453190421, 383
1453276901, 378
1453363244, 405
1453449655, 407
1453536009, 385
1453622493, 387
1453709033, 399
1453795259, 392
1453881605, 392
1453968003, 386
1454054485, 376
1454140861, 377
1454227354, 376
1454313604, 372
1454400060, 372
1454486434, 372
1454572833, 369
1454659223, 382
1454745726, 381
1454832016, 374
1454918584, 375
1455004805, 373
1455091307, 373
1455177626, 378
1455264146, 376
1455350421, 382
1455436810, 390
1455523358, 400
1455609623, 399
1455696102, 404
1455782404, 416
1455868804, 419
1455955214, 418
1456041605, 435
1456128024, 436
1456214456, 436
1456300806, 419
1456387215, 420
1456473605, 421
1456560116, 426
1456646428, 428
1456732836, 432
1456819211, 434
1456905602, 431
1456992067, 424
1457078477, 420
1457164839, 412
1457251203, 397
1457337600, 406
1457424015, 410
1457510605, 410
1457596844, 411
1457683202, 414
1457769600, 417
1457856027, 411
1457938858, 412
1458025306, 413
1458111671, 414
1458198008, 414
1458284477, 417
1458370847, 407
1458457284, 407
1458543668, 409
1458630305, 409
1458716413, 414
1458802806, 415
1458889209, 414
1458975852, 415
1459062304, 414
1459148426, 423
1459234835, 421
1459321213, 414
1459407625, 412
1459494003, 414
1459580402, 415
1459666807, 417
1459753205, 417
1459839659, 417
1459926022, 420
1460012654, 420
1460098853, 419
1460185201, 418
1460271621, 416
1460358003, 419
1460444455, 420
1460530845, 424
1460617217, 423
1460703625, 423
1460790082, 427
1460876402, 428
1460962805, 426
1461049205, 426
1461135610, 431
1461222005, 439
1461308458, 445
1461394804, 446
1461481408, 449
1461567619, 456
1461654008, 461
1461740408, 465
1461826845, 451
1461913208, 446
1461999777, 451
1462086004, 449
1462172503, 450
1462259062, 442
1462345237, 448
1462431690, 446
1462518025, 447
1462604424, 454
1462690867, 457
1462777266, 456
1462863615, 459
1462950016, 452
1463036460, 452
1463122894, 451
1463209504, 454
1463295905, 454
1463382134, 455
1463468491, 454
1463554874, 452
1463641257, 453
1463727662, 444
1463814117, 441
1463900431, 441
1463986849, 438
1464073267, 440
1464159706, 444
1464246048, 446
1464332400, 460
1464418803, 476
1464505290, 501
1464591621, 520
1464678012, 527
1464764418, 535
1464850867, 535
1464937434, 535
1465023618, 561
1465110092, 573
1465196437, 573
1465282810, 583
1465369229, 576
1465455806, 578
1465542019, 575
1465628508, 577
1465714837, 605
1465801202, 657
1465887687, 692
1465974001, 680
1466060408, 702
1466146800, 747
1466233233, 739
1466319762, 755
1466406133, 755
1466492440, 722
1466578848, 667
1466665214, 612
1466751604, 617
1466838055, 658
1466924409, 658
1467010804, 630
1467097408, 641
1467183608, 640
1467270085, 631
1467356463, 662
1467442922, 674
1467529229, 691
1467615664, 663
1467702005, 672
1467788730, 670
1467874865, 658
1467961370, 632
1468047605, 648
1468134067, 643
1468220586, 646
1468306892, 646
1468393336, 663
1468479628, 659
1468566009, 658
1468652425, 663
1468738963, 660
1468825203, 675
1468911723, 673
1468998214, 670
1469084416, 665
1469170874, 663
1469257226, 654
1469343666, 652
1469430020, 655
1469516645, 653
1469602840, 649
1469689228, 653
1469775612, 653
1469862159, 653
1469948495, 643
1470034807, 626
1470121243, 613
1470207618, 549
1470294114, 556
1470380492, 570
1470466943, 571
1470553204, 578
1470639623, 590
1470726193, 588
1470812416, 584
1470899028, 592
1470985391, 588
1471072111, 585
1471158100, 582
1471244402, 568
1471330805, 565
1471417391, 572
1471503603, 571
1471590057, 571
1471676762, 570
1471762845, 576
1471849324, 577
1471935778, 580
1472022430, 579
1472108583, 576
1472194913, 574
1472281249, 576
1472367611, 568
1472454148, 570
1472540502, 571
1472626821, 573
1472713235, 570
1472799663, 569
1472886000, 570
1472972420, 585
1473058810, 602
1473145323, 600
1473231610, 606
1473318038, 611
1473404417, 623
1473490804, 619
1473577383, 621
1473663600, 607
1473750016, 605
1473836533, 606
1473922806, 607
1474009257, 605
1474095730, 605
1474182058, 602
1474268432, 606
1474354800, 606
1474441304, 603
1474527604, 594
1474614005, 594
1474700591, 598
1474786817, 599
1474873213, 597
1474959604, 603
1475046244, 602
1475132566, 602
1475218802, 603
1475305332, 605
1475391622, 610
1475478329, 607
1475564524, 609
1475650818, 606
1475737247, 608
1475823627, 608
1475910059, 612
1475996552, 612
1476082817, 612
1476169233, 616
1476255667, 633
1476342037, 634
1476428423, 633
1476514804, 636
1476601332, 636
1476687603, 636
1476774078, 634
1476860475, 634
1476946890, 628
1477033418, 627
1477119664, 628
1477206149, 647
1477292648, 647
1477379198, 647
1477465208, 652
1477551605, 668
1477638080, 679
1477724465, 686
1477810804, 705
1477897327, 696
1477983905, 700
1478070000, 723
1478156556, 728
1478242810, 705
1478329245, 698
1478415828, 703
1478505601, 704
1478592009, 702
1478678401, 718
1478764802, 723
1478851203, 712
1478937693, 714
1479024006, 700
1479110402, 695
1479196814, 702
1479283202, 711
1479369602, 731
1479456027, 742
1479542423, 746
1479628804, 747
1479715205, 729
1479801607, 734
1479888014, 743
1479974404, 737
1480060805, 732
1480147320, 732
1480234176, 725
1480320004, 726
1480406430, 728
1480492801, 730
1480579204, 740
1480665708, 754
1480752057, 766
1480838603, 759
1480924802, 755
1481011200, 749
1481097602, 756
1481184002, 763
1481270404, 767
1481356869, 769
1481443216, 770
1481529680, 767
1481616007, 777
1481702575, 777
1481788923, 776
1481875290, 775
1481961603, 780
1482048098, 786
1482134463, 788
1482220979, 789
1482307231, 796
1482393611, 823
1482480039, 876
1482566405, 901
1482652829, 888
1482739201, 882
1482825608, 898
1482912095, 933
1482998405, 963
1483084804, 962
1483171314, 951
1483258092, 958
1483344116, 992
1483430434, 1014
1483516808, 1026
1483603228, 1095
1483689611, 1001
1483776000, 890
1483862402, 889
1483948821, 903
1484035263, 894
1484121608, 904
1484208003, 806
1484294430, 787
1484380861, 807
1484467200, 821
1484553602, 819
1484640000, 842
1484726408, 891
1484813047, 878
1484899204, 895
1484985606, 896
1485072009, 924
1485158444, 913
1485244846, 914
1485331208, 900
1485417628, 893
1485504008, 912
1485590404, 918
1485676808, 916
1485763204, 913
1485849603, 919
1485936007, 956
1486022405, 974
1486108804, 1002
1486195221, 1009
1486281607, 1023
1486368004, 1013
1486454405, 1025
1486540803, 1055
1486627241, 1049
1486713600, 984
1486800026, 981
1486886429, 1008
1486972862, 1000
1487059251, 994
1487145676, 1008
1487232006, 1012
1487318406, 1031
1487404808, 1054
1487491505, 1058
1487577663, 1049
1487664009, 1070
1487750425, 1110
1487836971, 1128
1487923204, 1164
1488009602, 1179
1488096004, 1153
1488182407, 1176
1488268803, 1191
1488355208, 1189
1488441658, 1217
1488528034, 1252
1488614409, 1277
1488700828, 1254
1488787295, 1262
1488873616, 1276
1488960003, 1225
1489046400, 1175
1489132800, 1189
1489219207, 1175
1489305608, 1178
1489388403, 1216
1489474873, 1236
1489561202, 1246
1489647604, 1249
1489734000, 1175
1489820406, 1110
1489906860, 1000
1489993235, 1018
1490079601, 1044
1490166005, 1094
1490252620, 1035
1490338827, 1029
1490425219, 956
1490511689, 928
1490598021, 967
1490684403, 1017
1490770806, 1042
1490857201, 1037
1490943604, 1033
1491030092, 1058
1491116431, 1079
1491202848, 1088
1491289210, 1135
1491375631, 1139
1491462004, 1131
1491548433, 1177
1491634859, 1189
1491721479, 1184
1491807644, 1200
1491894045, 1206
1491980437, 1216
1492066890, 1208
1492153336, 1174
1492239603, 1167
1492326287, 1177
1492412436, 1163
1492498863, 1180
1492585203, 1203
1492671604, 1200
1492758054, 1227
1492844460, 1242
1492930845, 1228
1493017262, 1236
1493103602, 1247
1493190022, 1269
1493276436, 1295
1493362844, 1325
1493449209, 1321
1493535600, 1328
1493622003, 1342
1493708404, 1390
1493794804, 1445
1493881204, 1487
1493967605, 1552
1494054003, 1548
1494140467, 1546
1494226801, 1547
1494313200, 1599
1494399600, 1718
1494486000, 1764
1494572401, 1827
1494658806, 1716
1494745200, 1734
1494831604, 1765
1494918037, 1707
1495004402, 1722
1495090803, 1795
1495177200, 1855
1495263608, 1946
1495350014, 1979
1495436415, 2033
1495522836, 2132
1495609202, 2229
1495695611, 2432
1495782006, 2500
1495868403, 2310
1495954803, 2061
1496041202, 2190
1496127612, 2273
1496214003, 2240
1496300401, 2301
1496386815, 2406
1496473205, 2440
1496559678, 2531
1496646006, 2536
1496732410, 2696
1496818800, 2836
1496905207, 2761
1496991601, 2773
1497078003, 2825
1497164407, 2869
1497250803, 2929
1497337200, 2705
1497423603, 2726
1497510001, 2532
1497596405, 2317
1497682845, 2470
1497769203, 2604
1497855604, 2531
1497942008, 2575
1498028402, 2696
1498114811, 2677
1498201205, 2698
1498287607, 2709
1498374012, 2599
1498460405, 2530
1498546803, 2436
1498633208, 2413
1498719608, 2547
1498806000, 2549
1498892404, 2499
1498978821, 2435
1499065210, 2476
1499151603, 2556
1499238005, 2582
1499324400, 2579
1499410800, 2584
1499497220, 2513
1499583616, 2530
1499670006, 2524
1499756400, 2383
1499842814, 2331
1499929218, 2371
1500015608, 2348
1500102014, 2205
1500188400, 2026
1500274805, 1921
1500361204, 2137
1500447617, 2314
1500534005, 2305
1500620400, 2651
1500706808, 2704
1500793209, 2806
1500879603, 2739
1500966006, 2746
1501052405, 2554
1501138801, 2494
1501225205, 2609
1501311619, 2755
1501398011, 2685
1501484404, 2695
1501570816, 2800
1501657216, 2722
1501743603, 2704
1501830001, 2762
1501916404, 2932
1502002805, 3223
1502089218, 3230
1502175603, 3370
1502262018, 3405
1502348400, 3314
1502434807, 3417
1502521202, 3567
1502607600, 3859
1502694018, 4023
1502780404, 4261
1502866800, 4052
1502953207, 4237
1503039608, 4327
1503126000, 4159
1503212401, 4017
1503298812, 4048
1503385201, 3912
1503471609, 3987
1503558002, 4148
1503644417, 4234
1503730804, 4355
1503817204, 4313
1503903600, 4298
1503990004, 4335
1504076403, 4531
1504162802, 4565
1504249201, 4707
1504335602, 4819
1504422001, 4619
1504508401, 4528
1504594801, 4248
1504681205, 4329
1504767603, 4550
1504854003, 4599
1504940404, 4344
1505026802, 4245
1505113203, 4179
1505199604, 4221
1505286003, 4155
1505372402, 3867
1505458801, 3461
1505545202, 3470
1505631601, 3646
1505718000, 3691
1505804402, 3993
1505890810, 3935
1505977203, 3932
1506063603, 3710
1506150003, 3603
1506236401, 3743
1506322803, 3711
1506409201, 3880
1506495602, 3918
1506582002, 4110
1506668400, 4146
1506754800, 4173
1506841203, 4298
1506927602, 4318
1507014005, 4383
1507100403, 4284
1507186814, 4210
1507273202, 4302
1507359609, 4368
1507446004, 4392
1507532404, 4543
1507618800, 4718
1507705203, 4796
1507791602, 4820
1507878000, 5350
1507964403, 5633
1508050803, 5710
1508137205, 5571
1508223602, 5680
1508310000, 5552
1508396403, 5383
1508482803, 5675
1508569203, 5932
1508655600, 6020
1508742003, 5883
1508828403, 5766
1508914803, 5593
1509001203, 5603
1509087600, 5882
1509174001, 5766
1509260401, 5722
1509346803, 6045
1509433204, 6125
1509519600, 6330
1509606003, 6645
1509692400, 7018
1509778802, 7269
1509865200, 7343
1509955203, 7388
1510041602, 7144
1510128002, 7169
1510214402, 7437
1510300807, 7193
1510387203, 6759
1510473600, 6239
1510560003, 6099
1510646401, 6532
1510732800, 6641
1510819200, 7174
1510905600, 7695
1510992005, 7734
1511078432, 7748
1511164800, 7899
1511251203, 8083
1511337609, 8177
1511424004, 8217
1511510402, 8109
1511596802, 8207
1511683203, 8617
1511769600, 9241
1511856003, 9602
1511942401, 10024
1512028803, 10356
1512115202, 9652
1512201602, 10543
1512288001, 10954
1512374402, 11335
1512460801, 11361
1512547200, 11844
1512633601, 13203
1512720000, 15417
1512806400, 15154
1512892802, 14086
1512979201, 14801
1513065601, 16426
1513152000, 16880
1513238401, 16349
1513324800, 16628
1513411201, 17534
1513497600, 18730
1513584000, 18978
1513670402, 18786
1513756803, 17470
1513843201, 16762
1513929600, 15078
1514016001, 13515
1514102402, 14810
1514188801, 13449
1514275200, 14338
1514361600, 15760
1514448003, 15045
1514534400, 14243
1514620801, 14082
1514707207, 12979
1514793600, 13494
1514880001, 13332
1514966405, 14447
1515052800, 14970
1515139211, 14766
1515225600, 16332
1515312007, 16696
1515398401, 16167
1515484801, 14968
1515571200, 14502
1515657614, 13917
1515744001, 13537
1515830412, 13870
1515916802, 14177
1516003204, 13492
1516089600, 13544
1516176004, 11513
1516262400, 10592
1516348802, 11565
1516435200, 11792
1516521600, 12556
1516608004, 11609
1516694403, 10735
1516780802, 10711
1516867201, 11271
1516953600, 11247
1517040003, 10836
1517126402, 11443
1517212801, 11594
1517299211, 11142
1517385600, 10203
1517472014, 10060
1517558402, 8998
1517644802, 8433
1517731208, 9139
