tx;2014-05-23T18:00:00.000Z;3231836.0122685186
tx;2014-05-25T04:00:00.000Z;3235910.418137255
tx;2014-05-26T14:00:00.000Z;3241935.551388888
tx;2014-05-28T00:00:00.000Z;3249521.5851143803
tx;2014-05-29T10:00:00.000Z;3256449.964869281
tx;2014-05-30T20:00:00.000Z;3264244.6923856204
tx;2014-06-01T06:00:00.000Z;3270278.5176470596
tx;2014-06-02T16:00:00.000Z;3276432.9825816997
tx;2014-06-04T02:00:00.000Z;3285518.2926143776
tx;2014-06-05T12:00:00.000Z;3291990.5999182994
tx;2014-06-06T22:00:00.000Z;3296250.833986928
tx;2014-06-08T08:00:00.000Z;3302825.7955392157
tx;2014-06-09T18:00:00.000Z;3300618.833006536
tx;2014-06-11T04:00:00.000Z;3295966.203758171
tx;2014-06-12T14:00:00.000Z;3296402.311862743
tx;2014-06-14T00:00:00.000Z;3301474.949346405
tx;2014-06-15T10:00:00.000Z;3305505.7596405214
tx;2014-06-16T20:00:00.000Z;3314079.2484477116
tx;2014-06-18T06:00:00.000Z;3325753.733496732
tx;2014-06-19T16:00:00.000Z;3329893.950408495
tx;2014-06-21T02:00:00.000Z;3337468.441388889
tx;2014-06-22T12:00:00.000Z;3345038.1322712437
tx;2014-06-23T22:00:00.000Z;3353629.3084967313
tx;2014-06-25T08:00:00.000Z;3359847.2495915038
tx;2014-06-26T18:00:00.000Z;3369921.7323529427
tx;2014-06-28T04:00:00.000Z;3376510.029035947
tx;2014-06-29T14:00:00.000Z;3382571.8910130714
tx;2014-07-01T00:00:00.000Z;3388549.666748366
tx;2014-07-02T10:00:00.000Z;3393510.814379084
tx;2014-07-03T20:00:00.000Z;3401641.444199346
tx;2014-07-05T06:00:00.000Z;3410590.461928104
tx;2014-07-06T16:00:00.000Z;3420149.2549836608
tx;2014-07-08T02:00:00.000Z;3429196.9463235294
tx;2014-07-09T12:00:00.000Z;3432662.071650328
tx;2014-07-10T22:00:00.000Z;3438637.9849673174
tx;2014-07-12T08:00:00.000Z;3446218.9504901967
tx;2014-07-13T18:00:00.000Z;3455318.0315359496
tx;2014-07-15T04:00:00.000Z;3466210.187630719
tx;2014-07-16T14:00:00.000Z;3474663.5233660117
tx;2014-07-18T00:00:00.000Z;3474681.01495098
tx;2014-07-19T10:00:00.000Z;3480525.474999999
tx;2014-07-20T20:00:00.000Z;3489348.956601306
tx;2014-07-22T06:00:00.000Z;3496543.2212418295
tx;2014-07-23T16:00:00.000Z;3506626.928186274
tx;2014-07-25T02:00:00.000Z;3512295.865065359
tx;2014-07-26T12:00:00.000Z;3521593.389215687
tx;2014-07-27T22:00:00.000Z;3526848.318790849
tx;2014-07-29T08:00:00.000Z;3535184.766911764
tx;2014-07-30T18:00:00.000Z;3540948.590522877
tx;2014-08-01T04:00:00.000Z;3546940.8295751605
tx;2014-08-02T14:00:00.000Z;3556430.1055555553
tx;2014-08-04T00:00:00.000Z;3557067.8537581717
tx;2014-08-05T10:00:00.000Z;3562980.064624182
tx;2014-08-06T20:00:00.000Z;3571266.532679738
tx;2014-08-08T06:00:00.000Z;3577933.6473856186
tx;2014-08-09T16:00:00.000Z;3589427.957761439
tx;2014-08-11T02:00:00.000Z;3597375.6943627438
tx;2014-08-12T12:00:00.000Z;3609475.3434640532
tx;2014-08-13T22:00:00.000Z;3619180.796977126
tx;2014-08-15T08:00:00.000Z;3619523.587418299
tx;2014-08-16T18:00:00.000Z;3625824.3676470607
tx;2014-08-18T04:00:00.000Z;3638198.632026145
tx;2014-08-19T14:00:00.000Z;3653039.190604574
tx;2014-08-21T00:00:00.000Z;3666537.630310456
tx;2014-08-22T10:00:00.000Z;3672404.9357026154
tx;2014-08-23T20:00:00.000Z;3682934.1765522873
tx;2014-08-25T06:00:00.000Z;3692589.7362254886
tx;2014-08-26T16:00:00.000Z;3702697.6893790863
tx;2014-08-28T02:00:00.000Z;3708959.398611113
tx;2014-08-29T12:00:00.000Z;3719262.990147058
tx;2014-08-30T22:00:00.000Z;3729774.0064542475
tx;2014-09-01T08:00:00.000Z;3740061.424754901
tx;2014-09-02T18:00:00.000Z;3748589.812696081
tx;2014-09-04T04:00:00.000Z;3759143.682761439
tx;2014-09-05T14:00:00.000Z;3766257.996960785
tx;2014-09-07T00:00:00.000Z;3775805.124297385
tx;2014-09-08T10:00:00.000Z;3788925.8900326774
tx;2014-09-09T20:00:00.000Z;3734867.7937908485
tx;2014-09-11T06:00:00.000Z;3735774.8767156852
tx;2014-09-12T16:00:00.000Z;3749622.5646241833
tx;2014-09-14T02:00:00.000Z;3763989.8709150325
tx;2014-09-15T12:00:00.000Z;3766938.222303921
tx;2014-09-16T22:00:00.000Z;3781018.662091503
tx;2014-09-18T08:00:00.000Z;3794987.164624185
tx;2014-09-19T18:00:00.000Z;3805093.082549019
tx;2014-09-21T04:00:00.000Z;3816186.1614542487
tx;2014-09-22T14:00:00.000Z;3823589.350408499
tx;2014-09-24T00:00:00.000Z;3828428.054575163
tx;2014-09-25T10:00:00.000Z;3836578.387336603
tx;2014-09-26T20:00:00.000Z;3846321.182761436
tx;2014-09-28T06:00:00.000Z;3853260.7590686274
tx;2014-09-29T16:00:00.000Z;3858295.75274707
tx;2014-10-01T02:00:00.000Z;3869691.1242296905
tx;2014-10-02T12:00:00.000Z;3881350.4136437895
tx;2014-10-03T22:00:00.000Z;3887575.8162541236
tx;2014-10-05T08:00:00.000Z;3892758.0821895413
tx;2014-10-06T18:00:00.000Z;3901177.421732025
tx;2014-10-08T04:00:00.000Z;3912500.630555559
tx;2014-10-09T14:00:00.000Z;3927741.743300653
tx;2014-10-11T00:00:00.000Z;3939074.4283496756
tx;2014-10-12T10:00:00.000Z;3939971.010212417
tx;2014-10-13T20:00:00.000Z;3942157.6537581705
tx;2014-10-15T06:00:00.000Z;3946655.938349673
tx;2014-10-16T16:00:00.000Z;3957632.1325980388
tx;2014-10-18T02:00:00.000Z;3967937.412990198
tx;2014-10-19T12:00:00.000Z;3977858.3406045754
tx;2014-10-20T22:00:00.000Z;3981751.9450163404
tx;2014-10-22T08:00:00.000Z;3985838.4195261435
tx;2014-10-23T18:00:00.000Z;3993273.234640522
tx;2014-10-25T04:00:00.000Z;4007393.709068628
tx;2014-10-26T14:00:00.000Z;4018199.4865196054
tx;2014-10-28T00:00:00.000Z;4032061.626307189
tx;2014-10-29T10:00:00.000Z;4050669.3382352907
tx;2014-10-30T20:00:00.000Z;4066720.1987745105
tx;2014-11-01T06:00:00.000Z;4075338.5601307214
tx;2014-11-02T16:00:00.000Z;4083557.572712417
tx;2014-11-04T02:00:00.000Z;4091919.9288398693
tx;2014-11-05T12:00:00.000Z;4101141.3677287586
tx;2014-11-06T22:00:00.000Z;4087824.5752450987
tx;2014-11-08T08:00:00.000Z;4082198.524673203
tx;2014-11-09T18:00:00.000Z;4092950.44632353
tx;2014-11-11T04:00:00.000Z;4102069.8375816983
tx;2014-11-12T14:00:00.000Z;4108400.2720588255
tx;2014-11-14T00:00:00.000Z;4117304.124346407
tx;2014-11-15T10:00:00.000Z;4131408.3597222203
tx;2014-11-16T20:00:00.000Z;4139179.2459967327
tx;2014-11-18T06:00:00.000Z;4149572.9402777767
tx;2014-11-19T16:00:00.000Z;4161846.9797385614
tx;2014-11-21T02:00:00.000Z;4174591.312254903
tx;2014-11-22T12:00:00.000Z;4184400.583986929
tx;2014-11-23T22:00:00.000Z;4197023.397794119
tx;2014-11-25T08:00:00.000Z;4204378.432679739
tx;2014-11-26T18:00:00.000Z;4220084.910866015
tx;2014-11-28T04:00:00.000Z;4228718.153349673
tx;2014-11-29T14:00:00.000Z;4240494.145833333
tx;2014-12-01T00:00:00.000Z;4251571.491094771
tx;2014-12-02T10:00:00.000Z;4261303.923839869
tx;2014-12-03T20:00:00.000Z;4270201.729232025
tx;2014-12-05T06:00:00.000Z;4283946.758169933
tx;2014-12-06T16:00:00.000Z;4297650.864052288
tx;2014-12-08T02:00:00.000Z;4305053.7867647065
tx;2014-12-09T12:00:00.000Z;4314242.858006535
tx;2014-12-10T22:00:00.000Z;4322421.170915034
tx;2014-12-12T08:00:00.000Z;4332932.635375817
tx;2014-12-13T18:00:00.000Z;4345114.583905228
tx;2014-12-15T04:00:00.000Z;4354256.60269608
tx;2014-12-16T14:00:00.000Z;4365694.249264709
tx;2014-12-18T00:00:00.000Z;4371989.878921569
tx;2014-12-19T10:00:00.000Z;4382978.779983662
tx;2014-12-20T20:00:00.000Z;4394616.634640522
tx;2014-12-22T06:00:00.000Z;4391487.585620915
tx;2014-12-23T16:00:00.000Z;4386227.418790852
tx;2014-12-25T02:00:00.000Z;4392737.851552286
tx;2014-12-26T12:00:00.000Z;4403049.22132353
tx;2014-12-27T22:00:00.000Z;4412867.407352941
tx;2014-12-29T08:00:00.000Z;4416716.807434641
tx;2014-12-30T18:00:00.000Z;4424207.4474673215
tx;2015-01-01T04:00:00.000Z;4433662.488725488
tx;2015-01-02T14:00:00.000Z;4445189.731013071
tx;2015-01-04T00:00:00.000Z;4454792.944771243
tx;2015-01-05T10:00:00.000Z;4466865.676143789
tx;2015-01-06T20:00:00.000Z;4477906.931454249
tx;2015-01-08T06:00:00.000Z;4496734.392075163
tx;2015-01-09T16:00:00.000Z;4516296.266748368
tx;2015-01-11T02:00:00.000Z;4540976.744281046
tx;2015-01-12T12:00:00.000Z;4551088.155620914
tx;2015-01-13T22:00:00.000Z;4552699.4855392175
tx;2015-01-15T08:00:00.000Z;4567671.879084967
tx;2015-01-16T18:00:00.000Z;4587071.745424835
tx;2015-01-18T04:00:00.000Z;4601802.606258172
tx;2015-01-19T14:00:00.000Z;4610287.202124185
tx;2015-01-21T00:00:00.000Z;4614778
tx;2015-01-22T10:00:00.000Z;4618500.85122549
tx;2015-01-23T20:00:00.000Z;4636611.613807189
tx;2015-01-25T06:00:00.000Z;4640717.819771242
tx;2015-01-26T16:00:00.000Z;4643542.418627449
tx;2015-01-28T02:00:00.000Z;4653732.043382355
tx;2015-01-29T12:00:00.000Z;4665144.883333336
tx;2015-01-30T22:00:00.000Z;4678088.5285947705
tx;2015-02-01T08:00:00.000Z;4689554.553921567
tx;2015-02-02T18:00:00.000Z;4698302.988480393
tx;2015-02-04T04:00:00.000Z;4714024.585049018
tx;2015-02-05T14:00:00.000Z;4721967.798366014
tx;2015-02-07T00:00:00.000Z;4731646.122875817
tx;2015-02-08T10:00:00.000Z;4746296.363284315
tx;2015-02-09T20:00:00.000Z;4756560.21519608
tx;2015-02-11T06:00:00.000Z;4759839.470261437
tx;2015-02-12T16:00:00.000Z;4778460.694934639
tx;2015-02-14T02:00:00.000Z;4794088.763039215
tx;2015-02-15T12:00:00.000Z;4798290.601879087
tx;2015-02-16T22:00:00.000Z;4816901.406372546
tx;2015-02-18T08:00:00.000Z;4836554.466421571
tx;2015-02-19T18:00:00.000Z;4852393.2915032655
tx;2015-02-21T04:00:00.000Z;4866197.69232026
tx;2015-02-22T14:00:00.000Z;4884961.518627452
tx;2015-02-24T00:00:00.000Z;4905155.228676472
tx;2015-02-25T10:00:00.000Z;4923409.719199347
tx;2015-02-26T20:00:00.000Z;4936129.994444443
tx;2015-02-28T06:00:00.000Z;4940841.040359477
tx;2015-03-01T16:00:00.000Z;4945377.673284316
tx;2015-03-03T02:00:00.000Z;4942005.963235294
tx;2015-03-04T12:00:00.000Z;4948813.210212418
tx;2015-03-05T22:00:00.000Z;4950658.245669934
tx;2015-03-07T08:00:00.000Z;4961665.906405229
tx;2015-03-08T18:00:00.000Z;4971782.205718957
tx;2015-03-10T04:00:00.000Z;4968185.855147059
tx;2015-03-11T14:00:00.000Z;4982560.456781046
tx;2015-03-13T00:00:00.000Z;4992163.620833332
tx;2015-03-14T10:00:00.000Z;5005941.190931373
tx;2015-03-15T20:00:00.000Z;5023386.706732349
tx;2015-03-17T06:00:00.000Z;5044683.373856211
tx;2015-03-18T16:00:00.000Z;5039441.821405226
tx;2015-03-20T02:00:00.000Z;5038243.644183006
tx;2015-03-21T12:00:00.000Z;5051041.628104573
tx;2015-03-22T22:00:00.000Z;5067155.77851307
tx;2015-03-24T08:00:00.000Z;5080331.03872549
tx;2015-03-25T18:00:00.000Z;5098531.387124182
tx;2015-03-27T04:00:00.000Z;5114957.515114378
tx;2015-03-28T14:00:00.000Z;5135545.325653596
tx;2015-03-30T00:00:00.000Z;5149116.939705881
tx;2015-03-31T10:00:00.000Z;5162520.966666665
tx;2015-04-01T20:00:00.000Z;5184607.188562091
tx;2015-04-03T06:00:00.000Z;5203075.007026143
tx;2015-04-04T16:00:00.000Z;5217811.7850490175
tx;2015-04-06T02:00:00.000Z;5231941.892889223
tx;2015-04-07T12:00:00.000Z;5237961.233007446
tx;2015-04-08T22:00:00.000Z;5256634.270588233
tx;2015-04-10T08:00:00.000Z;5279785.57998366
tx;2015-04-11T18:00:00.000Z;5306594.79003268
tx;2015-04-13T04:00:00.000Z;5324908.395833331
tx;2015-04-14T14:00:00.000Z;5331921.226143792
tx;2015-04-16T00:00:00.000Z;5349141.011519606
tx;2015-04-17T10:00:00.000Z;5368499.853676471
tx;2015-04-18T20:00:00.000Z;5388595.600735295
tx;2015-04-20T06:00:00.000Z;5409093.784395426
tx;2015-04-21T16:00:00.000Z;5423927.179166667
tx;2015-04-23T02:00:00.000Z;5436763.179493461
tx;2015-04-24T12:00:00.000Z;5435974.390032681
tx;2015-04-25T22:00:00.000Z;5457234.89387255
tx;2015-04-27T08:00:00.000Z;5477458.545424837
tx;2015-04-28T18:00:00.000Z;5493403.056045748
tx;2015-04-30T04:00:00.000Z;5505616.223872553
tx;2015-05-01T14:00:00.000Z;5525199.266993462
tx;2015-05-03T00:00:00.000Z;5544512.244362747
tx;2015-05-04T10:00:00.000Z;5561427.10727124
tx;2015-05-05T20:00:00.000Z;5580612.705604576
tx;2015-05-07T06:00:00.000Z;5598081.247875817
tx;2015-05-08T16:00:00.000Z;5621036.352042486
tx;2015-05-10T02:00:00.000Z;5633724.6275326805
tx;2015-05-11T12:00:00.000Z;5636895.264215686
tx;2015-05-12T22:00:00.000Z;5650990.393513071
tx;2015-05-14T08:00:00.000Z;5667496.512009803
tx;2015-05-15T18:00:00.000Z;5689595.7101307195
tx;2015-05-17T04:00:00.000Z;5702544.817892158
tx;2015-05-18T14:00:00.000Z;5712523.348039218
tx;2015-05-20T00:00:00.000Z;5721061.192140524
tx;2015-05-21T10:00:00.000Z;5741637.798366013
tx;2015-05-22T20:00:00.000Z;5755716.319117646
tx;2015-05-24T06:00:00.000Z;5768600.954983661
tx;2015-05-25T16:00:00.000Z;5783091.962336603
tx;2015-05-27T02:00:00.000Z;5791851.7489379095
tx;2015-05-28T12:00:00.000Z;5809483.744885621
tx;2015-05-29T22:00:00.000Z;5843028.815849672
tx;2015-05-31T08:00:00.000Z;5864021.029901963
tx;2015-06-01T18:00:00.000Z;5876198.929575164
tx;2015-06-03T04:00:00.000Z;5882886.484803919
tx;2015-06-04T14:00:00.000Z;5899436.25204248
tx;2015-06-06T00:00:00.000Z;5922786.853758169
tx;2015-06-07T10:00:00.000Z;5933591.203022874
tx;2015-06-08T20:00:00.000Z;5938399.920016343
tx;2015-06-10T06:00:00.000Z;5919064.8018790865
tx;2015-06-11T16:00:00.000Z;5934083.573937908
tx;2015-06-13T02:00:00.000Z;5939774.813741829
tx;2015-06-14T12:00:00.000Z;5947681.38915033
tx;2015-06-15T22:00:00.000Z;5965181.636683005
tx;2015-06-17T08:00:00.000Z;5973280.215114379
tx;2015-06-18T18:00:00.000Z;5980436.084133987
tx;2015-06-20T04:00:00.000Z;5993759.225980395
tx;2015-06-21T14:00:00.000Z;5997930.916911767
tx;2015-06-23T00:00:00.000Z;5998662.017156859
tx;2015-06-24T10:00:00.000Z;6021118.009068627
tx;2015-06-25T20:00:00.000Z;6035461.959640522
tx;2015-06-27T06:00:00.000Z;6055931.291911763
tx;2015-06-28T16:00:00.000Z;6063175.436519608
tx;2015-06-30T02:00:00.000Z;6092392.281045753
tx;2015-07-01T12:00:00.000Z;6126205.705964055
tx;2015-07-02T22:00:00.000Z;6144460.532434642
tx;2015-07-04T08:00:00.000Z;6153160.818137255
tx;2015-07-05T18:00:00.000Z;6173519.283905228
tx;2015-07-07T04:00:00.000Z;6279678.915931375
tx;2015-07-08T14:00:00.000Z;6388782.1535947705
tx;2015-07-10T00:00:00.000Z;6474426.181781046
tx;2015-07-11T10:00:00.000Z;6615438.250898695
tx;2015-07-12T20:00:00.000Z;6752631.839787578
tx;2015-07-14T06:00:00.000Z;6786892.9333333345
tx;2015-07-15T16:00:00.000Z;6790499.465359475
tx;2015-07-17T02:00:00.000Z;6806183.676797393
tx;2015-07-18T12:00:00.000Z;6844801.267565361
tx;2015-07-19T22:00:00.000Z;6792020.371813727
tx;2015-07-21T08:00:00.000Z;6797704.123774509
tx;2015-07-22T18:00:00.000Z;6799141.5250817025
tx;2015-07-24T04:00:00.000Z;6808074.738398694
tx;2015-07-25T14:00:00.000Z;6815758.0563725475
tx;2015-07-27T00:00:00.000Z;6827747.235620919
tx;2015-07-28T10:00:00.000Z;6846472.9706699345
tx;2015-07-29T20:00:00.000Z;6888905.713888891
tx;2015-07-31T06:00:00.000Z;6861600.124509806
tx;2015-08-01T16:00:00.000Z;6747259.435212416
tx;2015-08-03T02:00:00.000Z;6772877.278676472
tx;2015-08-04T12:00:00.000Z;6809443.467238563
tx;2015-08-05T22:00:00.000Z;6842575.4214869235
tx;2015-08-07T08:00:00.000Z;6863736.334722224
tx;2015-08-08T18:00:00.000Z;6873206.567156862
tx;2015-08-10T04:00:00.000Z;6864761.327385617
tx;2015-08-11T14:00:00.000Z;6863229.1116830055
tx;2015-08-13T00:00:00.000Z;6874628.71544118
tx;2015-08-14T10:00:00.000Z;6886699.220506536
tx;2015-08-15T20:00:00.000Z;6896520.575702613
tx;2015-08-17T06:00:00.000Z;6908549.581944448
tx;2015-08-18T16:00:00.000Z;6911141.252124182
tx;2015-08-20T02:00:00.000Z;6920657.343218953
tx;2015-08-21T12:00:00.000Z;6941741.650735295
tx;2015-08-22T22:00:00.000Z;6957903.366666666
tx;2015-08-24T08:00:00.000Z;6964295.9120098045
tx;2015-08-25T18:00:00.000Z;6982883.986846405
tx;2015-08-27T04:00:00.000Z;7004556.769117644
tx;2015-08-28T14:00:00.000Z;7024226.393627455
tx;2015-08-30T00:00:00.000Z;7040309.736846407
tx;2015-08-31T10:00:00.000Z;7044650.809313725
tx;2015-09-01T20:00:00.000Z;7072134.801552284
tx;2015-09-03T06:00:00.000Z;7104215.872467321
tx;2015-09-04T16:00:00.000Z;7121912.460784313
tx;2015-09-06T02:00:00.000Z;7139131.287418296
tx;2015-09-07T12:00:00.000Z;7143396.736683006
tx;2015-09-08T22:00:00.000Z;7160207.299999997
tx;2015-09-10T08:00:00.000Z;7182365.7004085
tx;2015-09-11T18:00:00.000Z;7250453.731454248
tx;2015-09-13T04:00:00.000Z;7300726.001633989
tx;2015-09-14T14:00:00.000Z;7324950.844771243
tx;2015-09-16T00:00:00.000Z;7342490.421160131
tx;2015-09-17T10:00:00.000Z;7339472.643218953
tx;2015-09-18T20:00:00.000Z;7331720.962009804
tx;2015-09-20T06:00:00.000Z;7352391.550245098
tx;2015-09-21T16:00:00.000Z;7318171.846650327
tx;2015-09-23T02:00:00.000Z;7301308.453660127
tx;2015-09-24T12:00:00.000Z;7295429.714705879
tx;2015-09-25T22:00:00.000Z;7294397.516013073
tx;2015-09-27T08:00:00.000Z;7285567.93635621
tx;2015-09-28T18:00:00.000Z;7285747.908578431
tx;2015-09-30T04:00:00.000Z;7266853.924836608
tx;2015-10-01T14:00:00.000Z;7285998.60882353
tx;2015-10-03T00:00:00.000Z;7300674.3303104555
tx;2015-10-04T10:00:00.000Z;7316196.826552286
tx;2015-10-05T20:00:00.000Z;7323900.425245102
tx;2015-10-07T06:00:00.000Z;7324089.511192808
tx;2015-10-08T16:00:00.000Z;7335862.475980392
tx;2015-10-10T02:00:00.000Z;7353592.380653596
tx;2015-10-11T12:00:00.000Z;7365867.706454249
tx;2015-10-12T22:00:00.000Z;7371635.974183005
tx;2015-10-14T08:00:00.000Z;7382015.888807188
tx;2015-10-15T18:00:00.000Z;7392093.853513068
tx;2015-10-17T04:00:00.000Z;7391197.208986928
tx;2015-10-18T14:00:00.000Z;7400039.505800654
tx;2015-10-20T00:00:00.000Z;7389421.797549018
tx;2015-10-21T10:00:00.000Z;7389380.931749997
tx;2015-10-22T20:00:00.000Z;7400115.92263072
tx;2015-10-24T06:00:00.000Z;7399851.772385624
tx;2015-10-25T16:00:00.000Z;7399166.9433660135
tx;2015-10-27T02:00:00.000Z;7368026.113071897
tx;2015-10-28T12:00:00.000Z;7380742.378251635
tx;2015-10-29T22:00:00.000Z;7366478.796552284
tx;2015-10-31T08:00:00.000Z;7395960.309885621
tx;2015-11-01T18:00:00.000Z;7407673.722222223
tx;2015-11-03T04:00:00.000Z;7410577.825408496
tx;2015-11-04T14:00:00.000Z;7409613.366830068
tx;2015-11-06T00:00:00.000Z;7414414.807483659
tx;2015-11-07T10:00:00.000Z;7426532.713888888
tx;2015-11-08T20:00:00.000Z;7432938.980228764
tx;2015-11-10T06:00:00.000Z;7440976.91021242
tx;2015-11-11T16:00:00.000Z;7452293.514133986
tx;2015-11-13T02:00:00.000Z;7488732.436764708
tx;2015-11-14T12:00:00.000Z;7524679.779656863
tx;2015-11-15T22:00:00.000Z;7548403.858921564
tx;2015-11-17T08:00:00.000Z;7555224.605228758
tx;2015-11-18T18:00:00.000Z;7578007.044526143
tx;2015-11-20T04:00:00.000Z;7610311.682271242
tx;2015-11-21T14:00:00.000Z;7643286.182581701
tx;2015-11-23T00:00:00.000Z;7624936.653022878
tx;2015-11-24T10:00:00.000Z;7643813.909640524
tx;2015-11-25T20:00:00.000Z;7660598.019117643
tx;2015-11-27T06:00:00.000Z;7666080.449509809
tx;2015-11-28T16:00:00.000Z;7691174.75490196
tx;2015-11-30T02:00:00.000Z;7706240.53464052
tx;2015-12-01T12:00:00.000Z;7726347.264297389
tx;2015-12-02T22:00:00.000Z;7737646.296192805
tx;2015-12-04T08:00:00.000Z;7739684.298856214
tx;2015-12-05T18:00:00.000Z;7758799.339052286
tx;2015-12-07T04:00:00.000Z;7779024.721029418
tx;2015-12-08T14:00:00.000Z;7790048.173039217
tx;2015-12-10T00:00:00.000Z;7829979.376470585
tx;2015-12-11T10:00:00.000Z;7867515.1988562085
tx;2015-12-12T20:00:00.000Z;7881720.790196081
tx;2015-12-14T06:00:00.000Z;7909520.912581699
tx;2015-12-15T16:00:00.000Z;7938380.230392157
tx;2015-12-17T02:00:00.000Z;7972331.100114379
tx;2015-12-18T12:00:00.000Z;8016158.1928921575
tx;2015-12-19T22:00:00.000Z;8064113.412418302
tx;2015-12-21T08:00:00.000Z;8113986.9856209215
tx;2015-12-22T18:00:00.000Z;8143633.227777779
tx;2015-12-24T04:00:00.000Z;8195202.419362747
tx;2015-12-25T14:00:00.000Z;8247642.959803921
tx;2015-12-27T00:00:00.000Z;8274139.141339874
tx;2015-12-28T10:00:00.000Z;8273086.174428105
tx;2015-12-29T20:00:00.000Z;8277363.786356208
tx;2015-12-31T06:00:00.000Z;8299645.503186273
tx;2016-01-01T16:00:00.000Z;8316573.008905231
tx;2016-01-03T02:00:00.000Z;8326973.954248365
tx;2016-01-04T12:00:00.000Z;8352292.465196082
tx;2016-01-05T22:00:00.000Z;8365899.096323526
tx;2016-01-07T08:00:00.000Z;8372378.415931372
tx;2016-01-08T18:00:00.000Z;8393480.498692812
tx;2016-01-10T04:00:00.000Z;8421362.433006536
tx;2016-01-11T14:00:00.000Z;8426246.744117647
tx;2016-01-13T00:00:00.000Z;8451374.040277783
tx;2016-01-14T10:00:00.000Z;8473034.485947711
tx;2016-01-15T20:00:00.000Z;8492291.298039213
tx;2016-01-17T06:00:00.000Z;8524342.927042488
tx;2016-01-18T16:00:00.000Z;8553142.273120916
tx;2016-01-20T02:00:00.000Z;8462095.546241827
tx;2016-01-21T12:00:00.000Z;8469484.631045757
tx;2016-01-22T22:00:00.000Z;8495918.442565357
tx;2016-01-24T08:00:00.000Z;8531095.508986928
tx;2016-01-25T18:00:00.000Z;8561423.864526147
tx;2016-01-27T04:00:00.000Z;8579423.621486926
tx;2016-01-28T14:00:00.000Z;8586659.169934645
tx;2016-01-30T00:00:00.000Z;8581781.726715686
tx;2016-01-31T10:00:00.000Z;8578936.678839872
tx;2016-02-01T20:00:00.000Z;8487730.554820256
tx;2016-02-03T06:00:00.000Z;8381365.19897059
tx;2016-02-04T16:00:00.000Z;8402112.50073529
tx;2016-02-06T02:00:00.000Z;8454044.883006537
tx;2016-02-07T12:00:00.000Z;8525799.35986928
tx;2016-02-08T22:00:00.000Z;8582893.126879081
tx;2016-02-10T08:00:00.000Z;8613687.311437907
tx;2016-02-11T18:00:00.000Z;8624604.581846409
tx;2016-02-13T04:00:00.000Z;8654934.539460782
tx;2016-02-14T14:00:00.000Z;8690465.621323531
tx;2016-02-16T00:00:00.000Z;8732937.79395425
tx;2016-02-17T10:00:00.000Z;8761291.0751634
tx;2016-02-18T20:00:00.000Z;8793027.074019605
tx;2016-02-20T06:00:00.000Z;8834521.339624183
tx;2016-02-21T16:00:00.000Z;8875458.93503268
tx;2016-02-23T02:00:00.000Z;8925999.473937906
tx;2016-02-24T12:00:00.000Z;8955832.692892158
tx;2016-02-25T22:00:00.000Z;8954078.701143794
tx;2016-02-27T08:00:00.000Z;8977895.106535945
tx;2016-02-28T18:00:00.000Z;9040718.424673202
tx;2016-03-01T04:00:00.000Z;9098086.132189544
tx;2016-03-02T14:00:00.000Z;9104132.423398694
tx;2016-03-04T00:00:00.000Z;9045851.89232026
tx;2016-03-05T10:00:00.000Z;9031797.556781046
tx;2016-03-06T20:00:00.000Z;9034274.776715687
tx;2016-03-08T06:00:00.000Z;9049837.901781049
tx;2016-03-09T16:00:00.000Z;8991467.08617648
tx;2016-03-11T02:00:00.000Z;9017672.999999998
tx;2016-03-12T12:00:00.000Z;9043696.640114378
tx;2016-03-13T22:00:00.000Z;9055240.768627446
tx;2016-03-15T08:00:00.000Z;9079465.630228758
tx;2016-03-16T18:00:00.000Z;9124250.103758167
tx;2016-03-18T04:00:00.000Z;9173359.989330066
tx;2016-03-19T14:00:00.000Z;9230873.245996734
tx;2016-03-21T00:00:00.000Z;9265278.140931373
tx;2016-03-22T10:00:00.000Z;9307873.312418303
tx;2016-03-23T20:00:00.000Z;9340865.646650326
tx;2016-03-25T06:00:00.000Z;9366049.679493457
tx;2016-03-26T16:00:00.000Z;9345565.432271244
tx;2016-03-28T02:00:00.000Z;9325534.091176476
tx;2016-03-29T12:00:00.000Z;9185840.2625817
tx;2016-03-30T22:00:00.000Z;9171126.025980392
tx;2016-04-01T08:00:00.000Z;9166797.130784318
tx;2016-04-02T18:00:00.000Z;9131203.870424837
tx;2016-04-04T04:00:00.000Z;9142967.589379087
tx;2016-04-05T14:00:00.000Z;9161194.19751634
tx;2016-04-07T00:00:00.000Z;9209137.004084963
tx;2016-04-08T10:00:00.000Z;9268816.967058824
tx;2016-04-09T20:00:00.000Z;9316522.197058825
tx;2016-04-11T06:00:00.000Z;9355582.282516338
tx;2016-04-12T16:00:00.000Z;9385119.647957515
tx;2016-04-14T02:00:00.000Z;9434193.282026146
tx;2016-04-15T12:00:00.000Z;9474097.098970588
tx;2016-04-16T22:00:00.000Z;9490853.409950979
tx;2016-04-18T08:00:00.000Z;9525808.373937909
tx;2016-04-19T18:00:00.000Z;9571679.329493461
tx;2016-04-21T04:00:00.000Z;9603227.51617647
tx;2016-04-22T14:00:00.000Z;9636172.487908494
tx;2016-04-24T00:00:00.000Z;9676928.019934637
tx;2016-04-25T10:00:00.000Z;9717993.549591502
tx;2016-04-26T20:00:00.000Z;9776287.956781046
tx;2016-04-28T06:00:00.000Z;9836866.013807183
tx;2016-04-29T16:00:00.000Z;9909538.793545749
tx;2016-05-01T02:00:00.000Z;9963398.462990193
tx;2016-05-02T12:00:00.000Z;9988235.727173202
tx;2016-05-03T22:00:00.000Z;10016179.232271243
tx;2016-05-05T08:00:00.000Z;10062112.499199348
tx;2016-05-06T18:00:00.000Z;10109016.203349672
tx;2016-05-08T04:00:00.000Z;10152549.20334967
tx;2016-05-09T14:00:00.000Z;10202667.244689543
tx;2016-05-11T00:00:00.000Z;10263830.071732022
tx;2016-05-12T10:00:00.000Z;10326779.477042483
tx;2016-05-13T20:00:00.000Z;10353186.577336606
tx;2016-05-15T06:00:00.000Z;10365851.360049019
tx;2016-05-16T16:00:00.000Z;10407728.583088236
tx;2016-05-18T02:00:00.000Z;10459430.461029412
tx;2016-05-19T12:00:00.000Z;10494941.233562088
tx;2016-05-20T22:00:00.000Z;10501005.77746732
tx;2016-05-22T08:00:00.000Z;10481294.517892158
tx;2016-05-23T18:00:00.000Z;10510726.680800656
tx;2016-05-25T04:00:00.000Z;10565597.839869278
tx;2016-05-26T14:00:00.000Z;10584991.090196077
tx;2016-05-28T00:00:00.000Z;10545256.501552287
tx;2016-05-29T10:00:00.000Z;10538504.672957523
tx;2016-05-30T20:00:00.000Z;10535264.245506534
tx;2016-06-01T06:00:00.000Z;10581046.443545751
tx;2016-06-02T16:00:00.000Z;10645297.967156863
tx;2016-06-04T02:00:00.000Z;10694100.798692806
tx;2016-06-05T12:00:00.000Z;10735731.986192813
tx;2016-06-06T22:00:00.000Z;10783123.048692811
tx;2016-06-08T08:00:00.000Z;10854308.403022876
tx;2016-06-09T18:00:00.000Z;10923884.65490196
tx;2016-06-11T04:00:00.000Z;10988853.0347549
tx;2016-06-12T14:00:00.000Z;11004324.731732028
tx;2016-06-14T00:00:00.000Z;11011108.054656861
tx;2016-06-15T10:00:00.000Z;11034844.30825163
tx;2016-06-16T20:00:00.000Z;11071915.71026144
tx;2016-06-18T06:00:00.000Z;11105319.867401958
tx;2016-06-19T16:00:00.000Z;11131886.932434639
tx;2016-06-21T02:00:00.000Z;11167681.38586601
tx;2016-06-22T12:00:00.000Z;11182419.986356206
tx;2016-06-23T22:00:00.000Z;11218585.313316993
tx;2016-06-25T08:00:00.000Z;11219008.764052296
tx;2016-06-26T18:00:00.000Z;11217610.536601305
tx;2016-06-28T04:00:00.000Z;11250498.85923203
tx;2016-06-29T14:00:00.000Z;11287316.953267979
tx;2016-07-01T00:00:00.000Z;11304750.4866013
tx;2016-07-02T10:00:00.000Z;11335703.306535942
tx;2016-07-03T20:00:00.000Z;11383009.802614385
tx;2016-07-05T06:00:00.000Z;11410467.998104572
tx;2016-07-06T16:00:00.000Z;11447103.172303922
tx;2016-07-08T02:00:00.000Z;11480655.458741829
tx;2016-07-09T12:00:00.000Z;11525879.141911766
tx;2016-07-10T22:00:00.000Z;11566330.527124176
tx;2016-07-12T08:00:00.000Z;11614845.983300652
tx;2016-07-13T18:00:00.000Z;11648991.287254902
tx;2016-07-15T04:00:00.000Z;11691525.391748372
tx;2016-07-16T14:00:00.000Z;11699712.954738563
tx;2016-07-18T00:00:00.000Z;11693567.355637254
tx;2016-07-19T10:00:00.000Z;11734882.22720588
tx;2016-07-20T20:00:00.000Z;11743745.168758165
tx;2016-07-22T06:00:00.000Z;11786473.787826795
tx;2016-07-23T16:00:00.000Z;11818084.588423649
tx;2016-07-25T02:00:00.000Z;11862709.089074073
tx;2016-07-26T12:00:00.000Z;11897528.825245105
tx;2016-07-27T22:00:00.000Z;11926715.421045747
tx;2016-07-29T08:00:00.000Z;11960008.711764704
tx;2016-07-30T18:00:00.000Z;11961327.03686274
tx;2016-08-01T04:00:00.000Z;11942090.180228759
tx;2016-08-02T14:00:00.000Z;11957912.984640528
tx;2016-08-04T00:00:00.000Z;11993461.661437912
tx;2016-08-05T10:00:00.000Z;12045976.511519613
tx;2016-08-06T20:00:00.000Z;12071557.765032677
tx;2016-08-08T06:00:00.000Z;12090637.000800649
tx;2016-08-09T16:00:00.000Z;12143146.129003268
tx;2016-08-11T02:00:00.000Z;12206259.358970586
tx;2016-08-12T12:00:00.000Z;12268290.78978758
tx;2016-08-13T22:00:00.000Z;12321915.282189537
tx;2016-08-15T08:00:00.000Z;12333444.61535948
tx;2016-08-16T18:00:00.000Z;12364064.182679739
tx;2016-08-18T04:00:00.000Z;12396452.02900327
tx;2016-08-19T14:00:00.000Z;12434783.30980392
tx;2016-08-21T00:00:00.000Z;12445331.260457521
tx;2016-08-22T10:00:00.000Z;12455476.361437911
tx;2016-08-23T20:00:00.000Z;12484806.005800653
tx;2016-08-25T06:00:00.000Z;12530005.81086601
tx;2016-08-26T16:00:00.000Z;12569941.420424843
tx;2016-08-28T02:00:00.000Z;12604906.529003268
tx;2016-08-29T12:00:00.000Z;12623280.193382353
tx;2016-08-30T22:00:00.000Z;12647500.511764707
tx;2016-09-01T08:00:00.000Z;12687050.199591506
tx;2016-09-02T18:00:00.000Z;12719433.868218953
tx;2016-09-04T04:00:00.000Z;12736571.839869285
tx;2016-09-05T14:00:00.000Z;12753727.320751633
tx;2016-09-07T00:00:00.000Z;12789219.753594771
tx;2016-09-08T10:00:00.000Z;12821008.363398695
tx;2016-09-09T20:00:00.000Z;12844225.563970584
tx;2016-09-11T06:00:00.000Z;12887902.497058826
tx;2016-09-12T16:00:00.000Z;12925140.256045755
tx;2016-09-14T02:00:00.000Z;12967495.968055552
tx;2016-09-15T12:00:00.000Z;13021360.823905224
tx;2016-09-16T22:00:00.000Z;13021841.005882354
tx;2016-09-18T08:00:00.000Z;13045489.270506544
tx;2016-09-19T18:00:00.000Z;13077399.268382356
tx;2016-09-21T04:00:00.000Z;13135856.391258169
tx;2016-09-22T14:00:00.000Z;13193585.839133985
tx;2016-09-24T00:00:00.000Z;13249620.56388888
tx;2016-09-25T10:00:00.000Z;13296645.708578425
tx;2016-09-26T20:00:00.000Z;13327973.985049028
tx;2016-09-28T06:00:00.000Z;13353486.751388896
tx;2016-09-29T16:00:00.000Z;13395919.060212417
tx;2016-10-01T02:00:00.000Z;13447073.772303924
tx;2016-10-02T12:00:00.000Z;13486640.371078426
tx;2016-10-03T22:00:00.000Z;13519470.068055553
tx;2016-10-05T08:00:00.000Z;13576683.002875816
tx;2016-10-06T18:00:00.000Z;13639142.843300657
tx;2016-10-08T04:00:00.000Z;13716695.619771242
tx;2016-10-09T14:00:00.000Z;13775085.785539212
tx;2016-10-11T00:00:00.000Z;13805906.763954248
tx;2016-10-12T10:00:00.000Z;13830435.410620917
tx;2016-10-13T20:00:00.000Z;13838774.595343137
tx;2016-10-15T06:00:00.000Z;13867025.364542484
tx;2016-10-16T16:00:00.000Z;13907175.328643788
tx;2016-10-18T02:00:00.000Z;13916684.871323533
tx;2016-10-19T12:00:00.000Z;13926400.137745103
tx;2016-10-20T22:00:00.000Z;13966701.773366014
tx;2016-10-22T08:00:00.000Z;14008903.234885626
tx;2016-10-23T18:00:00.000Z;13966480.93627451
tx;2016-10-25T04:00:00.000Z;13919581.602124184
tx;2016-10-26T14:00:00.000Z;13882087.384722212
tx;2016-10-28T00:00:00.000Z;13908591.949133981
tx;2016-10-29T10:00:00.000Z;13955304.4507353
tx;2016-10-30T20:00:00.000Z;14004298.324183008
tx;2016-11-01T06:00:00.000Z;14013907.985550087
tx;2016-11-02T16:00:00.000Z;14065608.859330056
tx;2016-11-04T02:00:00.000Z;14129853.69910131
tx;2016-11-05T12:00:00.000Z;14200999.5131536
tx;2016-11-06T22:00:00.000Z;14269877.031290863
tx;2016-11-08T08:00:00.000Z;14329873.738562092
tx;2016-11-09T18:00:00.000Z;14369765.502794119
tx;2016-11-11T04:00:00.000Z;14431549.042892152
tx;2016-11-12T14:00:00.000Z;14477487.39060457
tx;2016-11-14T00:00:00.000Z;14527192.450326806
tx;2016-11-15T10:00:00.000Z;14582018.367712425
tx;2016-11-16T20:00:00.000Z;14640319.467344003
tx;2016-11-18T06:00:00.000Z;14675725.073447714
tx;2016-11-19T16:00:00.000Z;14741383.593300648
tx;2016-11-21T02:00:00.000Z;14824813.417401956
tx;2016-11-22T12:00:00.000Z;14933321.097303914
tx;2016-11-23T22:00:00.000Z;14976694.799934637
tx;2016-11-25T08:00:00.000Z;15040422.920408487
tx;2016-11-26T18:00:00.000Z;15060544.06495098
tx;2016-11-28T04:00:00.000Z;15085931.942009808
tx;2016-11-29T14:00:00.000Z;15129076.16339869
tx;2016-12-01T00:00:00.000Z;15169205.181045746
tx;2016-12-02T10:00:00.000Z;15190814.143464053
tx;2016-12-03T20:00:00.000Z;15197626.581290849
tx;2016-12-05T06:00:00.000Z;15206646.207271237
tx;2016-12-06T16:00:00.000Z;15241737.739542484
tx;2016-12-08T02:00:00.000Z;15256530.917565353
tx;2016-12-09T12:00:00.000Z;15307295.350228757
tx;2016-12-10T22:00:00.000Z;15343061.598937908
tx;2016-12-12T08:00:00.000Z;15378878.727287589
tx;2016-12-13T18:00:00.000Z;15430129.820032673
tx;2016-12-15T04:00:00.000Z;15505631.73104575
tx;2016-12-16T14:00:00.000Z;15568344.535294127
tx;2016-12-18T00:00:00.000Z;15602667.641552284
tx;2016-12-19T10:00:00.000Z;15638448.001552287
tx;2016-12-20T20:00:00.000Z;15683778.063970586
tx;2016-12-22T06:00:00.000Z;15723180.613594778
tx;2016-12-23T16:00:00.000Z;15791321.353823528
tx;2016-12-25T02:00:00.000Z;15817756.114558825
tx;2016-12-26T12:00:00.000Z;15847957.96153594
tx;2016-12-27T22:00:00.000Z;15902476.016013071
tx;2016-12-29T08:00:00.000Z;15961531.102450984
tx;2016-12-30T18:00:00.000Z;16003958.107434645
tx;2017-01-01T04:00:00.000Z;16029138.137826791
tx;2017-01-02T14:00:00.000Z;16061952.517647065
tx;2017-01-04T00:00:00.000Z;16137939.137908503
tx;2017-01-05T10:00:00.000Z;16200802.338071894
tx;2017-01-06T20:00:00.000Z;16271320.183741834
tx;2017-01-08T06:00:00.000Z;16311611.236928103
tx;2017-01-09T16:00:00.000Z;16368504.79408497
tx;2017-01-11T02:00:00.000Z;16425336.276307186
tx;2017-01-12T12:00:00.000Z;16488142.425964046
tx;2017-01-13T22:00:00.000Z;16548128.652042484
tx;2017-01-15T08:00:00.000Z;16580660.088513063
tx;2017-01-16T18:00:00.000Z;16617967.173937902
tx;2017-01-18T04:00:00.000Z;16673978.691503268
tx;2017-01-19T14:00:00.000Z;16717733.474215692
tx;2017-01-21T00:00:00.000Z;16776832.974509805
tx;2017-01-22T10:00:00.000Z;16805595.81683007
tx;2017-01-23T20:00:00.000Z;16741098.150980383
tx;2017-01-25T06:00:00.000Z;16763039.640931366
tx;2017-01-26T16:00:00.000Z;16769316.723039215
tx;2017-01-28T02:00:00.000Z;16777251.981960785
tx;2017-01-29T12:00:00.000Z;16770519.288970595
tx;2017-01-30T22:00:00.000Z;16802980.02328431
tx;2017-02-01T08:00:00.000Z;16829679.10859476
tx;2017-02-02T18:00:00.000Z;16879091.79575164
tx;2017-02-04T04:00:00.000Z;16934533.130310457
tx;2017-02-05T14:00:00.000Z;16940031.895424835
tx;2017-02-07T00:00:00.000Z;16974440.400653593
tx;2017-02-08T10:00:00.000Z;17051962.815735288
tx;2017-02-09T20:00:00.000Z;17115623.316993464
tx;2017-02-11T06:00:00.000Z;17159531.72818628
tx;2017-02-12T16:00:00.000Z;17190884.458823532
tx;2017-02-14T02:00:00.000Z;17231169.816911764
tx;2017-02-15T12:00:00.000Z;17300243.94493464
tx;2017-02-16T22:00:00.000Z;17360740.94812091
tx;2017-02-18T08:00:00.000Z;17415646.083856214
tx;2017-02-19T18:00:00.000Z;17464669.0748366
tx;2017-02-21T04:00:00.000Z;17515943.940359473
tx;2017-02-22T14:00:00.000Z;17588499.285245094
tx;2017-02-24T00:00:00.000Z;17684060.86781046
tx;2017-02-25T10:00:00.000Z;17715734.928415027
tx;2017-02-26T20:00:00.000Z;17712547.13684641
tx;2017-02-28T06:00:00.000Z;17786179.962908484
tx;2017-03-01T16:00:00.000Z;17879040.38529412
tx;2017-03-03T02:00:00.000Z;17977293.137254905
tx;2017-03-04T12:00:00.000Z;18038658.545588225
tx;2017-03-05T22:00:00.000Z;18079489.55222223
tx;2017-03-07T08:00:00.000Z;18143888.504003264
tx;2017-03-08T18:00:00.000Z;18207850.70473855
tx;2017-03-10T04:00:00.000Z;18228653.675490197
tx;2017-03-11T14:00:00.000Z;18215245.583807193
tx;2017-03-13T00:00:00.000Z;18181380.290245093
tx;2017-03-14T10:00:00.000Z;18223799.42900326
tx;2017-03-15T20:00:00.000Z;18289926.516307194
tx;2017-03-17T06:00:00.000Z;18310881.361437913
tx;2017-03-18T16:00:00.000Z;18328500.052205883
tx;2017-03-20T02:00:00.000Z;18384430.69558824
tx;2017-03-21T12:00:00.000Z;18453764.189264704
tx;2017-03-22T22:00:00.000Z;18511367.748022873
tx;2017-03-24T08:00:00.000Z;18548715.734570965
tx;2017-03-25T18:00:00.000Z;18597256.89248366
tx;2017-03-27T04:00:00.000Z;18643067.650816996
tx;2017-03-28T14:00:00.000Z;18678499.525408495
tx;2017-03-30T00:00:00.000Z;18726319.265196078
tx;2017-03-31T10:00:00.000Z;18772316.523774516
tx;2017-04-01T20:00:00.000Z;18809843.748039212
tx;2017-04-03T06:00:00.000Z;18829707.50106209
tx;2017-04-04T16:00:00.000Z;18876274.327369276
tx;2017-04-06T02:00:00.000Z;18935850.57965686
tx;2017-04-07T12:00:00.000Z;18960325.267401967
tx;2017-04-08T22:00:00.000Z;18959165.98292485
tx;2017-04-10T08:00:00.000Z;18985797.434313726
tx;2017-04-11T18:00:00.000Z;19044056.266094774
tx;2017-04-13T04:00:00.000Z;19104071.376225494
tx;2017-04-14T14:00:00.000Z;19172942.94150327
tx;2017-04-16T00:00:00.000Z;19171910.466993462
tx;2017-04-17T10:00:00.000Z;19218825.34697712
tx;2017-04-18T20:00:00.000Z;19305543.149428103
tx;2017-04-20T06:00:00.000Z;19356072.309477117
tx;2017-04-21T16:00:00.000Z;19401090.92982027
tx;2017-04-23T02:00:00.000Z;19429242.914918307
tx;2017-04-24T12:00:00.000Z;19474657.705555562
tx;2017-04-25T22:00:00.000Z;19573391.243790854
tx;2017-04-27T08:00:00.000Z;19638081.087202873
tx;2017-04-28T18:00:00.000Z;19730668.46037581
tx;2017-04-30T04:00:00.000Z;19748551.79468954
tx;2017-05-01T14:00:00.000Z;19795396.89616013
tx;2017-05-03T00:00:00.000Z;19885548.92238562
tx;2017-05-04T10:00:00.000Z;19991568.22098039
tx;2017-05-05T20:00:00.000Z;20085160.185947705
tx;2017-05-07T06:00:00.000Z;20126129.210539214
tx;2017-05-08T16:00:00.000Z;20199283.50898694
tx;2017-05-10T02:00:00.000Z;20307758.697875824
tx;2017-05-11T12:00:00.000Z;20428794.39354575
tx;2017-05-12T22:00:00.000Z;20540580.826797377
tx;2017-05-14T08:00:00.000Z;20627191.277614385
tx;2017-05-15T18:00:00.000Z;20701740.866584957
tx;2017-05-17T04:00:00.000Z;20717809.61421569
tx;2017-05-18T14:00:00.000Z;20782312.122630727
tx;2017-05-20T00:00:00.000Z;20841611.093055554
tx;2017-05-21T10:00:00.000Z;20927670.756572172
tx;2017-05-22T20:00:00.000Z;21039121.378513075
tx;2017-05-24T06:00:00.000Z;21154498.269035958
tx;2017-05-25T16:00:00.000Z;21269683.139460772
tx;2017-05-27T02:00:00.000Z;21334281.803758163
tx;2017-05-28T12:00:00.000Z;21340812.54323529
tx;2017-05-29T22:00:00.000Z;21441600.75743463
tx;2017-05-31T08:00:00.000Z;21490310.458545752
tx;2017-06-01T18:00:00.000Z;21534991.668545753
tx;2017-06-03T04:00:00.000Z;21524472.716339875
tx;2017-06-04T14:00:00.000Z;21512643.153839868
tx;2017-06-06T00:00:00.000Z;21557783.791258175
tx;2017-06-07T10:00:00.000Z;21613843.883741833
tx;2017-06-08T20:00:00.000Z;21639619.098447714
tx;2017-06-10T06:00:00.000Z;21651510.018088233
tx;2017-06-11T16:00:00.000Z;21643981.198284302
tx;2017-06-13T02:00:00.000Z;21709497.581781045
tx;2017-06-14T12:00:00.000Z;21770992.566258173
tx;2017-06-15T22:00:00.000Z;21798204.488916665
tx;2017-06-17T08:00:00.000Z;21784841.427418303
tx;2017-06-18T18:00:00.000Z;21747382.194771234
tx;2017-06-20T04:00:00.000Z;21793002.43031045
tx;2017-06-21T14:00:00.000Z;21863840.801388886
tx;2017-06-23T00:00:00.000Z;21877898.845833343
tx;2017-06-24T10:00:00.000Z;21845571.021813717
tx;2017-06-25T20:00:00.000Z;21806120.145343136
tx;2017-06-27T06:00:00.000Z;21840541.728839874
tx;2017-06-28T16:00:00.000Z;21869553.53692811
tx;2017-06-30T02:00:00.000Z;21885621.880065355
tx;2017-07-01T12:00:00.000Z;21818628.055310454
tx;2017-07-02T22:00:00.000Z;21761362.779656865
tx;2017-07-04T08:00:00.000Z;21768798.010212418
tx;2017-07-05T18:00:00.000Z;21754770.154003274
tx;2017-07-07T04:00:00.000Z;21751969.10841503
tx;2017-07-08T14:00:00.000Z;21740337.44109477
tx;2017-07-10T00:00:00.000Z;21733289.70457517
tx;2017-07-11T10:00:00.000Z;21743394.863807183
tx;2017-07-12T20:00:00.000Z;21736880.807499994
tx;2017-07-14T06:00:00.000Z;21759664.557630725
tx;2017-07-15T16:00:00.000Z;21738911.225817
tx;2017-07-17T02:00:00.000Z;21679131.87034313
tx;2017-07-18T12:00:00.000Z;21656251.691584967
tx;2017-07-19T22:00:00.000Z;21651418.067401975
tx;2017-07-21T08:00:00.000Z;21649175.153578427
tx;2017-07-22T18:00:00.000Z;21615467.3745098
tx;2017-07-24T04:00:00.000Z;21552043.366421565
tx;2017-07-25T14:00:00.000Z;21541987.549509816
tx;2017-07-27T00:00:00.000Z;21499183.387499996
tx;2017-07-28T10:00:00.000Z;21454875.588153604
tx;2017-07-29T20:00:00.000Z;21383316.461846408
tx;2017-07-31T06:00:00.000Z;21287925.34035948
tx;2017-08-01T16:00:00.000Z;21175556.881699342
tx;2017-08-03T02:00:00.000Z;21115196.38861111
tx;2017-08-04T12:00:00.000Z;21031477.92965687
tx;2017-08-05T22:00:00.000Z;21006604.68725491
tx;2017-08-07T08:00:00.000Z;20980092.919607844
tx;2017-08-08T18:00:00.000Z;20995185.30653595
tx;2017-08-10T04:00:00.000Z;21043900.474918302
tx;2017-08-11T14:00:00.000Z;21111228.83349674
tx;2017-08-13T00:00:00.000Z;21146536.19215686
tx;2017-08-14T10:00:00.000Z;21215886.093627453
tx;2017-08-15T20:00:00.000Z;21324118.487598028
tx;2017-08-17T06:00:00.000Z;21384713.535049014
tx;2017-08-18T16:00:00.000Z;21448186.948202606
tx;2017-08-20T02:00:00.000Z;21441123.71584968
tx;2017-08-21T12:00:00.000Z;21505853.422222216
tx;2017-08-22T22:00:00.000Z;21583363.407434642
tx;2017-08-24T08:00:00.000Z;21638359.587663397
tx;2017-08-25T18:00:00.000Z;21735816.978594765
tx;2017-08-27T04:00:00.000Z;21748156.050114375
tx;2017-08-28T14:00:00.000Z;21771233.676307183
tx;2017-08-30T00:00:00.000Z;21781447.637254898
tx;2017-08-31T10:00:00.000Z;21778499.04681371
tx;2017-09-01T20:00:00.000Z;21789473.777287573
tx;2017-09-03T06:00:00.000Z;21814518.72410131
tx;2017-09-04T16:00:00.000Z;21829773.31437908
tx;2017-09-06T02:00:00.000Z;21873898.648366015
tx;2017-09-07T12:00:00.000Z;21879258.479117647
tx;2017-09-08T22:00:00.000Z;21890764.40714053
tx;2017-09-10T08:00:00.000Z;21885641.93970589
tx;2017-09-11T18:00:00.000Z;21904941.718137253
tx;2017-09-13T04:00:00.000Z;21954739.191764705
tx;2017-09-14T14:00:00.000Z;21978789.96596405
tx;2017-09-16T00:00:00.000Z;22036290.01544118
tx;2017-09-17T10:00:00.000Z;22067300.059493463
tx;2017-09-18T20:00:00.000Z;22102711.937772196
tx;2017-09-20T06:00:00.000Z;22145750.390849665
tx;2017-09-21T16:00:00.000Z;22190407.137336608
tx;2017-09-23T02:00:00.000Z;22245132.144444443
tx;2017-09-24T12:00:00.000Z;22285072.101045754
tx;2017-09-25T22:00:00.000Z;22333635.14035948
tx;2017-09-27T08:00:00.000Z;22403839.578594774
tx;2017-09-28T18:00:00.000Z;22439028.43723856
tx;2017-09-30T04:00:00.000Z;22481088.341258172
tx;2017-10-01T14:00:00.000Z;22498595.433496732
tx;2017-10-03T00:00:00.000Z;22510641.41879086
tx;2017-10-04T10:00:00.000Z;22549023.184885614
tx;2017-10-05T20:00:00.000Z;22614489.393545754
tx;2017-10-07T06:00:00.000Z;22649941.43480392
tx;2017-10-08T16:00:00.000Z;22650427.159526143
tx;2017-10-10T02:00:00.000Z;22679554.230114385
tx;2017-10-11T12:00:00.000Z;22750522.017728765
tx;2017-10-12T22:00:00.000Z;22840782.535702612
tx;2017-10-14T08:00:00.000Z;22913031.316437904
tx;2017-10-15T18:00:00.000Z;22922025.65001635
tx;2017-10-17T04:00:00.000Z;22997765.906552315
tx;2017-10-18T14:00:00.000Z;23117406.395996734
tx;2017-10-20T00:00:00.000Z;23154172.262581695
tx;2017-10-21T10:00:00.000Z;23191511.201143797
tx;2017-10-22T20:00:00.000Z;23188137.28186274
tx;2017-10-24T06:00:00.000Z;23220091.135343134
tx;2017-10-25T16:00:00.000Z;23237207.559068624
tx;2017-10-27T02:00:00.000Z;23334138.75776143
tx;2017-10-28T12:00:00.000Z;23452921.318529416
tx;2017-10-29T22:00:00.000Z;23543007.223447714
tx;2017-10-31T08:00:00.000Z;23619969.60204249
tx;2017-11-01T18:00:00.000Z;23734045.40334968
tx;2017-11-03T04:00:00.000Z;23868340.127369262
tx;2017-11-04T14:00:00.000Z;23959386.45849674
tx;2017-11-06T00:00:00.000Z;23991663.848986935
tx;2017-11-07T10:00:00.000Z;24085008.432271246
tx;2017-11-08T20:00:00.000Z;24179167.196296297
tx;2017-11-10T06:00:00.000Z;24331724.431734417
tx;2017-11-11T16:00:00.000Z;24397831.58341503
tx;2017-11-13T02:00:00.000Z;24497749.57617646
tx;2017-11-14T12:00:00.000Z;24607554.425833322
tx;2017-11-15T22:00:00.000Z;24710306.91671568
tx;2017-11-17T08:00:00.000Z;24763493.10024511
tx;2017-11-18T18:00:00.000Z;24778878.40906862
tx;2017-11-20T04:00:00.000Z;24822366.448692817
tx;2017-11-21T14:00:00.000Z;24922301.806944456
tx;2017-11-23T00:00:00.000Z;25047614.69452614
tx;2017-11-24T10:00:00.000Z;25148984.173856225
tx;2017-11-25T20:00:00.000Z;25246638.52295751
tx;2017-11-27T06:00:00.000Z;25387000.88419935
tx;2017-11-28T16:00:00.000Z;25556484.13390523
tx;2017-11-30T02:00:00.000Z;25721578.94517974
tx;2017-12-01T12:00:00.000Z;25856356.350898687
tx;2017-12-02T22:00:00.000Z;25940149.446568616
tx;2017-12-04T08:00:00.000Z;26064002.327843133
tx;2017-12-05T18:00:00.000Z;26242128.74656863
tx;2017-12-07T04:00:00.000Z;26451048.97696077
tx;2017-12-08T14:00:00.000Z;26663152.724754896
tx;2017-12-10T00:00:00.000Z;26764833.8128268
tx;2017-12-11T10:00:00.000Z;26852138.297549006
tx;2017-12-12T20:00:00.000Z;27047629.026633993
tx;2017-12-14T06:00:00.000Z;27304382.671813708
tx;2017-12-15T16:00:00.000Z;27484909.364052277
tx;2017-12-17T02:00:00.000Z;27598407.361928117
tx;2017-12-18T12:00:00.000Z;27745717.666552294
tx;2017-12-19T22:00:00.000Z;28005916.00808824
tx;2017-12-21T08:00:00.000Z;28237827.18848038
tx;2017-12-22T18:00:00.000Z;28417987.30334966
tx;2017-12-24T04:00:00.000Z;28467298.152124196
tx;2017-12-25T14:00:00.000Z;28432872.463611107
tx;2017-12-27T00:00:00.000Z;28458171.675898697
tx;2017-12-28T10:00:00.000Z;28531339.821650323
tx;2017-12-29T20:00:00.000Z;28692237.466584977
tx;2017-12-31T06:00:00.000Z;28732819.944771238
tx;2018-01-01T16:00:00.000Z;28680575.16527778
tx;2018-01-03T02:00:00.000Z;28873860.64607844
tx;2018-01-04T12:00:00.000Z;29160547.601960793
tx;2018-01-05T22:00:00.000Z;29365058.25955882
tx;2018-01-07T08:00:00.000Z;29553108.160669945
tx;2018-01-08T18:00:00.000Z;29715093.547222212
tx;2018-01-10T04:00:00.000Z;29869218.511437934
tx;2018-01-11T14:00:00.000Z;29879499.74117646
tx;2018-01-13T00:00:00.000Z;29866285.998611104
tx;2018-01-14T10:00:00.000Z;29828426.630228743
tx;2018-01-15T20:00:00.000Z;29874271.55514706
tx;2018-01-17T06:00:00.000Z;29911168.122222226
tx;2018-01-18T16:00:00.000Z;29929641.82438334
tx;2018-01-20T02:00:00.000Z;29769388.43292485
tx;2018-01-21T12:00:00.000Z;29570484.62008171
tx;2018-01-22T22:00:00.000Z;29443555.920996726
tx;2018-01-24T08:00:00.000Z;29296360.07413399
tx;2018-01-25T18:00:00.000Z;29207182.930964064
tx;2018-01-27T04:00:00.000Z;29097984.339215685
tx;2018-01-28T14:00:00.000Z;29036052.544607844
tx;2018-01-30T00:00:00.000Z;28980804.322712433
tx;2018-01-31T10:00:00.000Z;28987747.377450965
tx;2018-02-01T20:00:00.000Z;28942828.99019608
tx;2018-02-03T06:00:00.000Z;28864076.15743463
tx;2018-02-04T16:00:00.000Z;28654563.665435597
