txOutputs;2014-05-23T18:00:00.000Z;11051526.944212964
txOutputs;2014-05-25T04:00:00.000Z;11085178.727696078
txOutputs;2014-05-26T14:00:00.000Z;11103825.336111108
txOutputs;2014-05-28T00:00:00.000Z;11112479.552532675
txOutputs;2014-05-29T10:00:00.000Z;11125490.861601308
txOutputs;2014-05-30T20:00:00.000Z;11139968.267238565
txOutputs;2014-06-01T06:00:00.000Z;11182522.226715682
txOutputs;2014-06-02T16:00:00.000Z;11198798.576503268
txOutputs;2014-06-04T02:00:00.000Z;11217625.303594775
txOutputs;2014-06-05T12:00:00.000Z;11235605.728267973
txOutputs;2014-06-06T22:00:00.000Z;11254867.307924833
txOutputs;2014-06-08T08:00:00.000Z;11309679.867173204
txOutputs;2014-06-09T18:00:00.000Z;11329674.514705881
txOutputs;2014-06-11T04:00:00.000Z;11342730.156960787
txOutputs;2014-06-12T14:00:00.000Z;11354833.994084964
txOutputs;2014-06-14T00:00:00.000Z;11383641.82238562
txOutputs;2014-06-15T10:00:00.000Z;11453254.359885626
txOutputs;2014-06-16T20:00:00.000Z;11486584.345588233
txOutputs;2014-06-18T06:00:00.000Z;11519221.5754902
txOutputs;2014-06-19T16:00:00.000Z;11534601.889542485
txOutputs;2014-06-21T02:00:00.000Z;11564252.96485294
txOutputs;2014-06-22T12:00:00.000Z;11634267.591748372
txOutputs;2014-06-23T22:00:00.000Z;11659680.585130725
txOutputs;2014-06-25T08:00:00.000Z;11684194.213790856
txOutputs;2014-06-26T18:00:00.000Z;11712254.577042485
txOutputs;2014-06-28T04:00:00.000Z;11734048.582598034
txOutputs;2014-06-29T14:00:00.000Z;11804373.318300657
txOutputs;2014-07-01T00:00:00.000Z;11799606.466748366
txOutputs;2014-07-02T10:00:00.000Z;11808561.6373366
txOutputs;2014-07-03T20:00:00.000Z;11834451.711356208
txOutputs;2014-07-05T06:00:00.000Z;11870630.886029411
txOutputs;2014-07-06T16:00:00.000Z;11944730.03439542
txOutputs;2014-07-08T02:00:00.000Z;11982516.240686279
txOutputs;2014-07-09T12:00:00.000Z;11992818.082026143
txOutputs;2014-07-10T22:00:00.000Z;12009020.612990195
txOutputs;2014-07-12T08:00:00.000Z;12054784.973120917
txOutputs;2014-07-13T18:00:00.000Z;12125068.445996735
txOutputs;2014-07-15T04:00:00.000Z;12149840.02866013
txOutputs;2014-07-16T14:00:00.000Z;12171368.38455883
txOutputs;2014-07-18T00:00:00.000Z;12180901.049428105
txOutputs;2014-07-19T10:00:00.000Z;12207811.046241833
txOutputs;2014-07-20T20:00:00.000Z;12278430.68060457
txOutputs;2014-07-22T06:00:00.000Z;12287929.46421569
txOutputs;2014-07-23T16:00:00.000Z;12309930.151633989
txOutputs;2014-07-25T02:00:00.000Z;12331082.662581697
txOutputs;2014-07-26T12:00:00.000Z;12370284.2997549
txOutputs;2014-07-27T22:00:00.000Z;12429153.216503274
txOutputs;2014-07-29T08:00:00.000Z;12450943.196568629
txOutputs;2014-07-30T18:00:00.000Z;12466475.342647057
txOutputs;2014-08-01T04:00:00.000Z;12486975.846813725
txOutputs;2014-08-02T14:00:00.000Z;12528676.370179744
txOutputs;2014-08-04T00:00:00.000Z;12576514.032924825
txOutputs;2014-08-05T10:00:00.000Z;12592924.464624185
txOutputs;2014-08-06T20:00:00.000Z;12611453.921323529
txOutputs;2014-08-08T06:00:00.000Z;12622975.01617647
txOutputs;2014-08-09T16:00:00.000Z;12663595.334558824
txOutputs;2014-08-11T02:00:00.000Z;12720001.168055559
txOutputs;2014-08-12T12:00:00.000Z;12741688.76633987
txOutputs;2014-08-13T22:00:00.000Z;12738217.078431368
txOutputs;2014-08-15T08:00:00.000Z;12717795.507271238
txOutputs;2014-08-16T18:00:00.000Z;12730730.451552283
txOutputs;2014-08-18T04:00:00.000Z;12791313.912663398
txOutputs;2014-08-19T14:00:00.000Z;12820945.764869288
txOutputs;2014-08-21T00:00:00.000Z;12849391.967810458
txOutputs;2014-08-22T10:00:00.000Z;12869695.459232025
txOutputs;2014-08-23T20:00:00.000Z;12925907.18611111
txOutputs;2014-08-25T06:00:00.000Z;12978846.420735296
txOutputs;2014-08-26T16:00:00.000Z;12987736.825702611
txOutputs;2014-08-28T02:00:00.000Z;13008729.432843136
txOutputs;2014-08-29T12:00:00.000Z;13043332.726062095
txOutputs;2014-08-30T22:00:00.000Z;13099091.873937903
txOutputs;2014-09-01T08:00:00.000Z;13162329.163071897
txOutputs;2014-09-02T18:00:00.000Z;13176053.10571896
txOutputs;2014-09-04T04:00:00.000Z;13188178.026552284
txOutputs;2014-09-05T14:00:00.000Z;13209121.64803921
txOutputs;2014-09-07T00:00:00.000Z;13302728.085196074
txOutputs;2014-09-08T10:00:00.000Z;13359410.30285948
txOutputs;2014-09-09T20:00:00.000Z;13305730.746160125
txOutputs;2014-09-11T06:00:00.000Z;13314867.60065359
txOutputs;2014-09-12T16:00:00.000Z;13336049.568872545
txOutputs;2014-09-14T02:00:00.000Z;13426194.360784309
txOutputs;2014-09-15T12:00:00.000Z;13446977.932761446
txOutputs;2014-09-16T22:00:00.000Z;13453176.427532673
txOutputs;2014-09-18T08:00:00.000Z;13469613.29354574
txOutputs;2014-09-19T18:00:00.000Z;13476038.769722225
txOutputs;2014-09-21T04:00:00.000Z;13547431.658627462
txOutputs;2014-09-22T14:00:00.000Z;13598454.55531045
txOutputs;2014-09-24T00:00:00.000Z;13624483.014379088
txOutputs;2014-09-25T10:00:00.000Z;13647625.040196076
txOutputs;2014-09-26T20:00:00.000Z;13675650.427696085
txOutputs;2014-09-28T06:00:00.000Z;13783081.819035951
txOutputs;2014-09-29T16:00:00.000Z;13805452.21883585
txOutputs;2014-10-01T02:00:00.000Z;13860277.610784309
txOutputs;2014-10-02T12:00:00.000Z;13879847.718790846
txOutputs;2014-10-03T22:00:00.000Z;13943424.306188123
txOutputs;2014-10-05T08:00:00.000Z;14032906.179248367
txOutputs;2014-10-06T18:00:00.000Z;14060494.504166668
txOutputs;2014-10-08T04:00:00.000Z;14062517.938398695
txOutputs;2014-10-09T14:00:00.000Z;14073929.529493472
txOutputs;2014-10-11T00:00:00.000Z;14102838.834558815
txOutputs;2014-10-12T10:00:00.000Z;14207411.076960782
txOutputs;2014-10-13T20:00:00.000Z;14221959.481290853
txOutputs;2014-10-15T06:00:00.000Z;14223401.23392157
txOutputs;2014-10-16T16:00:00.000Z;14230732.041911768
txOutputs;2014-10-18T02:00:00.000Z;14251375.181209141
txOutputs;2014-10-19T12:00:00.000Z;14359099.477941174
txOutputs;2014-10-20T22:00:00.000Z;14366944.010130716
txOutputs;2014-10-22T08:00:00.000Z;14371858.900408499
txOutputs;2014-10-23T18:00:00.000Z;14376255.526470585
txOutputs;2014-10-25T04:00:00.000Z;14441287.39256536
txOutputs;2014-10-26T14:00:00.000Z;14510350.121486928
txOutputs;2014-10-28T00:00:00.000Z;14528825.142238565
txOutputs;2014-10-29T10:00:00.000Z;14547334.59199346
txOutputs;2014-10-30T20:00:00.000Z;14560214.841176476
txOutputs;2014-11-01T06:00:00.000Z;14587986.21928104
txOutputs;2014-11-02T16:00:00.000Z;14700533.039787583
txOutputs;2014-11-04T02:00:00.000Z;14701821.831617642
txOutputs;2014-11-05T12:00:00.000Z;14706457.91715686
txOutputs;2014-11-06T22:00:00.000Z;14688407.358578432
txOutputs;2014-11-08T08:00:00.000Z;14695586.506290851
txOutputs;2014-11-09T18:00:00.000Z;14793997.533251628
txOutputs;2014-11-11T04:00:00.000Z;14799453.885866009
txOutputs;2014-11-12T14:00:00.000Z;14790470.08161765
txOutputs;2014-11-14T00:00:00.000Z;14808921.397058833
txOutputs;2014-11-15T10:00:00.000Z;14849459.348856218
txOutputs;2014-11-16T20:00:00.000Z;14933565.387581708
txOutputs;2014-11-18T06:00:00.000Z;14935744.158251632
txOutputs;2014-11-19T16:00:00.000Z;14947699.514869275
txOutputs;2014-11-21T02:00:00.000Z;14964202.161029415
txOutputs;2014-11-22T12:00:00.000Z;15005087.528186277
txOutputs;2014-11-23T22:00:00.000Z;15107186.295833332
txOutputs;2014-11-25T08:00:00.000Z;15099009.990441184
txOutputs;2014-11-26T18:00:00.000Z;15110000.888888901
txOutputs;2014-11-28T04:00:00.000Z;15127325.84133987
txOutputs;2014-11-29T14:00:00.000Z;15167553.925980393
txOutputs;2014-12-01T00:00:00.000Z;15239788.342892159
txOutputs;2014-12-02T10:00:00.000Z;15249882.844885621
txOutputs;2014-12-03T20:00:00.000Z;15252344.596078424
txOutputs;2014-12-05T06:00:00.000Z;15287302.209722225
txOutputs;2014-12-06T16:00:00.000Z;15344402.827941172
txOutputs;2014-12-08T02:00:00.000Z;15421119.846732028
txOutputs;2014-12-09T12:00:00.000Z;15426547.021813732
txOutputs;2014-12-10T22:00:00.000Z;15435091.53071895
txOutputs;2014-12-12T08:00:00.000Z;15462703.420915022
txOutputs;2014-12-13T18:00:00.000Z;15526755.729003267
txOutputs;2014-12-15T04:00:00.000Z;15596665.598611116
txOutputs;2014-12-16T14:00:00.000Z;15597465.30457516
txOutputs;2014-12-18T00:00:00.000Z;15603926.437091507
txOutputs;2014-12-19T10:00:00.000Z;15636411.654493462
txOutputs;2014-12-20T20:00:00.000Z;15717104.077369278
txOutputs;2014-12-22T06:00:00.000Z;15741601.11903595
txOutputs;2014-12-23T16:00:00.000Z;15733513.889297385
txOutputs;2014-12-25T02:00:00.000Z;15744958.98766339
txOutputs;2014-12-26T12:00:00.000Z;15780880.864460787
txOutputs;2014-12-27T22:00:00.000Z;15859691.292238567
txOutputs;2014-12-29T08:00:00.000Z;15899323.06952614
txOutputs;2014-12-30T18:00:00.000Z;15912822.767483657
txOutputs;2015-01-01T04:00:00.000Z;15926393.531617647
txOutputs;2015-01-02T14:00:00.000Z;15995678.201977119
txOutputs;2015-01-04T00:00:00.000Z;16059137.271405235
txOutputs;2015-01-05T10:00:00.000Z;16084215.49011437
txOutputs;2015-01-06T20:00:00.000Z;16083068.339869281
txOutputs;2015-01-08T06:00:00.000Z;16090594.144689541
txOutputs;2015-01-09T16:00:00.000Z;16161071.596650332
txOutputs;2015-01-11T02:00:00.000Z;16255183.995996729
txOutputs;2015-01-12T12:00:00.000Z;16273655.29295752
txOutputs;2015-01-13T22:00:00.000Z;16267881.629738562
txOutputs;2015-01-15T08:00:00.000Z;16289982.69313725
txOutputs;2015-01-16T18:00:00.000Z;16368335.208741827
txOutputs;2015-01-18T04:00:00.000Z;16466269.554722218
txOutputs;2015-01-19T14:00:00.000Z;16490646.391666668
txOutputs;2015-01-21T00:00:00.000Z;16495297
txOutputs;2015-01-22T10:00:00.000Z;16497614.242156856
txOutputs;2015-01-23T20:00:00.000Z;16520972.612826796
txOutputs;2015-01-25T06:00:00.000Z;16626956.721813723
txOutputs;2015-01-26T16:00:00.000Z;16642427.424264712
txOutputs;2015-01-28T02:00:00.000Z;16635444.72941176
txOutputs;2015-01-29T12:00:00.000Z;16656620.007598042
txOutputs;2015-01-30T22:00:00.000Z;16723880.682598041
txOutputs;2015-02-01T08:00:00.000Z;16797580.823202617
txOutputs;2015-02-02T18:00:00.000Z;16812180.992810458
txOutputs;2015-02-04T04:00:00.000Z;16829901.35236928
txOutputs;2015-02-05T14:00:00.000Z;16841278.25457516
txOutputs;2015-02-07T00:00:00.000Z;16878582.11405229
txOutputs;2015-02-08T10:00:00.000Z;17005881.642352946
txOutputs;2015-02-09T20:00:00.000Z;17026466.6617647
txOutputs;2015-02-11T06:00:00.000Z;17037852.485784307
txOutputs;2015-02-12T16:00:00.000Z;17166199.10106209
txOutputs;2015-02-14T02:00:00.000Z;17296441.994150322
txOutputs;2015-02-15T12:00:00.000Z;17419306.865849666
txOutputs;2015-02-16T22:00:00.000Z;17512907.991911765
txOutputs;2015-02-18T08:00:00.000Z;17554179.64419934
txOutputs;2015-02-19T18:00:00.000Z;17552019.705588233
txOutputs;2015-02-21T04:00:00.000Z;17584945.053839862
txOutputs;2015-02-22T14:00:00.000Z;17650327.27050653
txOutputs;2015-02-24T00:00:00.000Z;17662633.24632353
txOutputs;2015-02-25T10:00:00.000Z;17664794.47916666
txOutputs;2015-02-26T20:00:00.000Z;17664487.801960777
txOutputs;2015-02-28T06:00:00.000Z;17705845.25625817
txOutputs;2015-03-01T16:00:00.000Z;17740799.68071896
txOutputs;2015-03-03T02:00:00.000Z;17716586.20465686
txOutputs;2015-03-04T12:00:00.000Z;17704347.41282679
txOutputs;2015-03-05T22:00:00.000Z;17649838.011111107
txOutputs;2015-03-07T08:00:00.000Z;17689497.251437906
txOutputs;2015-03-08T18:00:00.000Z;17744564.436192803
txOutputs;2015-03-10T04:00:00.000Z;17706987.347630724
txOutputs;2015-03-11T14:00:00.000Z;17635581.683660146
txOutputs;2015-03-13T00:00:00.000Z;17618676.04781045
txOutputs;2015-03-14T10:00:00.000Z;17689408.143382356
txOutputs;2015-03-15T20:00:00.000Z;17768404.071510673
txOutputs;2015-03-17T06:00:00.000Z;17792689.47124183
txOutputs;2015-03-18T16:00:00.000Z;17775089.16217321
txOutputs;2015-03-20T02:00:00.000Z;17773173.01748366
txOutputs;2015-03-21T12:00:00.000Z;17852410.11535947
txOutputs;2015-03-22T22:00:00.000Z;17920202.40473855
txOutputs;2015-03-24T08:00:00.000Z;17932757.38946078
txOutputs;2015-03-25T18:00:00.000Z;17947718.17155229
txOutputs;2015-03-27T04:00:00.000Z;17979549.466911763
txOutputs;2015-03-28T14:00:00.000Z;18043409.382761437
txOutputs;2015-03-30T00:00:00.000Z;18099913.3375817
txOutputs;2015-03-31T10:00:00.000Z;18114796.924918298
txOutputs;2015-04-01T20:00:00.000Z;18136796.391911764
txOutputs;2015-04-03T06:00:00.000Z;18149494.67385621
txOutputs;2015-04-04T16:00:00.000Z;18211484.110539205
txOutputs;2015-04-06T02:00:00.000Z;18261741.171332337
txOutputs;2015-04-07T12:00:00.000Z;18261848.13435754
txOutputs;2015-04-08T22:00:00.000Z;18280411.212254897
txOutputs;2015-04-10T08:00:00.000Z;18322070.643790852
txOutputs;2015-04-11T18:00:00.000Z;18405023.928839874
txOutputs;2015-04-13T04:00:00.000Z;18458072.703267973
txOutputs;2015-04-14T14:00:00.000Z;18462420.29411764
txOutputs;2015-04-16T00:00:00.000Z;18479777.67058824
txOutputs;2015-04-17T10:00:00.000Z;18524936.683496736
txOutputs;2015-04-18T20:00:00.000Z;18603013.665604576
txOutputs;2015-04-20T06:00:00.000Z;18653951.61911765
txOutputs;2015-04-21T16:00:00.000Z;18655322.550653595
txOutputs;2015-04-23T02:00:00.000Z;18675116.7002451
txOutputs;2015-04-24T12:00:00.000Z;18686598.515196078
txOutputs;2015-04-25T22:00:00.000Z;18773055.474836603
txOutputs;2015-04-27T08:00:00.000Z;18808041.626062088
txOutputs;2015-04-28T18:00:00.000Z;18806457.755392153
txOutputs;2015-04-30T04:00:00.000Z;18810295.85504902
txOutputs;2015-05-01T14:00:00.000Z;18858995.094444435
txOutputs;2015-05-03T00:00:00.000Z;18948222.0875817
txOutputs;2015-05-04T10:00:00.000Z;18986705.988480393
txOutputs;2015-05-05T20:00:00.000Z;19010353.359983664
txOutputs;2015-05-07T06:00:00.000Z;19035875.167320266
txOutputs;2015-05-08T16:00:00.000Z;19120443.017238572
txOutputs;2015-05-10T02:00:00.000Z;19166083.745833326
txOutputs;2015-05-11T12:00:00.000Z;19197717.76593137
txOutputs;2015-05-12T22:00:00.000Z;19210672.133872543
txOutputs;2015-05-14T08:00:00.000Z;19230648.86870915
txOutputs;2015-05-15T18:00:00.000Z;19301924.683578424
txOutputs;2015-05-17T04:00:00.000Z;19375467.59852941
txOutputs;2015-05-18T14:00:00.000Z;19410107.59436275
txOutputs;2015-05-20T00:00:00.000Z;19424385.26877451
txOutputs;2015-05-21T10:00:00.000Z;19460538.211601306
txOutputs;2015-05-22T20:00:00.000Z;19502139.06919935
txOutputs;2015-05-24T06:00:00.000Z;19606518.132189542
txOutputs;2015-05-25T16:00:00.000Z;19655956.20269608
txOutputs;2015-05-27T02:00:00.000Z;19665047.54591503
txOutputs;2015-05-28T12:00:00.000Z;19665511.358447716
txOutputs;2015-05-29T22:00:00.000Z;19750377.516176473
txOutputs;2015-05-31T08:00:00.000Z;19842284.103186272
txOutputs;2015-06-01T18:00:00.000Z;19868358.447712425
txOutputs;2015-06-03T04:00:00.000Z;19880381.397712413
txOutputs;2015-06-04T14:00:00.000Z;19903406.275163393
txOutputs;2015-06-06T00:00:00.000Z;19980300.17042484
txOutputs;2015-06-07T10:00:00.000Z;20048976.13611111
txOutputs;2015-06-08T20:00:00.000Z;20058266.647140525
txOutputs;2015-06-10T06:00:00.000Z;20052568.718709145
txOutputs;2015-06-11T16:00:00.000Z;20089494.992647063
txOutputs;2015-06-13T02:00:00.000Z;20140697.410375826
txOutputs;2015-06-14T12:00:00.000Z;20213481.114787575
txOutputs;2015-06-15T22:00:00.000Z;20268364.573039223
txOutputs;2015-06-17T08:00:00.000Z;20346235.24558824
txOutputs;2015-06-18T18:00:00.000Z;20503757.01931372
txOutputs;2015-06-20T04:00:00.000Z;20590249.55106209
txOutputs;2015-06-21T14:00:00.000Z;20670105.51625817
txOutputs;2015-06-23T00:00:00.000Z;20702664.728186265
txOutputs;2015-06-24T10:00:00.000Z;20717034.202124193
txOutputs;2015-06-25T20:00:00.000Z;20739339.37377451
txOutputs;2015-06-27T06:00:00.000Z;20805707.89877451
txOutputs;2015-06-28T16:00:00.000Z;20864795.947630715
txOutputs;2015-06-30T02:00:00.000Z;21071429.88267973
txOutputs;2015-07-01T12:00:00.000Z;21179840.31331699
txOutputs;2015-07-02T22:00:00.000Z;21192195.802777782
txOutputs;2015-07-04T08:00:00.000Z;21249117.097794108
txOutputs;2015-07-05T18:00:00.000Z;21386145.87982026
txOutputs;2015-07-07T04:00:00.000Z;22151168.40645425
txOutputs;2015-07-08T14:00:00.000Z;23214214.92671569
txOutputs;2015-07-10T00:00:00.000Z;23865732.677696086
txOutputs;2015-07-11T10:00:00.000Z;25049446.856617633
txOutputs;2015-07-12T20:00:00.000Z;25915328.448284313
txOutputs;2015-07-14T06:00:00.000Z;25725876.430147063
txOutputs;2015-07-15T16:00:00.000Z;25368730.125408504
txOutputs;2015-07-17T02:00:00.000Z;25058141.664787583
txOutputs;2015-07-18T12:00:00.000Z;24817202.484395415
txOutputs;2015-07-19T22:00:00.000Z;24707009.64493464
txOutputs;2015-07-21T08:00:00.000Z;24697669.402941175
txOutputs;2015-07-22T18:00:00.000Z;24691204.629330065
txOutputs;2015-07-24T04:00:00.000Z;24681892.106372543
txOutputs;2015-07-25T14:00:00.000Z;24719770.236029416
txOutputs;2015-07-27T00:00:00.000Z;24986722.80915033
txOutputs;2015-07-28T10:00:00.000Z;25348819.878267985
txOutputs;2015-07-29T20:00:00.000Z;26633561.482107855
txOutputs;2015-07-31T06:00:00.000Z;28120925.260620892
txOutputs;2015-08-01T16:00:00.000Z;29467416.160457518
txOutputs;2015-08-03T02:00:00.000Z;29741475.58619281
txOutputs;2015-08-04T12:00:00.000Z;30812677.94354575
txOutputs;2015-08-05T22:00:00.000Z;32259090.493545733
txOutputs;2015-08-07T08:00:00.000Z;32970648.76094772
txOutputs;2015-08-08T18:00:00.000Z;33028030.56454249
txOutputs;2015-08-10T04:00:00.000Z;33023684.69555554
txOutputs;2015-08-11T14:00:00.000Z;32990309.712173205
txOutputs;2015-08-13T00:00:00.000Z;32990831.594934635
txOutputs;2015-08-14T10:00:00.000Z;32996773.83504901
txOutputs;2015-08-15T20:00:00.000Z;33054722.317320276
txOutputs;2015-08-17T06:00:00.000Z;33097917.15506535
txOutputs;2015-08-18T16:00:00.000Z;33098922.421813723
txOutputs;2015-08-20T02:00:00.000Z;33110562.301633958
txOutputs;2015-08-21T12:00:00.000Z;33148609.35261439
txOutputs;2015-08-22T22:00:00.000Z;33232648.605392158
txOutputs;2015-08-24T08:00:00.000Z;33262877.660375822
txOutputs;2015-08-25T18:00:00.000Z;33280054.96070261
txOutputs;2015-08-27T04:00:00.000Z;33317669.78022876
txOutputs;2015-08-28T14:00:00.000Z;33375341.72156862
txOutputs;2015-08-30T00:00:00.000Z;33459332.804738555
txOutputs;2015-08-31T10:00:00.000Z;33496243.37867647
txOutputs;2015-09-01T20:00:00.000Z;34357014.39133988
txOutputs;2015-09-03T06:00:00.000Z;35345674.64950979
txOutputs;2015-09-04T16:00:00.000Z;35395276.083088264
txOutputs;2015-09-06T02:00:00.000Z;35484145.27214053
txOutputs;2015-09-07T12:00:00.000Z;35471621.187581696
txOutputs;2015-09-08T22:00:00.000Z;35207518.42017973
txOutputs;2015-09-10T08:00:00.000Z;34735315.70980393
txOutputs;2015-09-11T18:00:00.000Z;34438789.00138889
txOutputs;2015-09-13T04:00:00.000Z;34235322.29632354
txOutputs;2015-09-14T14:00:00.000Z;33886107.83308826
txOutputs;2015-09-16T00:00:00.000Z;33544795.371486917
txOutputs;2015-09-17T10:00:00.000Z;33337784.039297372
txOutputs;2015-09-18T20:00:00.000Z;33322995.408088244
txOutputs;2015-09-20T06:00:00.000Z;33437542.16421568
txOutputs;2015-09-21T16:00:00.000Z;33476096.497549023
txOutputs;2015-09-23T02:00:00.000Z;33480179.256372556
txOutputs;2015-09-24T12:00:00.000Z;33467263.933986936
txOutputs;2015-09-25T22:00:00.000Z;33486348.42200981
txOutputs;2015-09-27T08:00:00.000Z;33534639.08733659
txOutputs;2015-09-28T18:00:00.000Z;33530859.25408497
txOutputs;2015-09-30T04:00:00.000Z;33505824.14550655
txOutputs;2015-10-01T14:00:00.000Z;33520343.194362737
txOutputs;2015-10-03T00:00:00.000Z;33533895.588970587
txOutputs;2015-10-04T10:00:00.000Z;33639815.924183
txOutputs;2015-10-05T20:00:00.000Z;33652301.08472223
txOutputs;2015-10-07T06:00:00.000Z;33491412.37728757
txOutputs;2015-10-08T16:00:00.000Z;33293954.236111097
txOutputs;2015-10-10T02:00:00.000Z;33102341.13218953
txOutputs;2015-10-11T12:00:00.000Z;32910672.729820266
txOutputs;2015-10-12T22:00:00.000Z;32803982.514052268
txOutputs;2015-10-14T08:00:00.000Z;32714553.89812092
txOutputs;2015-10-15T18:00:00.000Z;32660582.244117633
txOutputs;2015-10-17T04:00:00.000Z;32647481.957434643
txOutputs;2015-10-18T14:00:00.000Z;32623592.942075167
txOutputs;2015-10-20T00:00:00.000Z;32599973.61785948
txOutputs;2015-10-21T10:00:00.000Z;32559111.35641668
txOutputs;2015-10-22T20:00:00.000Z;32546831.97549021
txOutputs;2015-10-24T06:00:00.000Z;32569221.786437918
txOutputs;2015-10-25T16:00:00.000Z;32552940.750751622
txOutputs;2015-10-27T02:00:00.000Z;32495305.24223857
txOutputs;2015-10-28T12:00:00.000Z;32470824.10197711
txOutputs;2015-10-29T22:00:00.000Z;32431609.808660135
txOutputs;2015-10-31T08:00:00.000Z;32483157.507352952
txOutputs;2015-11-01T18:00:00.000Z;32509716.820588235
txOutputs;2015-11-03T04:00:00.000Z;32452343.127369277
txOutputs;2015-11-04T14:00:00.000Z;32368391.968709145
txOutputs;2015-11-06T00:00:00.000Z;32378866.48517972
txOutputs;2015-11-07T10:00:00.000Z;32403493.3352124
txOutputs;2015-11-08T20:00:00.000Z;32441509.056944437
txOutputs;2015-11-10T06:00:00.000Z;32428752.245016348
txOutputs;2015-11-11T16:00:00.000Z;32410370.22295752
txOutputs;2015-11-13T02:00:00.000Z;32442756.797712415
txOutputs;2015-11-14T12:00:00.000Z;32532390.262826797
txOutputs;2015-11-15T22:00:00.000Z;32585876.600588236
txOutputs;2015-11-17T08:00:00.000Z;32598998.391094763
txOutputs;2015-11-18T18:00:00.000Z;32598480.556454252
txOutputs;2015-11-20T04:00:00.000Z;32593131.44313726
txOutputs;2015-11-21T14:00:00.000Z;32632443.308888897
txOutputs;2015-11-23T00:00:00.000Z;32632001.529901948
txOutputs;2015-11-24T10:00:00.000Z;32650917.38888891
txOutputs;2015-11-25T20:00:00.000Z;32636294.297957517
txOutputs;2015-11-27T06:00:00.000Z;32609347.91544119
txOutputs;2015-11-28T16:00:00.000Z;32660764.9262255
txOutputs;2015-11-30T02:00:00.000Z;32680486.374019604
txOutputs;2015-12-01T12:00:00.000Z;32656418.924101293
txOutputs;2015-12-02T22:00:00.000Z;32583860.7120915
txOutputs;2015-12-04T08:00:00.000Z;32565394.439787578
txOutputs;2015-12-05T18:00:00.000Z;32646397.799101297
txOutputs;2015-12-07T04:00:00.000Z;32679864.02531048
txOutputs;2015-12-08T14:00:00.000Z;32673297.36421569
txOutputs;2015-12-10T00:00:00.000Z;32678262.304901965
txOutputs;2015-12-11T10:00:00.000Z;32714611.984885596
txOutputs;2015-12-12T20:00:00.000Z;32754928.68856208
txOutputs;2015-12-14T06:00:00.000Z;32785474.065032687
txOutputs;2015-12-15T16:00:00.000Z;32811232.13055556
txOutputs;2015-12-17T02:00:00.000Z;32837524.91862744
txOutputs;2015-12-18T12:00:00.000Z;32900974.91013072
txOutputs;2015-12-19T22:00:00.000Z;33015708.818300653
txOutputs;2015-12-21T08:00:00.000Z;33109438.877777796
txOutputs;2015-12-22T18:00:00.000Z;33136140.124673195
txOutputs;2015-12-24T04:00:00.000Z;33194447.38169936
txOutputs;2015-12-25T14:00:00.000Z;33254795.747957505
txOutputs;2015-12-27T00:00:00.000Z;33330238.480065364
txOutputs;2015-12-28T10:00:00.000Z;33345292.68096406
txOutputs;2015-12-29T20:00:00.000Z;33345782.336274497
txOutputs;2015-12-31T06:00:00.000Z;33352221.645261437
txOutputs;2016-01-01T16:00:00.000Z;33398724.986519624
txOutputs;2016-01-03T02:00:00.000Z;33457439.802614376
txOutputs;2016-01-04T12:00:00.000Z;33494456.550163403
txOutputs;2016-01-05T22:00:00.000Z;33499324.903186284
txOutputs;2016-01-07T08:00:00.000Z;33510303.183660116
txOutputs;2016-01-08T18:00:00.000Z;33540191.07026144
txOutputs;2016-01-10T04:00:00.000Z;33623487.75661765
txOutputs;2016-01-11T14:00:00.000Z;33651081.68243466
txOutputs;2016-01-13T00:00:00.000Z;33665252.89861111
txOutputs;2016-01-14T10:00:00.000Z;33682723.07450979
txOutputs;2016-01-15T20:00:00.000Z;33703371.70008169
txOutputs;2016-01-17T06:00:00.000Z;33811685.080310464
txOutputs;2016-01-18T16:00:00.000Z;33849517.46388888
txOutputs;2016-01-20T02:00:00.000Z;33753136.33619281
txOutputs;2016-01-21T12:00:00.000Z;33756467.3882353
txOutputs;2016-01-22T22:00:00.000Z;33810318.78096406
txOutputs;2016-01-24T08:00:00.000Z;33902876.02875818
txOutputs;2016-01-25T18:00:00.000Z;33962052.36542483
txOutputs;2016-01-27T04:00:00.000Z;33987149.54746731
txOutputs;2016-01-28T14:00:00.000Z;34002746.319362745
txOutputs;2016-01-30T00:00:00.000Z;34033614.32704248
txOutputs;2016-01-31T10:00:00.000Z;34104944.17418302
txOutputs;2016-02-01T20:00:00.000Z;34018728.20326799
txOutputs;2016-02-03T06:00:00.000Z;33877138.61601307
txOutputs;2016-02-04T16:00:00.000Z;33864543.03096404
txOutputs;2016-02-06T02:00:00.000Z;33965585.13488562
txOutputs;2016-02-07T12:00:00.000Z;34144245.01990195
txOutputs;2016-02-08T22:00:00.000Z;34215030.25049017
txOutputs;2016-02-10T08:00:00.000Z;34245232.35972223
txOutputs;2016-02-11T18:00:00.000Z;34234291.83058823
txOutputs;2016-02-13T04:00:00.000Z;34301805.311683
txOutputs;2016-02-14T14:00:00.000Z;34380263.90555553
txOutputs;2016-02-16T00:00:00.000Z;34444865.84183007
txOutputs;2016-02-17T10:00:00.000Z;34482819.25906862
txOutputs;2016-02-18T20:00:00.000Z;34525243.021405235
txOutputs;2016-02-20T06:00:00.000Z;34602269.25702614
txOutputs;2016-02-21T16:00:00.000Z;34721389.00276142
txOutputs;2016-02-23T02:00:00.000Z;34811234.03864381
txOutputs;2016-02-24T12:00:00.000Z;34838015.43995097
txOutputs;2016-02-25T22:00:00.000Z;34827372.54117648
txOutputs;2016-02-27T08:00:00.000Z;34888889.921568625
txOutputs;2016-02-28T18:00:00.000Z;34997038.82500001
txOutputs;2016-03-01T04:00:00.000Z;35110490.67008168
txOutputs;2016-03-02T14:00:00.000Z;35116076.546683006
txOutputs;2016-03-04T00:00:00.000Z;35077471.39526143
txOutputs;2016-03-05T10:00:00.000Z;35078526.58635621
txOutputs;2016-03-06T20:00:00.000Z;35108595.6760621
txOutputs;2016-03-08T06:00:00.000Z;35119248.336699344
txOutputs;2016-03-09T16:00:00.000Z;34996625.595326796
txOutputs;2016-03-11T02:00:00.000Z;35017491.75228759
txOutputs;2016-03-12T12:00:00.000Z;35072320.59101306
txOutputs;2016-03-13T22:00:00.000Z;35093266.90743465
txOutputs;2016-03-15T08:00:00.000Z;35090044.55661765
txOutputs;2016-03-16T18:00:00.000Z;35119607.800735295
txOutputs;2016-03-18T04:00:00.000Z;35182480.28763073
txOutputs;2016-03-19T14:00:00.000Z;35269957.650000006
txOutputs;2016-03-21T00:00:00.000Z;35356253.914624184
txOutputs;2016-03-22T10:00:00.000Z;35410458.73790851
txOutputs;2016-03-23T20:00:00.000Z;35441126.61789217
txOutputs;2016-03-25T06:00:00.000Z;35452229.36617646
txOutputs;2016-03-26T16:00:00.000Z;35426445.705147035
txOutputs;2016-03-28T02:00:00.000Z;35411136.049918294
txOutputs;2016-03-29T12:00:00.000Z;35253184.31446076
txOutputs;2016-03-30T22:00:00.000Z;35218369.9138072
txOutputs;2016-04-01T08:00:00.000Z;35199064.03650328
txOutputs;2016-04-02T18:00:00.000Z;35131343.48926471
txOutputs;2016-04-04T04:00:00.000Z;35173800.78978756
txOutputs;2016-04-05T14:00:00.000Z;35206635.51217321
txOutputs;2016-04-07T00:00:00.000Z;35285651.68325164
txOutputs;2016-04-08T10:00:00.000Z;35372128.56962419
txOutputs;2016-04-09T20:00:00.000Z;35415256.4743464
txOutputs;2016-04-11T06:00:00.000Z;35530938.30645425
txOutputs;2016-04-12T16:00:00.000Z;35585930.490277775
txOutputs;2016-04-14T02:00:00.000Z;35671399.702859476
txOutputs;2016-04-15T12:00:00.000Z;35757592.21212419
txOutputs;2016-04-16T22:00:00.000Z;35819674.90269608
txOutputs;2016-04-18T08:00:00.000Z;35915467.8638889
txOutputs;2016-04-19T18:00:00.000Z;35997130.534477115
txOutputs;2016-04-21T04:00:00.000Z;36049578.577777766
txOutputs;2016-04-22T14:00:00.000Z;36112505.02638889
txOutputs;2016-04-24T00:00:00.000Z;36245575.35547385
txOutputs;2016-04-25T10:00:00.000Z;36347652.96168301
txOutputs;2016-04-26T20:00:00.000Z;36452676.957761444
txOutputs;2016-04-28T06:00:00.000Z;36549850.09673203
txOutputs;2016-04-29T16:00:00.000Z;36706000.566339865
txOutputs;2016-05-01T02:00:00.000Z;36834672.666764714
txOutputs;2016-05-02T12:00:00.000Z;36916447.883365996
txOutputs;2016-05-03T22:00:00.000Z;36951019.61854573
txOutputs;2016-05-05T08:00:00.000Z;37044530.82542484
txOutputs;2016-05-06T18:00:00.000Z;37131340.10514704
txOutputs;2016-05-08T04:00:00.000Z;37225433.79852941
txOutputs;2016-05-09T14:00:00.000Z;37339837.98251632
txOutputs;2016-05-11T00:00:00.000Z;37455556.25890523
txOutputs;2016-05-12T10:00:00.000Z;37555253.378186285
txOutputs;2016-05-13T20:00:00.000Z;37643349.760359466
txOutputs;2016-05-15T06:00:00.000Z;37728932.32957516
txOutputs;2016-05-16T16:00:00.000Z;37875982.66919934
txOutputs;2016-05-18T02:00:00.000Z;38019003.88480393
txOutputs;2016-05-19T12:00:00.000Z;38111165.78053923
txOutputs;2016-05-20T22:00:00.000Z;38108901.42346407
txOutputs;2016-05-22T08:00:00.000Z;38072466.55743465
txOutputs;2016-05-23T18:00:00.000Z;38155654.00334968
txOutputs;2016-05-25T04:00:00.000Z;38254110.59893791
txOutputs;2016-05-26T14:00:00.000Z;38281438.079003274
txOutputs;2016-05-28T00:00:00.000Z;38221692.777450986
txOutputs;2016-05-29T10:00:00.000Z;38240530.16617649
txOutputs;2016-05-30T20:00:00.000Z;38276941.05808824
txOutputs;2016-06-01T06:00:00.000Z;38348203.34395426
txOutputs;2016-06-02T16:00:00.000Z;38442517.53341505
txOutputs;2016-06-04T02:00:00.000Z;38545130.59714052
txOutputs;2016-06-05T12:00:00.000Z;38626122.90620916
txOutputs;2016-06-06T22:00:00.000Z;38719651.66985295
txOutputs;2016-06-08T08:00:00.000Z;38813453.77753268
txOutputs;2016-06-09T18:00:00.000Z;38925430.613725476
txOutputs;2016-06-11T04:00:00.000Z;39027866.8559477
txOutputs;2016-06-12T14:00:00.000Z;39074710.42135621
txOutputs;2016-06-14T00:00:00.000Z;39089901.47714053
txOutputs;2016-06-15T10:00:00.000Z;39130815.67320263
txOutputs;2016-06-16T20:00:00.000Z;39189268.72045751
txOutputs;2016-06-18T06:00:00.000Z;39232906.920833334
txOutputs;2016-06-19T16:00:00.000Z;39278156.52254903
txOutputs;2016-06-21T02:00:00.000Z;39386325.03954248
txOutputs;2016-06-22T12:00:00.000Z;39439219.99117648
txOutputs;2016-06-23T22:00:00.000Z;39534717.544771254
txOutputs;2016-06-25T08:00:00.000Z;39562451.80383988
txOutputs;2016-06-26T18:00:00.000Z;39586585.42344773
txOutputs;2016-06-28T04:00:00.000Z;39663352.44101307
txOutputs;2016-06-29T14:00:00.000Z;39705234.11789215
txOutputs;2016-07-01T00:00:00.000Z;39711767.65816993
txOutputs;2016-07-02T10:00:00.000Z;39745684.73586602
txOutputs;2016-07-03T20:00:00.000Z;39818455.89550655
txOutputs;2016-07-05T06:00:00.000Z;39875785.18212418
txOutputs;2016-07-06T16:00:00.000Z;39915803.2625
txOutputs;2016-07-08T02:00:00.000Z;39959432.637254916
txOutputs;2016-07-09T12:00:00.000Z;40032836.96862745
txOutputs;2016-07-10T22:00:00.000Z;40096117.28267975
txOutputs;2016-07-12T08:00:00.000Z;40155667.466143765
txOutputs;2016-07-13T18:00:00.000Z;40214262.88112746
txOutputs;2016-07-15T04:00:00.000Z;40288645.23080064
txOutputs;2016-07-16T14:00:00.000Z;40258794.72941177
txOutputs;2016-07-18T00:00:00.000Z;40239352.42728756
txOutputs;2016-07-19T10:00:00.000Z;40301000.28464053
txOutputs;2016-07-20T20:00:00.000Z;40352977.37584966
txOutputs;2016-07-22T06:00:00.000Z;40407859.455065355
txOutputs;2016-07-23T16:00:00.000Z;40447182.28825944
txOutputs;2016-07-25T02:00:00.000Z;40539981.72842593
txOutputs;2016-07-26T12:00:00.000Z;40612380.12132353
txOutputs;2016-07-27T22:00:00.000Z;40655815.27338236
txOutputs;2016-07-29T08:00:00.000Z;40695792.66887255
txOutputs;2016-07-30T18:00:00.000Z;40721122.07782679
txOutputs;2016-08-01T04:00:00.000Z;40679694.12769607
txOutputs;2016-08-02T14:00:00.000Z;40678811.445016354
txOutputs;2016-08-04T00:00:00.000Z;40687784.10375817
txOutputs;2016-08-05T10:00:00.000Z;40706963.99411764
txOutputs;2016-08-06T20:00:00.000Z;40739935.310866036
txOutputs;2016-08-08T06:00:00.000Z;40785117.14039215
txOutputs;2016-08-09T16:00:00.000Z;40853655.14918299
txOutputs;2016-08-11T02:00:00.000Z;40920805.22403595
txOutputs;2016-08-12T12:00:00.000Z;40950184.898284316
txOutputs;2016-08-13T22:00:00.000Z;40997017.76388886
txOutputs;2016-08-15T08:00:00.000Z;40997387.87320262
txOutputs;2016-08-16T18:00:00.000Z;41058030.93839868
txOutputs;2016-08-18T04:00:00.000Z;41094868.73210785
txOutputs;2016-08-19T14:00:00.000Z;41134708.284885615
txOutputs;2016-08-21T00:00:00.000Z;41166632.13635621
txOutputs;2016-08-22T10:00:00.000Z;41178456.080964066
txOutputs;2016-08-23T20:00:00.000Z;41225282.72001633
txOutputs;2016-08-25T06:00:00.000Z;41293965.66919935
txOutputs;2016-08-26T16:00:00.000Z;41377662.693627454
txOutputs;2016-08-28T02:00:00.000Z;41398490.209232025
txOutputs;2016-08-29T12:00:00.000Z;41398915.71339868
txOutputs;2016-08-30T22:00:00.000Z;41458520.68970587
txOutputs;2016-09-01T08:00:00.000Z;41489955.40269607
txOutputs;2016-09-02T18:00:00.000Z;41522386.31339871
txOutputs;2016-09-04T04:00:00.000Z;41521433.94493463
txOutputs;2016-09-05T14:00:00.000Z;41576769.91756537
txOutputs;2016-09-07T00:00:00.000Z;41614527.520261444
txOutputs;2016-09-08T10:00:00.000Z;41648153.11715686
txOutputs;2016-09-09T20:00:00.000Z;41636918.164542496
txOutputs;2016-09-11T06:00:00.000Z;41643854.107026145
txOutputs;2016-09-12T16:00:00.000Z;41663593.055964015
txOutputs;2016-09-14T02:00:00.000Z;41636402.87181372
txOutputs;2016-09-15T12:00:00.000Z;41646470.88014708
txOutputs;2016-09-16T22:00:00.000Z;41617918.075081706
txOutputs;2016-09-18T08:00:00.000Z;41648876.97949346
txOutputs;2016-09-19T18:00:00.000Z;41696087.41053922
txOutputs;2016-09-21T04:00:00.000Z;41764020.648039214
txOutputs;2016-09-22T14:00:00.000Z;41798045.43741829
txOutputs;2016-09-24T00:00:00.000Z;41821830.05661764
txOutputs;2016-09-25T10:00:00.000Z;41815082.37328431
txOutputs;2016-09-26T20:00:00.000Z;41835672.82181371
txOutputs;2016-09-28T06:00:00.000Z;41826843.53235291
txOutputs;2016-09-29T16:00:00.000Z;41878263.3361111
txOutputs;2016-10-01T02:00:00.000Z;41887095.12156862
txOutputs;2016-10-02T12:00:00.000Z;41905241.98869281
txOutputs;2016-10-03T22:00:00.000Z;41939501.63733663
txOutputs;2016-10-05T08:00:00.000Z;41994901.863382354
txOutputs;2016-10-06T18:00:00.000Z;42088326.16691176
txOutputs;2016-10-08T04:00:00.000Z;42131941.82965685
txOutputs;2016-10-09T14:00:00.000Z;42150232.78954247
txOutputs;2016-10-11T00:00:00.000Z;42188638.02022874
txOutputs;2016-10-12T10:00:00.000Z;42198537.16797385
txOutputs;2016-10-13T20:00:00.000Z;42242016.635866016
txOutputs;2016-10-15T06:00:00.000Z;42328385.28031049
txOutputs;2016-10-16T16:00:00.000Z;42363332.59315359
txOutputs;2016-10-18T02:00:00.000Z;42346269.985294126
txOutputs;2016-10-19T12:00:00.000Z;42317335.60776144
txOutputs;2016-10-20T22:00:00.000Z;42348417.43929739
txOutputs;2016-10-22T08:00:00.000Z;42300364.9240196
txOutputs;2016-10-23T18:00:00.000Z;42158113.288562074
txOutputs;2016-10-25T04:00:00.000Z;42018064.48022876
txOutputs;2016-10-26T14:00:00.000Z;41842317.06225491
txOutputs;2016-10-28T00:00:00.000Z;41809565.7747549
txOutputs;2016-10-29T10:00:00.000Z;41792490.21576797
txOutputs;2016-10-30T20:00:00.000Z;41789304.43954248
txOutputs;2016-11-01T06:00:00.000Z;41807595.13111659
txOutputs;2016-11-02T16:00:00.000Z;41839828.779444434
txOutputs;2016-11-04T02:00:00.000Z;41895698.83071896
txOutputs;2016-11-05T12:00:00.000Z;41953573.17622549
txOutputs;2016-11-06T22:00:00.000Z;42030655.44428105
txOutputs;2016-11-08T08:00:00.000Z;42059820.74338237
txOutputs;2016-11-09T18:00:00.000Z;42090096.85848037
txOutputs;2016-11-11T04:00:00.000Z;42089908.37091504
txOutputs;2016-11-12T14:00:00.000Z;42120567.41642156
txOutputs;2016-11-14T00:00:00.000Z;42162230.303022884
txOutputs;2016-11-15T10:00:00.000Z;42225484.34575161
txOutputs;2016-11-16T20:00:00.000Z;42240182.1581486
txOutputs;2016-11-18T06:00:00.000Z;42263380.88055556
txOutputs;2016-11-19T16:00:00.000Z;42401056.517728746
txOutputs;2016-11-21T02:00:00.000Z;42579898.42165033
txOutputs;2016-11-22T12:00:00.000Z;42780703.82116016
txOutputs;2016-11-23T22:00:00.000Z;42870865.478872545
txOutputs;2016-11-25T08:00:00.000Z;42939572.06558822
txOutputs;2016-11-26T18:00:00.000Z;42950810.525817014
txOutputs;2016-11-28T04:00:00.000Z;42991431.10214054
txOutputs;2016-11-29T14:00:00.000Z;43058571.93104576
txOutputs;2016-12-01T00:00:00.000Z;43102638.47328431
txOutputs;2016-12-02T10:00:00.000Z;43149291.13063725
txOutputs;2016-12-03T20:00:00.000Z;43130763.76838239
txOutputs;2016-12-05T06:00:00.000Z;43146093.661764696
txOutputs;2016-12-06T16:00:00.000Z;43201448.317320265
txOutputs;2016-12-08T02:00:00.000Z;43211179.38635621
txOutputs;2016-12-09T12:00:00.000Z;43246189.13320262
txOutputs;2016-12-10T22:00:00.000Z;43251664.61715685
txOutputs;2016-12-12T08:00:00.000Z;43246582.646241836
txOutputs;2016-12-13T18:00:00.000Z;43288289.05799021
txOutputs;2016-12-15T04:00:00.000Z;43388783.92091503
txOutputs;2016-12-16T14:00:00.000Z;43506196.77524511
txOutputs;2016-12-18T00:00:00.000Z;43550846.27313728
txOutputs;2016-12-19T10:00:00.000Z;43596110.472712405
txOutputs;2016-12-20T20:00:00.000Z;43652585.50441176
txOutputs;2016-12-22T06:00:00.000Z;43683866.68233663
txOutputs;2016-12-23T16:00:00.000Z;43757483.03490199
txOutputs;2016-12-25T02:00:00.000Z;43739611.6111928
txOutputs;2016-12-26T12:00:00.000Z;43748662.26181374
txOutputs;2016-12-27T22:00:00.000Z;43780676.2894608
txOutputs;2016-12-29T08:00:00.000Z;43827625.12982024
txOutputs;2016-12-30T18:00:00.000Z;43907132.12982025
txOutputs;2017-01-01T04:00:00.000Z;43973602.426960796
txOutputs;2017-01-02T14:00:00.000Z;44091380.110048994
txOutputs;2017-01-04T00:00:00.000Z;44240809.71446079
txOutputs;2017-01-05T10:00:00.000Z;44290003.96862745
txOutputs;2017-01-06T20:00:00.000Z;44405823.812663406
txOutputs;2017-01-08T06:00:00.000Z;44460874.05776145
txOutputs;2017-01-09T16:00:00.000Z;44556197.44377451
txOutputs;2017-01-11T02:00:00.000Z;44622074.070098035
txOutputs;2017-01-12T12:00:00.000Z;44669889.033006534
txOutputs;2017-01-13T22:00:00.000Z;44710483.462336585
txOutputs;2017-01-15T08:00:00.000Z;44740319.20178106
txOutputs;2017-01-16T18:00:00.000Z;44785748.88132353
txOutputs;2017-01-18T04:00:00.000Z;44879207.19571895
txOutputs;2017-01-19T14:00:00.000Z;44928570.466666676
txOutputs;2017-01-21T00:00:00.000Z;45021376.11225492
txOutputs;2017-01-22T10:00:00.000Z;45083474.410947695
txOutputs;2017-01-23T20:00:00.000Z;44971517.62810457
txOutputs;2017-01-25T06:00:00.000Z;44977731.16601306
txOutputs;2017-01-26T16:00:00.000Z;44944932.77843137
txOutputs;2017-01-28T02:00:00.000Z;44885492.10562093
txOutputs;2017-01-29T12:00:00.000Z;44795138.68284316
txOutputs;2017-01-30T22:00:00.000Z;44798722.72663398
txOutputs;2017-02-01T08:00:00.000Z;44867824.002173215
txOutputs;2017-02-02T18:00:00.000Z;44938913.073039204
txOutputs;2017-02-04T04:00:00.000Z;45031479.396568626
txOutputs;2017-02-05T14:00:00.000Z;44997268.541013084
txOutputs;2017-02-07T00:00:00.000Z;45049885.757924825
txOutputs;2017-02-08T10:00:00.000Z;45135618.76743463
txOutputs;2017-02-09T20:00:00.000Z;45208476.466993466
txOutputs;2017-02-11T06:00:00.000Z;45240851.45392159
txOutputs;2017-02-12T16:00:00.000Z;45265723.35024508
txOutputs;2017-02-14T02:00:00.000Z;45283796.59313726
txOutputs;2017-02-15T12:00:00.000Z;45363553.15612745
txOutputs;2017-02-16T22:00:00.000Z;45456021.91250002
txOutputs;2017-02-18T08:00:00.000Z;45516588.052826785
txOutputs;2017-02-19T18:00:00.000Z;45572744.38088234
txOutputs;2017-02-21T04:00:00.000Z;45645085.20514704
txOutputs;2017-02-22T14:00:00.000Z;45742958.00143791
txOutputs;2017-02-24T00:00:00.000Z;45859392.1598039
txOutputs;2017-02-25T10:00:00.000Z;45893568.530800626
txOutputs;2017-02-26T20:00:00.000Z;45850921.54305557
txOutputs;2017-02-28T06:00:00.000Z;45958666.747254916
txOutputs;2017-03-01T16:00:00.000Z;46100219.59550653
txOutputs;2017-03-03T02:00:00.000Z;46251003.90686277
txOutputs;2017-03-04T12:00:00.000Z;46332225.22949347
txOutputs;2017-03-05T22:00:00.000Z;46421888.29124184
txOutputs;2017-03-07T08:00:00.000Z;46524644.72875816
txOutputs;2017-03-08T18:00:00.000Z;46623547.494771235
txOutputs;2017-03-10T04:00:00.000Z;46667077.69297386
txOutputs;2017-03-11T14:00:00.000Z;46638540.30338235
txOutputs;2017-03-13T00:00:00.000Z;46578077.455637276
txOutputs;2017-03-14T10:00:00.000Z;46644729.40482026
txOutputs;2017-03-15T20:00:00.000Z;46763723.59499998
txOutputs;2017-03-17T06:00:00.000Z;46782629.86094772
txOutputs;2017-03-18T16:00:00.000Z;46781567.40310457
txOutputs;2017-03-20T02:00:00.000Z;46842668.86740196
txOutputs;2017-03-21T12:00:00.000Z;46952479.043366
txOutputs;2017-03-22T22:00:00.000Z;47041400.391127445
txOutputs;2017-03-24T08:00:00.000Z;47089904.30816833
txOutputs;2017-03-25T18:00:00.000Z;47202313.96550653
txOutputs;2017-03-27T04:00:00.000Z;47312345.704084985
txOutputs;2017-03-28T14:00:00.000Z;47375006.011928126
txOutputs;2017-03-30T00:00:00.000Z;47408890.092745095
txOutputs;2017-03-31T10:00:00.000Z;47454257.005555555
txOutputs;2017-04-01T20:00:00.000Z;47543774.13243465
txOutputs;2017-04-03T06:00:00.000Z;47618240.876225494
txOutputs;2017-04-04T16:00:00.000Z;47710838.73161764
txOutputs;2017-04-06T02:00:00.000Z;47824186.08227125
txOutputs;2017-04-07T12:00:00.000Z;47851206.87892155
txOutputs;2017-04-08T22:00:00.000Z;47848402.74575164
txOutputs;2017-04-10T08:00:00.000Z;47947683.4220588
txOutputs;2017-04-11T18:00:00.000Z;48076678.787173234
txOutputs;2017-04-13T04:00:00.000Z;48222871.14305559
txOutputs;2017-04-14T14:00:00.000Z;48403567.48120916
txOutputs;2017-04-16T00:00:00.000Z;48485647.65473853
txOutputs;2017-04-17T10:00:00.000Z;48615045.388071895
txOutputs;2017-04-18T20:00:00.000Z;48745464.57941177
txOutputs;2017-04-20T06:00:00.000Z;48786848.08921566
txOutputs;2017-04-21T16:00:00.000Z;48850204.58513072
txOutputs;2017-04-23T02:00:00.000Z;48859786.01016341
txOutputs;2017-04-24T12:00:00.000Z;48908546.70400327
txOutputs;2017-04-25T22:00:00.000Z;49055050.582516305
txOutputs;2017-04-27T08:00:00.000Z;49161227.071586505
txOutputs;2017-04-28T18:00:00.000Z;49312439.79370914
txOutputs;2017-04-30T04:00:00.000Z;49321131.090767995
txOutputs;2017-05-01T14:00:00.000Z;49387778.16625816
txOutputs;2017-05-03T00:00:00.000Z;49535392.06045752
txOutputs;2017-05-04T10:00:00.000Z;49718635.37480394
txOutputs;2017-05-05T20:00:00.000Z;49876516.20653595
txOutputs;2017-05-07T06:00:00.000Z;49917121.19820264
txOutputs;2017-05-08T16:00:00.000Z;50034488.35890522
txOutputs;2017-05-10T02:00:00.000Z;50220255.08496733
txOutputs;2017-05-11T12:00:00.000Z;50418489.712745115
txOutputs;2017-05-12T22:00:00.000Z;50572686.21225489
txOutputs;2017-05-14T08:00:00.000Z;50701267.43741831
txOutputs;2017-05-15T18:00:00.000Z;50829656.88864378
txOutputs;2017-05-17T04:00:00.000Z;50832718.431209154
txOutputs;2017-05-18T14:00:00.000Z;50938474.017810464
txOutputs;2017-05-20T00:00:00.000Z;51003190.85228758
txOutputs;2017-05-21T10:00:00.000Z;51091328.29145189
txOutputs;2017-05-22T20:00:00.000Z;51248309.90580066
txOutputs;2017-05-24T06:00:00.000Z;51433550.54109476
txOutputs;2017-05-25T16:00:00.000Z;51620435.87728757
txOutputs;2017-05-27T02:00:00.000Z;51754886.5882353
txOutputs;2017-05-28T12:00:00.000Z;51786178.04026142
txOutputs;2017-05-29T22:00:00.000Z;51928317.2856209
txOutputs;2017-05-31T08:00:00.000Z;52020678.44137255
txOutputs;2017-06-01T18:00:00.000Z;52105500.33496732
txOutputs;2017-06-03T04:00:00.000Z;52064417.87761438
txOutputs;2017-06-04T14:00:00.000Z;51991866.57483659
txOutputs;2017-06-06T00:00:00.000Z;52023968.75955885
txOutputs;2017-06-07T10:00:00.000Z;52080202.93480392
txOutputs;2017-06-08T20:00:00.000Z;52090043.108251646
txOutputs;2017-06-10T06:00:00.000Z;52074387.3932843
txOutputs;2017-06-11T16:00:00.000Z;52007429.077287555
txOutputs;2017-06-13T02:00:00.000Z;52112807.91462419
txOutputs;2017-06-14T12:00:00.000Z;52195949.318627395
txOutputs;2017-06-15T22:00:00.000Z;52198695.98249999
txOutputs;2017-06-17T08:00:00.000Z;52104704.62431372
txOutputs;2017-06-18T18:00:00.000Z;51973301.58700981
txOutputs;2017-06-20T04:00:00.000Z;52019928.76388888
txOutputs;2017-06-21T14:00:00.000Z;52149547.85767973
txOutputs;2017-06-23T00:00:00.000Z;52116175.589869276
txOutputs;2017-06-24T10:00:00.000Z;52025505.99566995
txOutputs;2017-06-25T20:00:00.000Z;51962889.43120917
txOutputs;2017-06-27T06:00:00.000Z;52039043.31176469
txOutputs;2017-06-28T16:00:00.000Z;52053055.84060455
txOutputs;2017-06-30T02:00:00.000Z;52069588.46053923
txOutputs;2017-07-01T12:00:00.000Z;51904142.45408498
txOutputs;2017-07-02T22:00:00.000Z;51791220.76388891
txOutputs;2017-07-04T08:00:00.000Z;51806568.99591503
txOutputs;2017-07-05T18:00:00.000Z;51767541.26250002
txOutputs;2017-07-07T04:00:00.000Z;51781200.873284295
txOutputs;2017-07-08T14:00:00.000Z;51754553.957516335
txOutputs;2017-07-10T00:00:00.000Z;51775829.78799017
txOutputs;2017-07-11T10:00:00.000Z;51794010.8318791
txOutputs;2017-07-12T20:00:00.000Z;51740228.145833336
txOutputs;2017-07-14T06:00:00.000Z;51771028.983872555
txOutputs;2017-07-15T16:00:00.000Z;51721686.85122551
txOutputs;2017-07-17T02:00:00.000Z;51611761.16070259
txOutputs;2017-07-18T12:00:00.000Z;51574194.20089867
txOutputs;2017-07-19T22:00:00.000Z;51520498.634640515
txOutputs;2017-07-21T08:00:00.000Z;51470480.2031536
txOutputs;2017-07-22T18:00:00.000Z;51369358.12312089
txOutputs;2017-07-24T04:00:00.000Z;51251690.42230392
txOutputs;2017-07-25T14:00:00.000Z;51235915.73210783
txOutputs;2017-07-27T00:00:00.000Z;51141043.6262255
txOutputs;2017-07-28T10:00:00.000Z;51047644.5978758
txOutputs;2017-07-29T20:00:00.000Z;50881350.29183004
txOutputs;2017-07-31T06:00:00.000Z;50725860.014951
txOutputs;2017-08-01T16:00:00.000Z;50501127.237908505
txOutputs;2017-08-03T02:00:00.000Z;50377673.39949345
txOutputs;2017-08-04T12:00:00.000Z;50227026.04093141
txOutputs;2017-08-05T22:00:00.000Z;50141082.22557192
txOutputs;2017-08-07T08:00:00.000Z;50092096.686764695
txOutputs;2017-08-08T18:00:00.000Z;50122141.520179726
txOutputs;2017-08-10T04:00:00.000Z;50216045.13692811
txOutputs;2017-08-11T14:00:00.000Z;50331680.90547384
txOutputs;2017-08-13T00:00:00.000Z;50359465.26674838
txOutputs;2017-08-14T10:00:00.000Z;50467995.92017973
txOutputs;2017-08-15T20:00:00.000Z;50672539.884705886
txOutputs;2017-08-17T06:00:00.000Z;50734072.88137255
txOutputs;2017-08-18T16:00:00.000Z;50840977.59526142
txOutputs;2017-08-20T02:00:00.000Z;50821354.86021241
txOutputs;2017-08-21T12:00:00.000Z;50962140.9636438
txOutputs;2017-08-22T22:00:00.000Z;51142688.339542486
txOutputs;2017-08-24T08:00:00.000Z;51243775.73006537
txOutputs;2017-08-25T18:00:00.000Z;51430052.14681373
txOutputs;2017-08-27T04:00:00.000Z;51450555.700506516
txOutputs;2017-08-28T14:00:00.000Z;51440869.18194445
txOutputs;2017-08-30T00:00:00.000Z;51371954.21380721
txOutputs;2017-08-31T10:00:00.000Z;51281320.47058824
txOutputs;2017-09-01T20:00:00.000Z;51235420.199019656
txOutputs;2017-09-03T06:00:00.000Z;51203083.775375806
txOutputs;2017-09-04T16:00:00.000Z;51155253.248611115
txOutputs;2017-09-06T02:00:00.000Z;51195861.87712415
txOutputs;2017-09-07T12:00:00.000Z;51161439.58264707
txOutputs;2017-09-08T22:00:00.000Z;51165550.740147054
txOutputs;2017-09-10T08:00:00.000Z;51132269.636225514
txOutputs;2017-09-11T18:00:00.000Z;51136626.58235294
txOutputs;2017-09-13T04:00:00.000Z;51181194.372728765
txOutputs;2017-09-14T14:00:00.000Z;51192580.80857842
txOutputs;2017-09-16T00:00:00.000Z;51276118.9629085
txOutputs;2017-09-17T10:00:00.000Z;51308866.82024506
txOutputs;2017-09-18T20:00:00.000Z;51328082.73676716
txOutputs;2017-09-20T06:00:00.000Z;51372857.97627452
txOutputs;2017-09-21T16:00:00.000Z;51430336.480800636
txOutputs;2017-09-23T02:00:00.000Z;51505347.62165034
txOutputs;2017-09-24T12:00:00.000Z;51562038.226405255
txOutputs;2017-09-25T22:00:00.000Z;51625857.84003269
txOutputs;2017-09-27T08:00:00.000Z;51705103.03047384
txOutputs;2017-09-28T18:00:00.000Z;51734259.07534313
txOutputs;2017-09-30T04:00:00.000Z;51789745.499019615
txOutputs;2017-10-01T14:00:00.000Z;51766291.19330066
txOutputs;2017-10-03T00:00:00.000Z;51759115.649428084
txOutputs;2017-10-04T10:00:00.000Z;51827668.17973858
txOutputs;2017-10-05T20:00:00.000Z;51919326.607058816
txOutputs;2017-10-07T06:00:00.000Z;51965946.917075194
txOutputs;2017-10-08T16:00:00.000Z;51938628.72106209
txOutputs;2017-10-10T02:00:00.000Z;51961041.025522865
txOutputs;2017-10-11T12:00:00.000Z;52051923.19836602
txOutputs;2017-10-12T22:00:00.000Z;52198313.120588236
txOutputs;2017-10-14T08:00:00.000Z;52286809.29810458
txOutputs;2017-10-15T18:00:00.000Z;52263483.35707517
txOutputs;2017-10-17T04:00:00.000Z;52377691.43799021
txOutputs;2017-10-18T14:00:00.000Z;52553270.37183009
txOutputs;2017-10-20T00:00:00.000Z;52597505.105637245
txOutputs;2017-10-21T10:00:00.000Z;52577585.81870915
txOutputs;2017-10-22T20:00:00.000Z;52509831.90743461
txOutputs;2017-10-24T06:00:00.000Z;52527738.53843138
txOutputs;2017-10-25T16:00:00.000Z;52525391.94264704
txOutputs;2017-10-27T02:00:00.000Z;52706525.50539214
txOutputs;2017-10-28T12:00:00.000Z;52913116.8248693
txOutputs;2017-10-29T22:00:00.000Z;53064414.10727123
txOutputs;2017-10-31T08:00:00.000Z;53169004.55751633
txOutputs;2017-11-01T18:00:00.000Z;53349172.20310457
txOutputs;2017-11-03T04:00:00.000Z;53620219.1119281
txOutputs;2017-11-04T14:00:00.000Z;53732249.32957517
txOutputs;2017-11-06T00:00:00.000Z;53787423.44638889
txOutputs;2017-11-07T10:00:00.000Z;53960442.54950981
txOutputs;2017-11-08T20:00:00.000Z;54115272.726440325
txOutputs;2017-11-10T06:00:00.000Z;54385383.26436314
txOutputs;2017-11-11T16:00:00.000Z;54562925.20972221
txOutputs;2017-11-13T02:00:00.000Z;54773451.07965686
txOutputs;2017-11-14T12:00:00.000Z;54980285.24174836
txOutputs;2017-11-15T22:00:00.000Z;55115054.941568635
txOutputs;2017-11-17T08:00:00.000Z;55189565.74542483
txOutputs;2017-11-18T18:00:00.000Z;55140524.44150324
txOutputs;2017-11-20T04:00:00.000Z;55182849.19828432
txOutputs;2017-11-21T14:00:00.000Z;55325789.12826799
txOutputs;2017-11-23T00:00:00.000Z;55515283.63611107
txOutputs;2017-11-24T10:00:00.000Z;55681001.02524512
txOutputs;2017-11-25T20:00:00.000Z;55811415.31454247
txOutputs;2017-11-27T06:00:00.000Z;56041660.847075194
txOutputs;2017-11-28T16:00:00.000Z;56327140.22785945
txOutputs;2017-11-30T02:00:00.000Z;56620848.64599669
txOutputs;2017-12-01T12:00:00.000Z;56842810.93323531
txOutputs;2017-12-02T22:00:00.000Z;56916130.63300654
txOutputs;2017-12-04T08:00:00.000Z;57102462.17591503
txOutputs;2017-12-05T18:00:00.000Z;57419107.07418301
txOutputs;2017-12-07T04:00:00.000Z;57819314.02352942
txOutputs;2017-12-08T14:00:00.000Z;58233200.93700981
txOutputs;2017-12-10T00:00:00.000Z;58379024.71715688
txOutputs;2017-12-11T10:00:00.000Z;58570190.62998369
txOutputs;2017-12-12T20:00:00.000Z;58935105.16650326
txOutputs;2017-12-14T06:00:00.000Z;59351186.64534313
txOutputs;2017-12-15T16:00:00.000Z;59658429.14042483
txOutputs;2017-12-17T02:00:00.000Z;59819328.15843138
txOutputs;2017-12-18T12:00:00.000Z;60085269.280637264
txOutputs;2017-12-19T22:00:00.000Z;60569041.45751635
txOutputs;2017-12-21T08:00:00.000Z;61065889.283986904
txOutputs;2017-12-22T18:00:00.000Z;61417951.072140515
txOutputs;2017-12-24T04:00:00.000Z;61506937.723447725
txOutputs;2017-12-25T14:00:00.000Z;61456840.44767973
txOutputs;2017-12-27T00:00:00.000Z;61489363.14199344
txOutputs;2017-12-28T10:00:00.000Z;61630669.88415032
txOutputs;2017-12-29T20:00:00.000Z;61910732.498366036
txOutputs;2017-12-31T06:00:00.000Z;61921973.045506574
txOutputs;2018-01-01T16:00:00.000Z;61815607.388317
txOutputs;2018-01-03T02:00:00.000Z;62174699.547549024
txOutputs;2018-01-04T12:00:00.000Z;62741322.60416665
txOutputs;2018-01-05T22:00:00.000Z;63163018.16217321
txOutputs;2018-01-07T08:00:00.000Z;63498922.2556536
txOutputs;2018-01-08T18:00:00.000Z;63826763.38218954
txOutputs;2018-01-10T04:00:00.000Z;64117169.84869281
txOutputs;2018-01-11T14:00:00.000Z;64064797.05187908
txOutputs;2018-01-13T00:00:00.000Z;63997098.751274526
txOutputs;2018-01-14T10:00:00.000Z;63928995.783496745
txOutputs;2018-01-15T20:00:00.000Z;64015264.15014707
txOutputs;2018-01-17T06:00:00.000Z;64036964.58341504
txOutputs;2018-01-18T16:00:00.000Z;64018408.99811664
txOutputs;2018-01-20T02:00:00.000Z;63585264.159068614
txOutputs;2018-01-21T12:00:00.000Z;63108289.97374184
txOutputs;2018-01-22T22:00:00.000Z;62786491.519934654
txOutputs;2018-01-24T08:00:00.000Z;62451558.13813726
txOutputs;2018-01-25T18:00:00.000Z;62224667.497794114
txOutputs;2018-01-27T04:00:00.000Z;62009809.077042475
txOutputs;2018-01-28T14:00:00.000Z;61835399.51584969
txOutputs;2018-01-30T00:00:00.000Z;61648154.500326775
txOutputs;2018-01-31T10:00:00.000Z;61579420.719689526
txOutputs;2018-02-01T20:00:00.000Z;61401962.362908445
txOutputs;2018-02-03T06:00:00.000Z;61116390.56862746
txOutputs;2018-02-04T16:00:00.000Z;60691468.25596595
