1315922016, 0.0
1315983600, 4.976153846153846
1316075973, 4.837999999999999
1316156526, 3.657142857142857
1316273528, 2.904
1316340409, 0.0
1316440023, 3.761111111111111
1316507693, 1.64
1316613345, 4.877222222222221
1316687702, 3.8033333333333332
1316768942, 3.4219999999999997
1316855729, 3.428
1316952803, 4.962000000000001
1317023225, 2.0166666666666666
1317123356, 4.908333333333332
1317204053, 3.806666666666667
1317296791, 4.2705882352941185
1317624403, 3.4414285714285713
1317712819, 3.462857142857143
1317812570, 4.4964
1317892000, 4.550000000000001
1317972345, 4.259333333333333
1318068031, 3.4899999999999998
1318161148, 3.1485714285714286
1318276419, 0.0
1318335174, 2.92
1318428233, 2.4219999999999997
1318510634, 2.6316666666666664
1318583643, 3.234545454545455
1318831142, 2.892857142857143
1319104501, 1.3066666666666666
1319183746, 1.5099999999999998
1319451709, 1.125
1319530998, 0.9733333333333333
1319631404, 2.158
1319787030, 1.672
1319875994, 2.5520000000000005
1319971835, 2.9514285714285715
1320050988, 2.6077777777777778
1320148855, 2.02
1320395329, 1.11
1320489334, 2.7916666666666665
1320601254, 2.715
1320741463, 0.0
1320837306, 0.0
1320929138, 2.17
1321000781, 2.511111111111111
1321132648, 0.0
1321185406, 0.0
1321261818, 0.0
1321360961, 2.3658823529411763
1321447333, 2.1225
1321523499, 1.0
1321631397, 1.598
1321713217, 2.02
1321826188, 1.215
1321877400, 0.79
1321977216, 2.0900000000000003
1322160461, 1.6983333333333333
1322219039, 2.462727272727273
1322453080, 3.4120000000000004
1322477881, 0.0
1322575071, 1.6039999999999999
1322645909, 1.734
1322754653, 0.0
1322814540, 2.766363636363636
1322953528, 1.5325
1323067464, 0.0
1323079306, 0.0
1323162523, 2.4274999999999998
1323245107, 2.7740909090909103
1323334854, 2.69
1323516569, 2.39
1323595913, 1.8800000000000001
1323678973, 2.8066666666666666
1323764464, 2.777
1323872722, 2.3266666666666667
1323957497, 2.076
1324026474, 2.5549999999999997
1324230816, 2.5875
1324298755, 1.1666666666666667
1324369935, 2.516
1324486277, 2.2824999999999998
1324567332, 2.19
1324631897, 2.085
1324756998, 3.379
1324838927, 2.598
1324894479, 2.582
1324979614, 2.15
1325063970, 3.578333333333333
1325158821, 3.431
1325242047, 2.66
1325346628, 3.0742857142857147
1325431694, 3.2514285714285713
1325534677, 1.6666666666666667
1325591137, 0.0
1325680864, 4.2327272727272724
1325753912, 5.085185185185185
1325856027, 5.928461538461538
1325960059, 5.7188888888888885
1326032451, 0.0
1326110643, 4.178
1326189364, 6.227368421052629
1326269579, 6.510816326530607
1326363522, 6.76078947368421
1326456215, 6.164375
1326573754, 6.674615384615384
1326623132, 3.78
1326729054, 5.107142857142857
1326801957, 5.322222222222223
1326875288, 5.855370370370372
1326966719, 5.900869565217391
1327057265, 5.68304347826087
1327176228, 5.581818181818182
1327242188, 5.179
1327311305, 5.364545454545454
1327392268, 5.609999999999999
1327482209, 5.799999999999999
1327588421, 6.031904761904762
1327662257, 5.492727272727271
1327806867, 5.446904761904763
1327863974, 3.536
1327927220, 1.8333333333333333
1327997739, 4.476
1328101564, 5.670944881889761
1328187285, 5.218333333333333
1328260912, 6.091142857142853
1328344665, 5.820312499999999
1328429172, 5.65969696969697
1328521126, 4.985333333333333
1328607762, 4.677692307692308
1328701150, 5.058333333333334
1328775549, 5.052631578947367
1328863792, 5.396
1328948499, 5.6383673469387725
1329050672, 2.75
1329128690, 4.436
1329214050, 5.124242424242428
1329309206, 4.8917142857142855
1329386909, 4.52186046511628
1329467379, 4.50574074074074
1329556719, 4.464626865671638
1329646030, 3.9799999999999995
1329733188, 2.19
1329812207, 4.390806451612905
1329907549, 4.303061224489796
1329986428, 4.417142857142856
1330080185, 4.935072463768114
1330158143, 4.362307692307692
1330251143, 4.428333333333334
1330343950, 3.5700000000000003
1330423282, 4.909843750000002
1330524080, 4.82320754716981
1330589054, 4.770980392156866
1330682097, 4.768676470588233
1330761821, 4.122142857142857
1330868106, 3.752
1330934483, 4.345000000000001
1331032631, 4.848974358974361
1331109739, 4.644642857142856
1331198960, 4.922716049382713
1331289926, 4.735263157894735
1331372599, 4.58608695652174
1331471182, 4.36
1331560385, 2.46
1331638096, 4.417222222222222
1331710089, 5.030081967213114
1331795587, 5.273195876288658
1331881340, 5.02878787878788
1331972932, 4.796315789473684
1332057039, 4.768235294117647
1332150041, 5.153661971830986
1332229137, 4.958874999999999
1332329765, 4.6088571428571425
1332410935, 3.972727272727273
1332490731, 4.632499999999999
1332597971, 4.340454545454545
1332677041, 3.8599999999999994
1332773164, 3.932142857142856
1332832246, 4.120526315789474
1332934416, 4.705681818181824
1333009468, 4.741379310344831
1333097853, 4.617884615384615
1333178158, 4.420476190476189
1333275467, 4.636944444444444
1333356820, 4.549722222222221
1333443252, 4.85307692307692
1333527260, 4.491904761904761
1333615303, 4.694250000000002
1333704147, 4.757777777777779
1333783941, 4.726666666666667
1333881438, 4.611785714285714
1333988288, 4.392799999999999
1334042405, 4.301052631578948
1334138058, 4.3454999999999995
1334230495, 4.775144927536227
1334306211, 4.817009345794393
1334387813, 4.864049079754605
1334475595, 4.597037037037037
1334578597, 4.663235294117647
1334657597, 4.5140909090909105
1334732610, 4.881944444444444
1334825496, 4.925925925925927
1334905290, 4.941851851851851
1334995310, 5.156940298507465
1335080765, 5.054905660377358
1335165727, 5.070493827160495
1335252327, 5.044927536231876
1335349083, 5.020151515151519
1335431522, 4.992235772357716
1335515292, 4.94706349206349
1335596731, 4.910824742268037
1335701569, 4.8335000000000115
1335777558, 4.154615384615384
1335864328, 4.857264957264958
1335942364, 4.967906976744193
1336035664, 4.98134020618557
1336120486, 5.018852459016398
1336201891, 5.0586016949152555
1336295611, 5.02240875912406
1336374419, 4.985978835978837
1336463514, 4.988678571428567
1336550118, 4.93893617021276
1336641441, 4.944450867052027
1336724883, 4.899357142857145
1336812620, 4.783661971830986
1336895664, 4.750784313725486
1336993235, 4.6588888888888915
1337073724, 4.868489208633098
1337151644, 4.914177215189882
1337239626, 4.91646464646464
1337328503, 4.764358974358974
1337417623, 4.989741935483877
1337505221, 4.805250000000001
1337586261, 4.761515151515151
1337673305, 4.931162790697673
1337761272, 5.011597938144338
1337848103, 4.97528301886793
1337933233, 5.059351851851856
1338032678, 4.936231884057971
1338108816, 4.733666666666667
1338205666, 4.978972602739729
1338275659, 4.915454545454544
1338362870, 5.027818791946282
1338453677, 5.090437710437736
1338540743, 5.102311320754711
1338630029, 5.156512820512836
1338726125, 5.058846153846151
1338796012, 5.0608139534883785
1338882407, 5.199182879377434
1338966478, 5.366813186813196
1339056979, 5.378461538461562
1339147636, 5.439000000000007
1339246898, 5.581425287356309
1339328472, 5.460510204081638
1339400270, 5.417048710601756
1339486866, 5.443513513513495
1339571600, 5.727266355140235
1339664041, 5.8430945121951625
1339744627, 5.813450184501841
1339832360, 5.985568513119538
1339919522, 6.371948717948733
1340002895, 6.247535816618912
1340093711, 6.196597938144336
1340180313, 6.383406250000026
1340263031, 6.537692307692319
1340350344, 6.574530386740337
1340437902, 6.57942164179108
1340521562, 6.440939849624064
1340609338, 6.203707865168539
1340694507, 6.172606382978726
1340781312, 6.338961937716271
1340871241, 6.4929661445173155
1340955334, 6.354928909952599
1341045421, 6.518526315789458
1341130179, 6.342727272727276
1341213528, 6.463750000000007
1341299212, 6.563804347826081
1341387940, 6.500757575757582
1341473147, 6.462426470588211
1341558702, 6.534399999999987
1341644402, 6.477066666666665
1341731299, 6.649227272727278
1341817994, 6.559684210526316
1341904248, 6.793586626139818
1341993927, 6.980175438596483
1342082270, 6.978080808080804
1342162864, 7.22643589743592
1342254114, 7.548607954545435
1342341029, 7.476482758620683
1342422882, 7.319753086419757
1342509172, 7.741628532974427
1342595223, 8.225664739884383
1342687465, 8.77161403508771
1342768223, 8.787068965517244
1342854613, 8.26682352941176
1342946310, 8.67378723404255
1343028272, 8.357258883248718
1343113414, 8.646060606060612
1343205392, 8.517949999999997
1343289160, 8.415352422907532
1343377059, 8.578911917098441
1343468411, 8.746530612244888
1343553676, 8.796296296296292
1343638482, 8.551781609195396
1343721500, 8.808974358974377
1343804812, 9.178873239436614
1343891043, 9.246398104265404
1343980320, 9.720813008130065
1344065802, 10.796095238095237
1344151007, 10.500111111111107
1344239449, 10.385633187772918
1344323597, 10.690098684210525
1344412373, 10.69578475336322
1344495620, 10.830074812967581
1344585631, 11.119767441860468
1344675389, 11.137535545023699
1344759392, 10.9809375
1344843813, 11.351719745222937
1344928268, 11.622052980132429
1345014326, 11.895306122448977
1345100452, 12.568344827586214
1345189849, 13.337019230769235
1345273489, 14.1198108108108
1345362542, 11.510846905537473
1345446792, 8.807087827426768
1345533949, 9.364479999999999
1345619139, 10.033511293634506
1345707879, 10.22852564102565
1345792615, 9.876975609756094
1345878385, 10.050672268907565
1345967829, 10.12177419354839
1346051134, 10.591067415730327
1346145001, 11.087039999999998
1346224820, 10.850679999999995
1346311280, 10.739664694280087
1346396882, 10.562980769230645
1346493025, 10.34861349693258
1346572640, 9.568199999999996
1346656352, 9.915440000000018
1346743319, 10.169929577464785
1346829535, 10.19325000000001
1346915557, 10.615103857566751
1347001444, 10.85216763005781
1347091520, 10.88144999999999
1347175307, 10.744624999999973
1347260956, 10.763045977011487
1347351099, 10.808999999999997
1347433553, 10.834802527646122
1347521542, 10.97686991869916
1347610105, 11.18511904761903
1347692678, 11.321188811188795
1347780681, 11.549206896551748
1347872340, 11.476560509554135
1347951948, 11.586764705882347
1348040941, 11.854400977995047
1348130625, 12.215744680851088
1348211390, 12.176419753086417
1348309253, 12.059267399267426
1348384400, 11.929704433497523
1348470766, 11.770860215053752
1348557826, 11.81325242718442
1348644209, 11.83991689750693
1348729429, 11.962543859649118
1348816145, 12.060202898550749
1348902595, 11.985280528052828
1348989381, 11.95161290322582
1349077795, 10.845555555555556
1349165273, 12.024518072289146
1349248231, 12.391973180076647
1349335725, 12.725392354124772
1349421354, 12.632984409799569
1349512419, 12.340642201834873
1349593353, 12.243476394849798
1349679894, 11.688041666666672
1349766548, 11.108058455114808
1349853201, 11.92558922558922
1349938982, 11.879328621908142
1350025255, 11.786849315068475
1350116170, 11.78703125000002
1350204676, 11.642424242424244
1350285376, 11.59331168831169
1350371062, 11.394174757281547
1350457806, 11.605113636363653
1350544466, 11.656325757575775
1350630677, 11.672990654205632
1350716698, 11.572746781115898
1350804892, 11.492619047619039
1350889563, 11.305193370165705
1350976094, 11.416955223880581
1351064408, 11.411538461538475
1351149165, 11.322755905511823
1351235189, 10.844952830188673
1351321367, 10.052181818181808
1351413175, 10.289955156950676
1351494665, 10.393670212765969
1351584003, 10.609640718562883
1351667900, 10.648004640371234
1351766501, 10.817669902912613
1351840202, 10.821254901960792
1351927815, 10.597893333333325
1352014427, 10.440179640718583
1352102953, 10.45575396825395
1352190391, 10.620000000000022
1352276302, 10.590554016620482
1352362421, 10.639862068965531
1352449711, 10.50946902654867
1352541577, 10.620220588235295
1352621042, 10.651620111731843
1352709584, 10.548962264150937
1352794156, 10.80904761904762
1352883594, 10.808662420382197
1352966797, 10.811451612903253
1353054151, 10.99495511669662
1353140262, 11.224299065420544
1353228992, 11.32809917355373
1353314348, 11.350308641975303
1353399199, 11.406091954022985
1353485771, 11.493900523560203
1353571512, 11.587032967032936
1353658616, 11.775515759312318
1353744403, 12.004492187499974
1353830408, 12.08011428571428
1353916871, 12.170384615384627
1354004006, 12.131097560975629
1354090092, 11.937278688524597
1354177612, 12.044125000000017
1354263591, 12.234539249146767
1354352418, 12.309827586206886
1354440801, 12.135445544554468
1354525667, 12.245688622754512
1354608217, 12.436108949416328
1354695503, 12.718747390396649
1354782751, 13.050574162679414
1354872104, 13.252088888888904
1354956024, 13.210363636363631
1355040524, 13.045604395604379
1355126610, 13.049383561643827
1355214891, 13.198996763754074
1355300411, 13.277356321839124
1355387611, 13.311713554987199
1355472008, 13.36489189189196
1355562040, 13.529866666666662
1355645259, 12.96405797101448
1355731382, 13.135548780487799
1355819855, 12.987290502793334
1355904077, 12.970753012048215
1355991032, 13.138396946564889
1356077860, 13.162012987012996
1356166016, 13.128333333333327
1356252529, 12.902023809523806
1356341703, 12.838539325842682
1356425897, 12.908319999999993
1356525905, 12.934086956521735
1356598549, 12.968580246913573
1356684075, 12.979955752212387
1356769047, 13.089083557951502
1356857194, 12.555365853658545
1356945070, 12.936979166666672
1357032465, 13.038611111111106
1357116276, 12.81549019607843
1357200757, 12.952767295597486
1357291794, 13.034644194756554
1357374806, 12.994129353233845
1357460031, 12.913495934959355
1357547985, 12.683064516129027
1357632778, 13.066864111498223
1357718479, 13.283941908713649
1357805093, 13.372307692307686
1357893535, 13.723886925795055
1357984213, 13.879623824451375
1358069758, 13.458333333333334
1358151129, 13.602019230769246
1358237363, 13.958363636363595
1358324375, 14.072882096069879
1358410279, 14.348854166666658
1358497433, 15.114123376623375
1358583311, 15.259107142857136
1358668802, 15.186000000000003
1358755736, 15.490787037037034
1358844091, 16.344936061381084
1358928320, 17.153153153153198
1359016114, 17.482583120204602
1359101017, 17.539972337482734
1359188715, 17.157394366197185
1359279757, 16.93065934065934
1359361152, 17.34348958333332
1359446923, 18.132802197802157
1359532804, 19.149833333333316
1359619968, 19.051352313167243
1359705942, 20.197500000000016
1359792007, 20.42928571428569
1359882397, 19.567527675276757
1359965370, 20.149872340425592
1360051573, 20.252886836027738
1360137749, 20.359570552147197
1360224046, 20.66653465346536
1360310573, 21.47720408163264
1360399276, 22.195774647887294
1360483989, 22.74026143790848
1360570640, 23.210442477876096
1360656465, 23.5624611398964
1360743255, 25.084424083769694
1360830137, 24.514544072948294
1360915277, 26.583212435233104
1361002033, 27.01437673130194
1361088134, 26.91866459627332
1361175525, 26.433195876288618
1361261770, 26.785425101214543
1361348204, 28.374672131147545
1361433700, 29.59993135011433
1361520121, 29.873341523341512
1361608553, 30.441274900398458
1361695904, 28.6072424242424
1361779242, 29.55388888888892
1361866255, 30.00003690036899
1361952452, 31.170178253119413
1362038563, 31.495457025920885
1362124972, 33.673684210526176
1362211672, 34.125730442978295
1362298298, 34.01229102167177
1362384214, 33.824999999999996
1362470820, 35.75115633672522
1362556896, 41.19876088412586
1362643211, 42.504001536098215
1362729617, 42.7920959010054
1362816177, 43.091348973607
1362903099, 44.95897865853663
1362985580, 46.013213213213156
1363071616, 44.85057029177727
1363158481, 44.366317512275074
1363244450, 46.572211764706026
1363332754, 47.21417754569188
1363418116, 46.814038461538516
1363507991, 46.40024489795916
1363592550, 46.65875471698111
1363676518, 48.88117787031532
1363762998, 56.463735725938
1363849611, 63.39879508825785
1363935636, 71.44744321183303
1364022086, 70.00954375467431
1364108559, 61.94736125654501
1364195274, 69.21676248108923
1364281529, 74.49748603351944
1364367608, 79.87269993164728
1364454006, 88.137191780822
1364540406, 89.78721913712084
1364627245, 90.58601342281911
1364713428, 92.43166265060229
1364799622, 93.95296774193552
1364886034, 101.09945841392671
1364972411, 114.38549459041717
1365058894, 130.65769099848703
1365145374, 134.94760320134733
1365232036, 140.60089347078963
1365318022, 141.5539231547019
1365404475, 158.5082529543283
1365490806, 186.4744852778381
1365577268, 218.68157123834916
1365663627, 183.424824860296
1365750009, 102.84392417582454
1365836427, 81.3181844145242
1365922810, 101.17749774977473
1366009200, 94.54890566037736
1366095600, 80.23879302956738
1366182010, 66.04078847771278
1366268421, 87.17423869379216
1366354800, 103.16839741901396
1366441912, 119.44978729689853
1366527609, 124.58370948379364
1366614016, 116.65440628638008
1366700464, 121.98805251641167
1366786811, 133.28780325329134
1366873260, 148.62498618021067
1366959601, 143.1750038644154
1367046007, 134.64164715719025
1367132522, 131.47493049705236
1367220424, 134.41644209103333
1367305210, 141.49333602911582
1367391601, 138.24032140490456
1367478011, 121.04380967741895
1367564410, 107.00329746211152
1367650808, 91.44583341849821
1367737204, 109.02582043739672
1367823608, 115.7312663434711
1367910011, 114.81448138463442
1367996408, 108.19568135430342
1368082808, 112.4868935219666
1368169403, 111.58484269662992
1368255611, 116.47872243562485
1368342000, 115.3217228853145
1368428430, 115.1047559115179
1368514814, 116.03593177332874
1368601208, 111.75231431159382
1368687637, 110.21430418968049
1368774011, 111.9521399757957
1368860408, 115.78157056732094
1368946812, 117.92140070230337
1369033653, 116.99908149482202
1369119674, 117.7508109006319
1369206159, 117.47914438502697
1369292420, 118.91657984921143
1369378864, 121.37507565931864
1369465210, 126.99512920472024
1369551612, 128.34676677489182
1369638012, 129.70054030373828
1369724404, 127.00141233463756
1369810813, 125.74543881645026
1369897213, 128.31833091699906
1369983601, 128.84185023944303
1370070011, 128.05756874999952
1370156440, 128.19040443808245
1370242887, 121.74688699360277
1370329213, 121.00893132328288
1370415613, 120.42889085356111
1370502016, 120.7899999999998
1370588411, 118.98602074493166
1370674805, 112.56863939899719
1370761200, 106.982683191605
1370847605, 97.53262995788691
1370934004, 103.62045553935793
1371020400, 106.79098784587556
1371106833, 107.87485314301371
1371193212, 102.65969641059996
1371279625, 99.74372157872071
1371366417, 100.1981267662496
1371452417, 99.74746359223303
1371538884, 100.57686799134378
1371625264, 104.91450858034358
1371711661, 105.68742946708424
1371798011, 102.87817189421955
1371884474, 101.44471428571288
1371972602, 100.12268287243587
1372057210, 100.27976688867756
1372143789, 97.89577834721345
1372230012, 99.12919920909555
1372316453, 98.30500931594358
1372402831, 95.68024958003318
1372489213, 90.83605150214552
1372575880, 89.3923762376236
1372662009, 89.2117653333334
1372748412, 85.7126803569503
1372834813, 87.06599274836836
1372921210, 81.70189947780734
1373007995, 78.81692875599852
1373094071, 69.55156819436779
1373180487, 67.01446682723905
1373266904, 71.30162471966044
1373353209, 73.81989981544963
1373439611, 73.736124472574
1373526013, 81.93254461099224
1373612463, 89.03465489737339
1373698830, 91.63103444041981
1373785336, 90.37046658800783
1373871669, 91.11366446974199
1373958002, 93.03119159355295
1374044402, 92.04371226362919
1374130801, 90.15206867316611
1374217214, 81.87923386196113
1374303626, 85.54128176080249
1374390064, 85.92866403345718
1374476562, 85.4107410266303
1374562838, 85.88120550009371
1374649201, 86.48447428571417
1374735615, 87.47324328520381
1374822334, 89.5398152554227
1374908417, 90.09789523809555
1374994814, 88.47008617152221
1375081228, 90.70104122055668
1375167666, 92.89789555325758
1375254012, 95.35604698375889
1375340581, 98.52982666326818
1375426865, 96.40953596596209
1375513829, 97.05016247808298
1375599789, 95.79059051306875
1375686144, 96.47838061465734
1375772443, 97.74022116903592
1375858995, 97.80078271604931
1375945224, 97.43226685796284
1376031734, 94.48519057948626
1376118045, 92.9850989751519
1376204740, 93.21724801811979
1376290835, 93.75076447876457
1376377202, 94.40561830173104
1376463621, 96.55418093607337
1376550018, 99.37931229012617
1376636448, 98.32364267446125
1376723787, 97.97167684167697
1376809323, 98.57168309325262
1376895614, 99.45554856743577
1376982182, 102.6442070275398
1377068418, 104.63047600767703
1377154804, 109.07927813953455
1377241202, 111.28526492287001
1377328519, 107.55595657057243
1377414085, 108.95894172494144
1377500627, 111.98102675585274
1377586804, 113.23297807835834
1377673234, 117.85029861616944
1377759882, 118.38376659038825
1377846107, 118.74872777971392
1377932406, 123.8632317234095
1378018855, 129.5550806451614
1378105203, 130.57942867539978
1378191655, 130.42078330658092
1378278061, 129.42679820415896
1378364649, 123.33205198196008
1378450817, 122.53155199542198
1378537838, 120.30750130867254
1378623870, 119.4904115384614
1378710045, 117.88763982790384
1378796401, 120.7036727737519
1378882831, 122.774840914448
1378969427, 124.30180459513682
1379055778, 126.8358586956507
1379142013, 127.52328223624909
1379228477, 124.9831718326811
1379314893, 125.09325067024155
1379401203, 125.91496966633046
1379487617, 126.8614092205317
1379574023, 127.30833241201282
1379660606, 125.11942795852644
1379746802, 123.33282717075107
1379833276, 123.29485543018328
1379919729, 123.16485192940489
1380006238, 122.93207292563896
1380092419, 123.38092654424051
1380178950, 124.02470978919953
1380265201, 124.44271927681437
1380352202, 125.8711377245502
1380438613, 126.57868772241986
1380524546, 127.21260064412226
1380610833, 125.95076215895605
1380697202, 127.0823527851462
1380783647, 112.01547920914976
1380870126, 115.37749893932927
1380956403, 121.15477861894891
1381042820, 121.51623703238073
1381129210, 122.21397710088522
1381215611, 123.42318111625899
1381302016, 123.90977828311631
1381388469, 125.30306734317398
1381475412, 125.93282160323174
1381561202, 126.90223619571566
1381647619, 127.63777130169291
1381734003, 132.24924973615975
1381820412, 135.14571200765488
1381906806, 139.5322952066949
1381993215, 141.86390206774118
1382079603, 143.03506865134662
1382166005, 150.5322840850202
1382252412, 164.69866306893212
1382338811, 166.80727105614886
1382425209, 178.11075733752668
1382511619, 190.2222937950316
1382598031, 195.45959832933045
1382684400, 186.74081171207789
1382770903, 179.24862441152936
1382857216, 181.46775743707133
1382943616, 190.4135071707942
1383030025, 195.49284742267952
1383116427, 200.23440660991665
1383202807, 201.32908250479673
1383289210, 201.01407150295196
1383375609, 203.26250537056887
1383462439, 204.27857964869776
1383552008, 208.15214765100424
1383638423, 223.06121381046722
1383724800, 241.92831586940204
1383811203, 262.3695135047217
1383897605, 289.7003988568633
1383984006, 325.03011083744155
1384070405, 327.75696834061006
1384156807, 305.03390701530265
1384243200, 339.37236115485865
1384329623, 355.2240246884842
1384416013, 389.58833419137426
1384502403, 414.1806550790476
1384588828, 418.96264591123213
1384675203, 439.65991830227966
1384761600, 476.25730348960917
1384848004, 597.2756524733765
1384934413, 556.5238566419864
1385020802, 569.5128868075632
1385107203, 687.3214650162445
1385193601, 772.6430044779444
1385280027, 824.0349305790683
1385366423, 807.5032395241547
1385452819, 811.5054101896633
1385539243, 868.4965510597501
1385625602, 945.5665786830547
1385712009, 1007.388641340933
1385798400, 1099.1120576688982
1385884802, 1102.0628913582138
1385971235, 955.6289488228874
1386057618, 1008.9629237113428
1386144006, 1059.1977807624935
1386230412, 1114.9189720885427
1386316822, 979.4340002127166
1386403202, 821.4966165698486
1386489605, 713.1300374070466
1386576005, 777.9564860590552
1386662403, 895.3288481285825
1386748879, 953.2303990002798
1386835208, 875.662803108221
1386921615, 869.3869332551792
1387008131, 878.151495120615
1387094403, 846.3772361647295
1387180800, 846.2121980467268
1387267204, 721.7907344813542
1387353605, 648.6512886855481
1387440003, 522.4438692629344
1387526406, 658.5648880119879
1387612818, 641.8494539017355
1387699201, 597.6340833080036
1387785600, 642.4901197379294
1387872007, 643.7373354327619
1387958400, 646.3693563796371
1388044807, 681.2932000000047
1388131205, 730.1931286946558
1388217602, 723.2376618926846
1388304006, 717.3501422319405
1388390403, 722.6999806288225
1388476805, 729.723441918485
1388563204, 735.7808893974163
1388649603, 746.0717071197414
1388736006, 772.2788490534513
1388822404, 803.3160207150192
1388908802, 823.6056265461117
1388995204, 907.3685668276777
1389081608, 931.6255149146189
1389168006, 842.5859951464685
1389254402, 819.6383410267339
1389340803, 814.0649495440074
1389427210, 842.5429801136326
1389513600, 887.0944591147729
1389600022, 844.7391919410645
1389686424, 813.723222419112
1389772805, 821.6583136066822
1389859202, 840.9203549848897
1389945626, 821.9182603209044
1390032014, 794.4439459029495
1390118436, 806.0485656858108
1390204835, 829.0409237697843
1390291209, 827.068277477207
1390377605, 820.1884635947058
1390464007, 814.4028201725367
1390550402, 797.3498801707145
1390636882, 787.2291694230217
1390723227, 803.0991938433444
1390809615, 818.3511922355842
1390896030, 775.0351779977893
1390982410, 790.2230346803192
1391068805, 793.881414562911
1391155209, 794.3425932597825
1391241600, 803.1463603075825
1391328006, 816.9707845357605
1391414447, 814.2452014652072
1391500828, 807.553835069833
1391587204, 803.2842287132506
1391673602, 788.6902022534175
1391760011, 746.5101640326172
1391846454, 702.8810301655811
1391932821, 692.1144187431746
1392019204, 701.1506737986431
1392105633, 655.7698013288294
1392192003, 668.6139551838717
1392278429, 657.9058536853689
1392364803, 609.9701876652018
1392451213, 651.9664966163441
1392537623, 653.9091287629136
1392624001, 620.6538856418545
1392710414, 640.9739566321329
1392796801, 625.5694882980534
1392883201, 621.938809455793
1392969600, 574.3110226942925
1393056018, 573.6422847432002
1393142402, 598.3598526851539
1393228808, 602.7991928766392
1393315211, 513.6602243979793
1393401606, 525.1742487219753
1393488004, 582.9625051204526
1393574442, 583.4529065539946
1393660800, 560.8314370259711
1393747231, 567.0897496412099
1393833604, 566.4928834275202
1393920009, 646.1439901180769
1394006408, 677.159435117849
1394092826, 666.0390033289659
1394179205, 661.6574023477064
1394265606, 630.8656725174334
1394352064, 617.1631434066592
1394434952, 638.8862742205226
1394521320, 624.628856636386
1394607600, 635.0004313898729
1394694049, 637.4409873318574
1394780479, 642.7895760082753
1394866844, 632.7814822321277
1394953285, 634.2328966849051
1395039636, 632.5919559547939
1395126017, 621.5003394581191
1395212416, 611.3995476772673
1395298876, 607.9177298816925
1395385200, 590.5322071516638
1395471836, 576.9332954912513
1395558173, 559.0078297676929
1395644409, 560.7717913162109
1395730803, 573.2881693114517
1395817259, 577.031181773878
1395903728, 575.5801966740034
1395990023, 518.3606129068598
1396076415, 501.7142024727661
1396162831, 492.3704833987881
1396249201, 459.49198814993446
1396335629, 456.54331129196856
1396422002, 482.8409861886346
1396508412, 448.54846691935455
1396594801, 439.1278526556234
1396681361, 447.45113743378494
1396767618, 454.24347946094787
1396854059, 456.9174660106161
1396940494, 452.7376373473912
1397026822, 453.1711915269217
1397113214, 434.65226156152266
1397199607, 386.7654527030033
1397286008, 418.6156726643185
1397372545, 422.55326441578336
1397458802, 421.53069771380564
1397545201, 459.8451231466765
1397631820, 501.57246512508107
1397718039, 519.540937332877
1397804418, 498.55773118897787
1397890803, 483.0612667701036
1397977209, 502.04597758975723
1398063657, 504.3887868310298
1398150021, 498.7593083387243
1398236426, 492.2325561312593
1398322965, 487.75128956162735
1398409207, 478.23069431262024
1398495609, 459.0200054270039
1398582007, 460.61317399999984
1398668445, 439.7151343557489
1398754813, 440.07801769041833
1398841229, 445.5643587746608
1398927696, 446.50337052317144
1399014004, 457.28859408259257
1399100406, 449.45561710398607
1399186842, 437.7392069731657
1399273226, 435.84778807668033
1399359656, 429.05882913219244
1399446003, 430.060031880978
1399532410, 441.9129044491702
1399618845, 444.19151725588995
1399705296, 451.3576080044915
1399791610, 453.79129375950976
1399878043, 439.8823827035253
1399964443, 439.3640759005139
1400050806, 438.1504136611237
1400137203, 444.7709451677516
1400223624, 448.87806451612323
1400310011, 448.2809086737034
1400396430, 448.7288145048825
1400482814, 446.97443171486077
1400569294, 450.67992961877064
1400655603, 482.63649866488953
1400742001, 498.45759814087285
1400828417, 520.6675904036948
1400914804, 529.9306174366232
1401001207, 541.8764434979396
1401087610, 575.3022065756189
1401174005, 584.285686179258
1401260403, 570.9970132808011
1401346805, 572.6765107577173
1401433242, 568.7651896992352
1401519608, 608.4111686914744
1401606058, 632.9536925405959
1401692405, 646.2387755000515
1401778800, 652.1000499324465
1401865202, 652.7654366946213
1401951606, 642.4923802008614
1402038004, 658.1960927694463
1402124408, 651.7985583006935
1402210808, 654.2827093821503
1402297207, 651.953302325581
1402383609, 648.2546125461297
1402470008, 647.7335723131999
1402556403, 630.752143695955
1402642802, 591.1548397965723
1402729206, 591.8574579113316
1402815608, 560.9998833606742
1402902008, 578.4222361520839
1402988408, 595.4491641266115
1403074808, 601.8848960856863
1403161203, 606.1543455366117
1403247601, 599.4456827183624
1403334008, 588.9692743764156
1403420405, 594.087503019321
1403506801, 597.0034842459476
1403593203, 586.2880331311254
1403679601, 579.9010452031247
1403766000, 564.5107795698935
1403852409, 574.4970662460569
1403938808, 586.740786557027
1404025209, 596.1990317876919
1404111602, 608.0653866432281
1404198008, 632.0919252415007
1404284409, 648.0071142533935
1404370811, 649.7369683708012
1404457212, 646.0173431307833
1404543610, 630.8867859371835
1404630009, 630.6853909774413
1404716406, 631.9860523446001
1404802809, 623.181898823118
1404889208, 621.8778291563704
1404975601, 621.7136188731079
1405062007, 614.7642563600789
1405148408, 629.9565860966865
1405234808, 633.6711248966093
1405321206, 630.668250845371
1405407600, 620.9475689711101
1405494008, 621.9077062556635
1405580410, 616.6798091857106
1405666807, 621.1045493685427
1405753208, 625.9215578999055
1405839608, 627.4522659780501
1405926010, 622.6187287376894
1406012407, 620.2061928487697
1406098810, 621.3585443517807
1406185208, 620.2369908015752
1406271602, 604.3980860990381
1406358012, 598.1356325609992
1406444408, 595.4239639058982
1406530818, 587.6717718894002
1406617208, 583.7666623173279
1406703613, 582.5058150851602
1406790009, 568.2206236741663
1406876408, 580.0473364567035
1406962808, 596.9327089539202
1407049201, 588.6850427913052
1407135608, 585.3785218508983
1407222014, 587.0497441406244
1407308427, 581.2346714070206
1407394831, 580.5756523013769
1407481227, 588.2334716895937
1407567647, 588.7517440184512
1407654011, 587.7738827361547
1407740409, 590.0619049346858
1407826823, 576.6023353724357
1407913201, 565.4681561618021
1407999606, 542.3987455582196
1408086005, 512.7559671285893
1408172404, 500.08515396264556
1408258820, 510.19221376998513
1408345226, 497.4456421563254
1408431625, 469.03185836665267
1408518020, 483.87045848192065
1408604410, 508.6925099348365
1408690809, 518.9819459791237
1408777208, 514.3751974288363
1408863606, 499.88131932179215
1408950011, 504.5984825061032
1409036411, 503.4008706144424
1409122807, 512.1800386597986
1409209210, 515.3397450777219
1409295610, 507.94747819938414
1409382009, 507.92907584829715
1409468401, 500.97049564020085
1409554807, 481.7371478838835
1409641210, 480.2696587125423
1409727612, 477.63459285593103
1409814011, 474.7792635554339
1409900413, 486.2474850110437
1409986809, 480.44582284727153
1410073210, 480.7820472102981
1410159608, 475.2723914037445
1410246011, 467.9733758647184
1410332410, 470.6757144322483
1410418808, 482.66051447351816
1410505208, 473.697418216054
1410591609, 469.89376181818454
1410678008, 477.119945210655
1410764407, 477.18829324547
1410850812, 473.53403327952776
1410937212, 465.84129402900766
1411023608, 451.84751441212063
1411110001, 428.1895879933759
1411196408, 399.39940606195887
1411282809, 415.05974650275743
1411369208, 402.1449036984491
1411455611, 401.92518274570676
1411542015, 426.187983939138
1411628410, 424.1779653360419
1411714810, 409.83606604110156
1411801208, 403.5755722592544
1411887607, 401.67091999999883
1411974002, 381.9320315889981
1412060409, 376.8706998121997
1412146800, 385.8990005099432
1412233209, 383.71986792206417
1412319608, 376.47750077041866
1412406010, 363.48264491197943
1412492411, 337.16493271041617
1412578802, 305.5188189485418
1412665202, 327.1606558577535
1412751613, 327.0856099085747
1412838000, 346.6142989875743
1412924410, 370.2073750214026
1413010808, 360.64346943867616
1413097208, 359.4113994374076
1413183601, 369.73399827607375
1413270013, 391.3048067753204
1413356408, 404.08415477452127
1413442809, 393.45230819919345
1413529210, 381.4076481046884
1413615609, 379.0179368817696
1413702013, 389.76371061609456
1413788409, 386.70557650153563
1413874804, 382.51834459459667
1413961209, 387.07207050329083
1414047611, 380.2238136103589
1414134011, 359.77605615709285
1414220402, 358.70734768026324
1414306809, 347.4641711541269
1414393210, 354.90687426557014
1414479609, 353.75113453298854
1414566009, 354.49344953325334
1414652408, 341.4060177296819
1414738811, 341.85042618629063
1414825207, 339.63144065142626
1414911613, 325.4947962776647
1415001606, 325.89859907979945
1415088008, 327.6734713375807
1415174404, 329.7248550724613
1415260809, 339.70316274309107
1415347211, 346.7358743927824
1415433609, 343.4782150486563
1415520008, 344.0197591328792
1415606413, 357.4530029794598
1415692810, 370.10497183665177
1415779213, 372.85892595139893
1415865625, 414.8863997733223
1415952009, 413.6442420656666
1416038410, 397.7128843605026
1416124809, 380.3544912280711
1416211209, 392.01237148328187
1416297611, 393.3128474090008
1416384009, 378.16798000588756
1416470413, 378.0127260567156
1416556811, 357.11249481368554
1416643210, 354.64075596435663
1416729607, 359.2847456887155
1416816009, 366.109350490199
1416902410, 379.45059816905234
1416988810, 381.63150528580815
1417075212, 369.9670148880253
1417161608, 369.53963730569507
1417248007, 371.7752719333101
1417334410, 378.8412144811584
1417420808, 377.1883217503134
1417507202, 378.049085714288
1417593600, 380.2633620088332
1417680010, 377.89015133412704
1417766408, 369.7370020325164
1417852807, 373.3430854333138
1417939207, 374.6283697983696
1418025601, 374.9153233830849
1418112004, 361.14218725324434
1418198408, 351.1899430113983
1418284810, 350.96414371101406
1418371208, 354.6229106187906
1418457605, 353.92078920877685
1418544007, 349.76363379485554
1418630418, 353.9604049726879
1418716821, 348.88493071221114
1418803264, 334.50311942784583
1418889600, 319.7808617432044
1418976007, 313.1537834311806
1419062409, 314.9143873950636
1419148808, 326.48242797021464
1419235210, 325.2113462755848
1419321609, 330.14563012677013
1419408008, 334.28240991507755
1419494407, 325.6191921891048
1419580807, 319.29988977955804
1419667208, 325.11082931726924
1419753717, 316.1616693418959
1419840010, 316.0059274387296
1419926408, 314.35020429878494
1420012814, 312.3956500183638
1420099374, 316.05122129154125
1420185608, 314.90068124474334
1420272124, 313.20205479451914
1420358409, 291.3182461091871
1420444810, 269.6317296100384
1420837504, 275.8879527559053
1420876911, 290.62503640588807
1420963360, 277.7506668862168
1421049605, 271.4192195314553
1421136000, 261.27183503671796
1421222402, 224.56373401318768
1421308808, 188.9882467675444
1421395201, 211.35486235683686
1421481608, 210.3462563641785
1421568000, 198.309721093664
1421654402, 211.5678555587709
1421740807, 210.9374931723403
1421827244, 211.0138093512127
1421913648, 221.725809403957
1422000026, 232.22535001489913
1422086438, 232.30816537921447
1422172864, 244.71282459797467
1422259206, 266.63936829559043
1422345689, 279.06632483562134
1422432001, 258.19011157601005
1422518409, 243.527453264695
1422604806, 233.27905205101527
1422691215, 231.19270774263953
1422777611, 224.85700647249095
1422864000, 221.6305477348316
1422950416, 230.1124835726443
1423036856, 233.39139521307442
1423123207, 225.1106805479467
1423209619, 218.60131809393468
1423296433, 221.89124427480664
1423382557, 227.3873072497107
1423468806, 224.07671256704026
1423555209, 219.43081194722313
1423641625, 219.32383397050714
1423728055, 220.32982512779023
1423814474, 224.0620995821712
1423900807, 239.02862041987095
1423987259, 252.40258836524131
1424073619, 243.25968218396605
1424160000, 235.99897199512915
1424246465, 242.40261426256083
1424332805, 238.14600266870053
1424419214, 241.63942163442528
1424505619, 245.55788801856687
1424592013, 245.2173612063059
1424678422, 237.6945180566387
1424764909, 236.87144931227743
1424851214, 238.63885793871967
1424937664, 237.1680144840079
1425024018, 245.27800151879373
1425110507, 251.86384055193395
1425196815, 251.94325894574783
1425283205, 253.72050112320713
1425369637, 268.86366437515
1425456060, 275.5474354955366
1425542438, 274.62017682926887
1425628872, 270.3348136449788
1425715327, 272.1415573549256
1425801681, 275.461558489182
1425884543, 274.7344249372981
1425970818, 285.3949209739418
1426057220, 290.9925161387143
1426143619, 292.41687382738957
1426230016, 293.95105378224616
1426316414, 287.6760208615033
1426402845, 284.09473078692923
1426489430, 286.20839560439396
1426575613, 290.6775863847355
1426662007, 286.4091400304431
1426748400, 264.5408104480695
1426835069, 260.29405534204477
1426921212, 260.4998500506618
1427007639, 259.3415731604181
1427094034, 265.2334706488169
1427180637, 265.84631401238005
1427266800, 249.64141955836047
1427353246, 243.89686326331886
1427439616, 250.48745732255244
1427526276, 248.3074209033373
1427612433, 250.87905092592513
1427698804, 242.64412095895239
1427785277, 246.1460962761108
1427871648, 243.6693974984738
1427958059, 243.68489182251233
1428044412, 249.93994824611613
1428130810, 254.32874267864048
1428217210, 252.1705812417441
1428303776, 257.3484840818023
1428390050, 255.79429186228657
1428476456, 254.21285714285702
1428562812, 246.00630484077968
1428649341, 242.20894494568216
1428735607, 235.76922432516344
1428822253, 235.88836791699958
1428908639, 236.01852858856438
1428994808, 227.1552619778134
1429081218, 218.13158074741443
1429167829, 220.92013276836016
1429254014, 226.93192952543242
1429340414, 222.76986666666556
1429426812, 222.74296632816726
1429513233, 224.4048255813973
1429599693, 224.57093498659177
1429686000, 230.1337149419714
1429772400, 234.8955074915422
1429858843, 234.16798850574875
1429945260, 230.69993573106018
1430031603, 224.8043319568425
1430118006, 218.5877299412907
1430204406, 223.11947257383886
1430290800, 224.60846640249432
1430377381, 224.8076452542528
1430463601, 233.96340690872975
1430550003, 233.84035847647604
1430636404, 233.5482754491025
1430722807, 239.56429013300288
1430809207, 238.05880646557932
1430895623, 233.65493191423215
1430982002, 232.1634552746702
1431068419, 233.80615823450023
1431154907, 241.9233754322641
1431241256, 241.25195105820103
1431327611, 240.36301976573833
1431414008, 240.68671461147335
1431500401, 240.74459094519403
1431586834, 240.22502363135027
1431673245, 236.61498530132184
1431759755, 237.07266778056157
1431846052, 235.89237294469535
1431932428, 235.6785408116742
1432018803, 234.67980041472325
1432105214, 232.33504550362576
1432191651, 233.83367319826854
1432278051, 235.3498513870538
1432364704, 237.35836380090456
1432450872, 238.7900597014923
1432537503, 239.5366208791204
1432623630, 236.0534938941674
1432710084, 235.9790186915875
1432796403, 235.58472652544987
1432882863, 235.9355021302498
1432969390, 235.2874555687199
1433055666, 232.29641419685183
1433142038, 230.33757989088016
1433228492, 224.5278458320885
1433315026, 224.40638563472237
1433401245, 225.17605283307617
1433487699, 224.34962261463514
1433574180, 223.87520181741203
1433660587, 224.5320726535108
1433746805, 223.2545416782015
1433833209, 226.47510286141718
1433919674, 229.35834323730302
1434006120, 228.36766203426384
1434092622, 228.9511631576036
1434178853, 229.71771342331212
1434265504, 230.7216371720747
1434351645, 232.20815449791743
1434438067, 235.25713557250603
1434524482, 243.82646671681184
1434611052, 250.4445070772189
1434697258, 248.14525142600857
1434783602, 246.1084579022482
1434870038, 243.44154797230098
1434956492, 243.32619907874619
1435043096, 245.89441481001737
1435129304, 243.87163495187562
1435215617, 241.06436835256602
1435302072, 241.5766258973584
1435388400, 241.8546846619684
1435474916, 247.92129129128398
1435561217, 249.135737548397
1435647643, 255.43738260198577
1435734026, 262.982934264747
1435820451, 257.71510448916337
1435906854, 255.1676432606943
1435993504, 254.66268065887263
1436079656, 259.12058001035615
1436166020, 267.37269626615523
1436252493, 272.90092363870735
1436338802, 266.1218335901395
1436425207, 268.9656675062967
1436511642, 269.60852644327736
1436598022, 285.35865703584807
1436684464, 295.13995793901233
1436770808, 308.59575752895637
1436857345, 289.03426450232797
1436943903, 290.7613772310657
1437030113, 289.5961546418407
1437116405, 279.01490307242256
1437202954, 276.9066708463951
1437289284, 278.30623803009746
1437375606, 275.62661789532825
1437462004, 278.2421626856033
1437548410, 278.02019941157295
1437634918, 276.73163595336536
1437721276, 276.8034558544896
1437807702, 285.19057973805775
1437894004, 289.04482438016566
1437980482, 292.0576813317471
1438066868, 292.29369132127397
1438153204, 293.73781106612796
1438239613, 289.89998173515977
1438326017, 286.8996076099881
1438412619, 283.5558024691361
1438498850, 279.052565913372
1438585351, 280.16778309409847
1438671605, 283.15323438704837
1438758062, 284.2699254115215
1438844403, 281.59263478819076
1438930806, 277.3868446969671
1439017282, 278.64244408945694
1439103684, 268.53792001950757
1439190032, 264.7604205607467
1439276430, 264.3191716171601
1439362833, 266.97153875671466
1439449224, 267.3040278286323
1439535679, 264.04843144292863
1439622304, 265.6099801783943
1439708403, 263.07453391898736
1439794801, 257.06110861983
1439881503, 256.63074552269717
1439967615, 241.41012882040943
1440054071, 230.80256071428548
1440140450, 233.78466880128073
1440226878, 233.4425585680431
1440313297, 228.86911036306776
1440399613, 227.64721518987307
1440486000, 213.33915433057973
1440572420, 220.06770064575608
1440658818, 226.72522611464936
1440745321, 225.6402543126446
1440831900, 230.54688669438573
1440918032, 229.39394826549122
1441004456, 227.8964807930629
1441090889, 229.08664189321462
1441177504, 227.70253571428518
1441263606, 228.78759181878198
1441350050, 227.53398869669357
1441436496, 229.84466635773933
1441522805, 235.2486465595611
1441609319, 240.4557421052641
1441695600, 241.01979065710384
1441782011, 243.67101616950345
1441868588, 238.94713845654869
1441954868, 239.2720301982914
1442041212, 239.42633785664592
1442127603, 236.14792275365627
1442214052, 229.4911261143164
1442300566, 229.6880827006928
1442386848, 229.68979817212306
1442473249, 227.65985100484963
1442559632, 231.762965913301
1442646041, 232.73593611357526
1442732703, 230.7735507627575
1442818814, 229.58573432944718
1442905244, 226.65592509103516
1442991637, 229.1006684240269
1443078135, 230.00703314470493
1443164659, 232.9567178822655
1443250877, 235.66372407574428
1443337276, 233.981426909655
1443423608, 233.00152179520288
1443510303, 238.0340690032855
1443596461, 237.21747252747255
1443682867, 236.25143137736165
1443769225, 237.32704956542293
1443855618, 237.52009632616534
1443942303, 238.7586262376236
1444028455, 238.48360465116448
1444114811, 238.8935063663077
1444201230, 244.77146551724175
1444287661, 244.42358490565996
1444374020, 243.38824673351562
1444460474, 244.38609926599116
1444546830, 244.5663504823134
1444633224, 247.20092248558694
1444719685, 245.60076034203954
1444806026, 248.98309792284678
1444892572, 252.69239857052617
1444978805, 254.60654891746432
1445065231, 262.53833161953906
1445151614, 268.71811395261244
1445238089, 262.8869592674463
1445324436, 263.6019782318132
1445410833, 269.029085470086
1445497253, 267.34399546204503
1445583633, 274.95941680552454
1445670053, 278.0855390129597
1445756547, 283.88613369596214
1445842888, 287.76087285139926
1445929200, 287.0473452204069
1446015720, 295.95685700802187
1446102013, 302.95458632233294
1446188404, 316.7291592375152
1446274859, 325.6533034264732
1446361215, 314.2531074811527
1446451299, 320.9809297195094
1446537617, 353.4666627826927
1446624007, 403.051480752263
1446710406, 443.01693895737776
1446796822, 384.7771196925707
1446883201, 378.39430086921175
1446969602, 385.197833464875
1447056039, 374.96348182036667
1447142498, 378.24804049710633
1447228802, 338.6514500777007
1447315204, 314.14232071428586
1447401602, 333.0833306922845
1447488021, 332.77497348021404
1447574403, 334.1075606641141
1447660806, 321.5875859454009
1447747208, 330.5132615671239
1447833614, 335.007740610328
1447920000, 334.2485313268704
1448006453, 323.92869743169814
1448092865, 321.3136385786807
1448179384, 325.53407258064453
1448265635, 322.51118870728124
1448352019, 322.5790428276559
1448438419, 320.16417744092524
1448524849, 327.34255667945905
1448611243, 351.0538186219382
1448697643, 357.8631182622705
1448784064, 354.5777996070735
1448870416, 369.9467777013065
1448956986, 375.9375241684416
1449043303, 360.29150858274926
1449129624, 359.8952808586757
1449216017, 360.4213891853434
1449302400, 364.0902695148742
1449388822, 384.2905735192341
1449475203, 390.16181354441386
1449561605, 393.9056741039643
1449648001, 407.876321158948
1449734401, 414.9184144163088
1449820824, 417.43256967669834
1449907200, 438.98819343510513
1449993835, 429.28287784951954
1450080012, 435.839008460738
1450166405, 445.7238122190734
1450252811, 455.5870821957276
1450339212, 454.5516455344724
1450425613, 456.86137683695347
1450512132, 460.6007186162603
1450598435, 459.9229803828868
1450684869, 440.6057677067803
1450771211, 438.3352025258007
1450857603, 437.2003584070768
1450944002, 446.08825396825165
1451030542, 455.009406196213
1451116817, 448.77317652538466
1451203227, 422.4111916006058
1451289678, 422.08706108874725
1451376004, 422.1664616646168
1451462546, 428.49024630541305
1451548830, 425.52156752973957
1451635234, 428.6764647553354
1451721671, 432.5565100671148
1451808147, 432.06167048710876
1451894497, 427.76474849485254
1451980825, 433.2289301929618
1452067203, 430.47195021431475
1452153605, 435.9859446238168
1452240008, 454.0945149166076
1452326404, 451.36661948221024
1452412804, 448.0891768007462
1452499214, 445.3146342293248
1452585812, 445.82446943972815
1452672009, 437.0016025046326
1452758455, 429.61568693315206
1452844800, 422.09151019838004
1452931202, 384.56769326413246
1453017621, 375.0477576127719
1453104003, 381.5358155080222
1453190421, 383.6211769464079
1453276901, 378.5838307804486
1453363244, 405.9901893646641
1453449655, 407.89315781881317
1453536009, 386.42767921669457
1453622493, 387.83944112295325
1453709033, 399.7168939717839
1453795259, 393.2448705722064
1453881605, 393.0439526649262
1453968003, 386.8552808219149
1454054485, 377.4115457914251
1454140861, 378.1491817481726
1454227354, 376.65166216216187
1454313604, 372.6372096420735
1454400060, 372.957582333903
1454486434, 372.93060158701104
1454572833, 369.8659160630624
1454659223, 382.791357180431
1454745726, 381.98878964941036
1454832016, 374.9815151515143
1454918584, 375.8806327006331
1455004805, 373.5802292576409
1455091307, 374.0344097381716
1455177626, 379.42438410595923
1455264146, 377.3492116341348
1455350421, 383.1889260342635
1455436810, 391.1104269392661
1455523358, 401.3164818449534
1455609623, 400.39199169262776
1455696102, 404.86060057655334
1455782404, 417.0674399999971
1455868804, 420.08777109640914
1455955214, 419.47366077998356
1456041605, 436.0592676148403
1456128024, 437.1081704748004
1456214456, 436.78405660377246
1456300806, 419.9735716570692
1456387215, 420.8832184443385
1456473605, 421.6353955606156
1456560116, 426.6406193458601
1456646428, 428.77240796393613
1456732836, 432.63149058778055
1456819211, 435.37981759453413
1456905602, 432.18867737716903
1456992067, 425.4067439066248
1457078477, 420.6267869008079
1457164839, 413.2297885095737
1457251203, 397.9154886070053
1457337600, 406.9026855753636
1457424015, 411.11428063153267
1457510605, 410.80465099544256
1457596844, 411.4858884256522
1457683202, 414.98923665791574
1457769600, 418.46088840188764
1457856027, 411.5324783919577
1457938858, 412.8786548672581
1458025306, 413.851283743248
1458111671, 415.05661965208947
1458198008, 415.31674384596806
1458284477, 417.5758420138884
1458370847, 408.2420763203698
1458457284, 407.5479742132868
1458543668, 409.5457834211811
1458630305, 410.16954695767157
1458716413, 415.4229994792562
1458802806, 416.42755810657985
1458889209, 415.2813722573468
1458975852, 415.545099507809
1459062304, 415.1306392694067
1459148426, 423.6697127740007
1459234835, 422.2802125675901
1459321213, 414.5038871213174
1459407625, 412.78113002928654
1459494003, 414.914664037617
1459580402, 416.2651893698261
1459666807, 418.27794164668416
1459753205, 417.95066608238375
1459839659, 418.2602402347322
1459926022, 421.0352657378736
1460012654, 420.806946141031
1460098853, 420.2312585291828
1460185201, 419.33852235351526
1460271621, 417.16797517812125
1460358003, 419.92719289339806
1460444455, 421.5285694593358
1460530845, 424.82109437514987
1460617217, 423.70969748305924
1460703625, 423.871751724137
1460790082, 427.97511500261095
1460876402, 429.4595143817699
1460962805, 427.05897169566424
1461049205, 427.2542778592336
1461135610, 431.47683729433254
1461222005, 439.64170894834047
1461308458, 446.23977889447104
1461394804, 447.2621259625967
1461481408, 450.0856297365595
1461567619, 456.7154304007594
1461654008, 462.29331061806596
1461740408, 465.8604992548496
1461826845, 452.1400536620761
1461913208, 446.8658104969776
1461999777, 452.23632183907995
1462086004, 450.10455768235556
1462172503, 451.32647058823534
1462259062, 443.2615431125108
1462345237, 448.68823877876264
1462431690, 446.8208434571291
1462518025, 447.5876480716255
1462604424, 455.2707703530789
1462690867, 458.14906561679675
1462777266, 456.93864895421143
1462863615, 460.11312339331397
1462950016, 452.99759723071105
1463036460, 452.56395486936043
1463122894, 452.0733909774449
1463209504, 454.87594988344887
1463295905, 454.95883461868146
1463382134, 456.24382113820974
1463468491, 454.8586554621826
1463554874, 452.97875998120963
1463641257, 453.5469019248398
1463727662, 444.7779045861861
1463814117, 441.5294911660797
1463900431, 441.7239545884583
1463986849, 439.08008449304197
1464073267, 441.4590796963948
1464159706, 444.89768430182295
1464246048, 447.40004353650227
1464332400, 460.48712952799025
1464418803, 477.1902498547372
1464505290, 502.1523163922554
1464591621, 521.338804393163
1464678012, 528.2068460559792
1464764418, 535.9140775988308
1464850867, 535.7415101560173
1464937434, 535.5051979905396
1465023618, 562.0247187928716
1465110092, 573.9724739829734
1465196437, 573.5307140731908
1465282810, 584.4174213171103
1465369229, 577.1079793548377
1465455806, 578.8391727779414
1465542019, 575.9380588235318
1465628508, 577.5677067669188
1465714837, 606.0594798711693
1465801202, 657.5818644833457
1465887687, 692.747748189684
1465974001, 681.2448233446793
1466060408, 702.7446714055826
1466146800, 747.7144172151875
1466233233, 740.1865893425258
1466319762, 755.5191671794831
1466406133, 755.4815308471411
1466492440, 723.3263949128894
1466578848, 667.6965522640465
1466665214, 613.0896125046847
1466751604, 618.1271128446805
1466838055, 658.586442091334
1466924409, 658.6704063745048
1467010804, 630.441826923076
1467097408, 641.8048740145294
1467183608, 640.8650486295342
1467270085, 631.9713666778221
1467356463, 662.8465981091377
1467442922, 675.0076390870179
1467529229, 692.3199913288524
1467615664, 663.6096568627433
1467702005, 672.5756640625029
1467788730, 671.1515656390711
1467874865, 658.5592746884912
1467961370, 632.5565862467506
1468047605, 648.7363664649995
1468134067, 644.1394162969896
1468220586, 646.4715231788059
1468306892, 646.6799169435183
1468393336, 663.4813629242864
1468479628, 660.1666806963916
1468566009, 659.3334876245572
1468652425, 664.018386485634
1468738963, 661.305171026156
1468825203, 676.1558023952107
1468911723, 674.0514123185587
1468998214, 670.5915219611802
1469084416, 665.9464697354126
1469170874, 663.6446501914335
1469257226, 654.480649049605
1469343666, 653.0079241765092
1469430020, 656.3008764044938
1469516645, 654.1396480847088
1469602840, 650.2494739941129
1469689228, 654.2350257997966
1469775612, 653.8809387605471
1469862159, 654.2797107438021
1469948495, 643.3818506006053
1470034807, 627.2805190389897
1470121243, 613.5464708069937
1470207618, 550.173980352026
1470294114, 557.3788543654058
1470380492, 571.102828691463
1470466943, 571.4402251256242
1470553204, 578.6110958095651
1470639623, 590.7879801151252
1470726193, 589.1807486224615
1470812416, 584.8651898326855
1470899028, 593.2149032093695
1470985391, 589.090853540253
1471072111, 586.0176105828855
1471158100, 583.1172628304791
1471244402, 569.2590321736865
1471330805, 565.5074858166629
1471417391, 573.4081043663481
1471503603, 571.5135571054913
1471590057, 571.7136202920822
1471676762, 570.5423165206862
1471762845, 576.7117770232021
1471849324, 577.6426901480362
1471935778, 580.9630536201133
1472022430, 580.2141771315265
1472108583, 577.2170262096754
1472194913, 574.9582491478145
1472281249, 576.8917046317401
1472367611, 568.4479507727534
1472454148, 571.1094377510017
1472540502, 572.4401650618934
1472626821, 574.344760012226
1472713235, 571.0468124118465
1472799663, 569.4802087810874
1472886000, 570.824056399131
1472972420, 585.4603154153671
1473058810, 602.7095446880351
1473145323, 600.7022361680323
1473231610, 606.499261119078
1473318038, 611.5665337078686
1473404417, 623.6450313588857
1473490804, 619.784574578026
1473577383, 621.7768384697094
1473663600, 607.9935681441904
1473750016, 605.8825244544718
1473836533, 606.8715240506377
1473922806, 608.1647942689218
1474009257, 605.9700183430153
1474095730, 605.9968537339797
1474182058, 603.1340671865648
1474268432, 606.6278495821713
1474354800, 606.7569380281776
1474441304, 603.590537757441
1474527604, 594.6413174890237
1474614005, 594.7785651817358
1474700591, 598.9646409959452
1474786817, 600.1184560906527
1474873213, 597.637585638998
1474959604, 604.0401963534368
1475046244, 603.2463422619048
1475132566, 602.8865591707461
1475218802, 603.8189607843142
1475305332, 605.5836086584933
1475391622, 611.2087225193047
1475478329, 607.5778417266196
1475564524, 609.6076047904203
1475650818, 606.9994911146989
1475737247, 608.7376109498107
1475823627, 608.6994467578787
1475910059, 613.0954028239189
1475996552, 612.8312096774173
1476082817, 612.8735419771532
1476169233, 617.2797048345949
1476255667, 634.0422948294788
1476342037, 635.3929195227144
1476428423, 633.8728814229263
1476514804, 636.6242763568395
1476601332, 637.2924067649581
1476687603, 636.9795330431313
1476774078, 635.4325226130652
1476860475, 634.8903984063716
1476946890, 629.2899188823791
1477033418, 627.8117482517493
1477119664, 629.4134098582036
1477206149, 648.1775200413742
1477292648, 647.7676543209885
1477379198, 648.4670283018806
1477465208, 652.5394194285726
1477551605, 669.2777187619463
1477638080, 680.3868090078719
1477724465, 686.5568895721211
1477810804, 705.8834511486996
1477897327, 697.3583142787662
1477983905, 701.4028715931561
1478070000, 724.2555142231865
1478156556, 729.402979880365
1478242810, 705.5399930294024
1478329245, 698.884657941704
1478415828, 704.2582407739166
1478505601, 704.9209791332272
1478592009, 703.1104341534036
1478678401, 718.518656498667
1478764802, 723.872588652493
1478851203, 712.9927585460799
1478937693, 715.6447199729516
1479024006, 700.8462224371326
1479110402, 695.9799793388197
1479196814, 702.6612914718324
1479283202, 711.6942375403055
1479369602, 731.5901151992506
1479456027, 742.5111160868126
1479542423, 746.7080303440871
1479628804, 747.7562241521942
1479715205, 730.0572728816379
1479801607, 734.6925927209652
1479888014, 743.7357095769987
1479974404, 737.6463738056488
1480060805, 732.7852331860563
1480147320, 732.9282287968443
1480234176, 725.9263215149078
1480320004, 727.4006447453236
1480406430, 728.9371376986078
1480492801, 730.6227613452241
1480579204, 740.887549952416
1480665708, 754.8837654712917
1480752057, 767.5089958352779
1480838603, 759.6044419889552
1480924802, 756.1399983416344
1481011200, 749.6277857142786
1481097602, 756.6208448832496
1481184002, 763.9770527431738
1481270404, 768.3754879807823
1481356869, 770.2538869809559
1481443216, 770.7056317519932
1481529680, 768.3357809487129
1481616007, 777.6525026221927
1481702575, 777.6997653194308
1481788923, 776.5752521130868
1481875290, 775.9791077119235
1481961603, 780.863187564052
1482048098, 787.5655221519104
1482134463, 788.9743127364436
1482220979, 789.9743571924903
1482307231, 797.0068166745729
1482393611, 823.9466632529621
1482480039, 876.9931524577169
1482566405, 902.4475082753047
1482652829, 888.8198830538372
1482739201, 883.1621298922269
1482825608, 898.7437622850127
1482912095, 934.1609710688487
1482998405, 963.9330203914186
1483084804, 962.792673105258
1483171314, 951.7209325562054
1483258092, 959.1119517758226
1483344116, 992.7754913385997
1483430434, 1014.7767199817351
1483516808, 1027.1610379215456
1483603228, 1095.99560425954
1483689611, 1001.9785688374312
1483776000, 890.4934077038612
1483862402, 889.4582740232852
1483948821, 904.3196183339113
1484035263, 895.1055921469296
1484121608, 905.4692778993439
1484208003, 806.7403007978078
1484294430, 788.150233617817
1484380861, 808.3335081809456
1484467200, 822.3704228855688
1484553602, 819.875226066266
1484640000, 842.4649994083417
1484726408, 891.8129851679915
1484813047, 878.7717810413978
1484899204, 895.992677213249
1484985606, 896.734673037542
1485072009, 925.3927779083472
1485158444, 913.5582243994279
1485244846, 914.8027666884876
1485331208, 900.5180573721757
1485417628, 893.6848902633651
1485504008, 912.6687683994766
1485590404, 918.7044903273799
1485676808, 916.5416314363108
1485763204, 913.6334436801399
1485849603, 920.143748427673
1485936007, 956.7907627253925
1486022405, 974.9594481012655
1486108804, 1003.2501783149917
1486195221, 1009.69732386962
1486281607, 1024.3569667994661
1486368004, 1014.0919026265157
1486454405, 1025.5089841223219
1486540803, 1055.4592836812053
1486627241, 1050.1412396166224
1486713600, 984.8561372745411
1486800026, 981.6361012107182
1486886429, 1009.1535984950264
1486972862, 1000.958468547919
1487059251, 994.7567514450784
1487145676, 1008.8672198921508
1487232006, 1012.7124590163963
1487318406, 1031.6535592907337
1487404808, 1054.9387440623232
1487491505, 1058.6402577873203
1487577663, 1049.6799612129737
1487664009, 1071.1714215904083
1487750425, 1111.4258994175646
1487836971, 1128.7781427383788
1487923204, 1165.0608881602452
1488009602, 1179.9372025912685
1488096004, 1153.8886457750389
1488182407, 1177.3251846647945
1488268803, 1191.637408282168
1488355208, 1190.4240202224391
1488441658, 1218.1180850770963
1488528034, 1252.6630328451517
1488614409, 1277.8234167262196
1488700828, 1255.4245777951476
1488787295, 1262.7572265703598
1488873616, 1276.7523921924637
1488960003, 1226.259958506227
1489046400, 1176.414132366699
1489132800, 1190.182703506575
1489219207, 1176.334034407215
1489305608, 1179.1358935281899
1489388403, 1217.0117799999928
1489474873, 1237.3770845341035
1489561202, 1246.6070069960617
1489647604, 1249.5518505145264
1489734000, 1175.532099027414
1489820406, 1110.7545263600011
1489906860, 1000.466105071097
1489993235, 1018.4681161518647
1490079601, 1045.4253433761612
1490166005, 1095.3471601249591
1490252620, 1035.6539734582393
1490338827, 1029.6286129256425
1490425219, 957.316927610977
1490511689, 929.2383538124936
1490598021, 968.2344454713453
1490684403, 1017.5948093034855
1490770806, 1042.601680286582
1490857201, 1037.4883504611278
1490943604, 1034.1564868322862
1491030092, 1058.4467732706628
1491116431, 1079.555919088758
1491202848, 1088.6701626944316
1491289210, 1136.2585324561442
1491375631, 1139.9878045568319
1491462004, 1132.3967765814364
1491548433, 1178.017981580972
1491634859, 1190.158414812097
1491721479, 1184.902810218977
1491807644, 1200.560215224293
1491894045, 1207.300879704451
1491980437, 1217.113763492436
1492066890, 1208.9119844206439
1492153336, 1175.250842105267
1492239603, 1167.520716885578
1492326287, 1178.1037197358714
1492412436, 1164.055444141694
1492498863, 1181.0033984375057
1492585203, 1204.119790434359
1492671604, 1201.2981549599006
1492758054, 1227.699400718493
1492844460, 1242.7196926674517
1492930845, 1228.8719484382777
1493017262, 1237.2585344827623
1493103602, 1247.842808918536
1493190022, 1269.6849649871963
1493276436, 1295.451961773284
1493362844, 1325.7945493562174
1493449209, 1321.7821492905719
1493535600, 1329.0863739974661
1493622003, 1342.902300373146
1493708404, 1390.770467046001
1493794804, 1445.9919283617157
1493881204, 1487.6531814548475
1493967605, 1553.2229414547055
1494054003, 1548.9223977048728
1494140467, 1546.577623865095
1494226801, 1547.7893035916738
1494313200, 1599.8665133232832
1494399600, 1719.0894688007343
1494486000, 1765.3722207529631
1494572401, 1828.2981928819281
1494658806, 1716.996556438787
1494745200, 1734.7671950676088
1494831604, 1766.0861123941509
1494918037, 1707.9349993695052
1495004402, 1722.7858204316497
1495090803, 1796.2231831302206
1495177200, 1856.2172397377758
1495263608, 1946.7942512777433
1495350014, 1980.081352219876
1495436415, 2034.174553453581
1495522836, 2133.0458858187703
1495609202, 2230.325984188359
1495695611, 2432.481902376481
1495782006, 2500.547450503748
1495868403, 2310.4694675733986
1495954803, 2061.411855021905
1496041202, 2190.672424281141
1496127612, 2274.175758864388
1496214003, 2241.065919727492
1496300401, 2302.0412729437808
1496386815, 2406.8333991739487
1496473205, 2441.395023990295
1496559678, 2532.2798927221693
1496646006, 2537.322521253339
1496732410, 2696.747814929291
1496818800, 2837.3032031904218
1496905207, 2761.635440845145
1496991601, 2774.0864943896363
1497078003, 2826.096284554685
1497164407, 2870.354908984526
1497250803, 2930.1057422605027
1497337200, 2706.341879328516
1497423603, 2727.37238403324
1497510001, 2532.42792992864
1497596405, 2317.8524374507033
1497682845, 2470.9577755360783
1497769203, 2604.471130511989
1497855604, 2532.1003490264497
1497942008, 2576.143751008823
1498028402, 2697.350621455737
1498114811, 2678.0008211876698
1498201205, 2698.689331404904
1498287607, 2709.967399380823
1498374012, 2599.709422326308
1498460405, 2530.681484258945
1498546803, 2437.0923737962707
1498633208, 2413.8832063952027
1498719608, 2548.135228112683
1498806000, 2549.6966387096954
1498892404, 2499.9597780235877
1498978821, 2435.6611158504143
1499065210, 2476.643170266822
1499151603, 2556.507552918738
1499238005, 2583.109814738232
1499324400, 2579.8931844741064
1499410800, 2584.9163802388152
1499497220, 2513.9607726903796
1499583616, 2530.6205749428054
1499670006, 2524.7093277196736
1499756400, 2383.48369260599
1499842814, 2331.6749510684817
1499929218, 2372.2079390629247
1500015608, 2349.1084440258674
1500102014, 2206.102194031377
1500188400, 2027.1178140439795
1500274805, 1921.6957447727184
1500361204, 2137.5186319073073
1500447617, 2314.9519825286525
1500534005, 2305.4097383574117
1500620400, 2652.221467166385
1500706808, 2705.3122069342267
1500793209, 2806.921906655636
1500879603, 2740.279829339119
1500966006, 2746.9883003815357
1501052405, 2555.143972918251
1501138801, 2495.0196735829527
1501225205, 2609.6311482024894
1501311619, 2755.535852453219
1501398011, 2685.587684312315
1501484404, 2695.8618468672294
1501570816, 2801.052028818444
1501657216, 2723.015019101227
1501743603, 2704.5068976252564
1501830001, 2763.249225811992
1501916404, 2932.7829413474633
1502002805, 3224.110061451906
1502089218, 3231.097698981239
1502175603, 3370.6507396044667
1502262018, 3405.7915817632215
1502348400, 3314.9574267265552
1502434807, 3417.5479888717346
1502521202, 3567.6705579850545
1502607600, 3859.4651047985935
1502694018, 4023.5282119801814
1502780404, 4261.67896420803
1502866800, 4052.641766715691
1502953207, 4238.237653979585
1503039608, 4327.984066394824
1503126000, 4160.009742990578
1503212401, 4018.217054700853
1503298812, 4049.05527151375
1503385201, 3913.2409694068533
1503471609, 3987.614190025155
1503558002, 4149.264661388811
1503644417, 4235.040734576313
1503730804, 4355.644309204307
1503817204, 4314.019613050087
1503903600, 4298.762740054168
1503990004, 4336.140051255777
1504076403, 4531.502749556252
1504162802, 4565.639194545335
1504249201, 4708.348915491578
1504335602, 4819.552364635589
1504422001, 4619.744958139004
1504508401, 4528.651368067549
1504594801, 4249.15383010499
1504681205, 4329.5440352833375
1504767603, 4551.169422129924
1504854003, 4599.492824466421
1504940404, 4344.765132388049
1505026802, 4246.030130507441
1505113203, 4179.84172557385
1505199604, 4222.071713062126
1505286003, 4155.464549373957
1505372402, 3867.542443852983
1505458801, 3461.995714831858
1505545202, 3470.651161698986
1505631601, 3646.9769293501217
1505718000, 3692.2795875171055
1505804402, 3993.4600298923983
1505890810, 3935.783601682547
1505977203, 3932.9730704127605
1506063603, 3710.4206872085765
1506150003, 3604.2915461035227
1506236401, 3743.5736485520038
1506322803, 3711.584678543742
1506409201, 3880.561832469667
1506495602, 3918.5710792365217
1506582002, 4110.402462440778
1506668400, 4146.568267453997
1506754800, 4173.739481351972
1506841203, 4299.298028721967
1506927602, 4318.895732126418
1507014005, 4384.396649276495
1507100403, 4284.508964096479
1507186814, 4211.343349206378
1507273202, 4303.331906282361
1507359609, 4369.24904457542
1507446004, 4392.523731631113
1507532404, 4543.631355904555
1507618800, 4718.698940863983
1507705203, 4797.367566190815
1507791602, 4820.82373728269
1507878000, 5350.595900722887
1507964403, 5633.952176354162
1508050803, 5711.075111661049
1508137205, 5571.388374802079
1508223602, 5680.460830242516
1508310000, 5553.186711502367
1508396403, 5384.355611416121
1508482803, 5676.053004216309
1508569203, 5932.929487709276
1508655600, 6020.74030310699
1508742003, 5883.475486852786
1508828403, 5766.704937707928
1508914803, 5594.142166338797
1509001203, 5604.375586998132
1509087600, 5882.779602368123
1509174001, 5767.220748914024
1509260401, 5722.655671413156
1509346803, 6045.386735139835
1509433204, 6126.197682975815
1509519600, 6331.20668670756
1509606003, 6646.14353672247
1509692400, 7018.890433235526
1509778802, 7270.2941293559925
1509865200, 7343.917535493171
1509955203, 7389.246850448859
1510041602, 7144.567535988213
1510128002, 7169.526372024717
1510214402, 7437.907498961697
1510300807, 7193.427642983299
1510387203, 6760.115747350998
1510473600, 6240.274670361401
1510560003, 6100.310550985553
1510646401, 6532.685838587817
1510732800, 6642.100339090785
1510819200, 7175.137587105866
1510905600, 7696.178185496809
1510992005, 7735.290191594902
1511078432, 7749.181643768589
1511164800, 7900.065066872481
1511251203, 8083.896271295067
1511337609, 8177.950624299308
1511424004, 8218.257996178278
1511510402, 8109.47269962099
1511596802, 8208.207194883746
1511683203, 8618.059071691314
1511769600, 9241.976459938389
1511856003, 9602.709604767666
1511942401, 10024.416696307355
1512028803, 10357.109488569973
1512115202, 9653.250189828084
1512201602, 10543.6388204031
1512288001, 10954.771487325499
1512374402, 11335.814923659127
1512460801, 11362.045667116994
1512547200, 11844.955787860821
1512633601, 13203.966089245218
1512720000, 15417.764285583784
1512806400, 15154.961890374621
1512892802, 14086.755715993102
1512979201, 14801.653322835904
1513065601, 16426.734355819834
1513152000, 16880.552515511714
1513238401, 16349.555993224156
1513324800, 16628.851121630774
1513411201, 17534.506117009598
1513497600, 18731.410186642406
1513584000, 18979.142483055304
1513670402, 18786.769888884646
1513756803, 17470.9918262791
1513843201, 16763.290989900503
1513929600, 15078.80807030797
1514016001, 13515.74834539318
1514102402, 14810.915362906786
1514188801, 13449.998075981932
1514275200, 14338.46208078702
1514361600, 15760.430916174546
1514448003, 15046.400333323309
1514534400, 14244.2097154986
1514620801, 14082.68822483589
1514707207, 12979.495127174767
1514793600, 13494.677814204757
1514880001, 13332.479148159033
1514966405, 14447.434938319906
1515052800, 14971.01449793246
1515139211, 14766.748181944176
1515225600, 16333.273347564818
1515312007, 16697.367905069943
1515398401, 16167.949029867425
1515484801, 14968.876430381764
1515571200, 14503.208999977684
1515657614, 13917.512264578747
1515744001, 13537.63329824708
1515830412, 13871.092734637485
1515916802, 14178.474944842299
1516003204, 13492.970826150553
1516089600, 13544.909644861087
1516176004, 11514.208137317897
1516262400, 10592.759597181577
1516348802, 11566.101976206706
1516435200, 11793.211426381093
1516521600, 12557.35184845657
1516608004, 11610.21647458849
1516694403, 10735.94396280053
1516780802, 10711.7866924793
1516867201, 11272.375382960934
1516953600, 11248.05719879321
1517040003, 10836.52473572795
1517126402, 11444.36210995536
1517212801, 11594.559001879734
1517299211, 11143.436053414078
1517385600, 10204.281117172632
1517472014, 10061.354930634785
1517558402, 8999.100859051649
1517644802, 8433.520880860793
1517731208, 9139.643724864909
1517817602, 8353.733542816988
1517904000, 6953.945818325892
1517990402, 7171.289542704516
1518076800, 8106.306992243651
1518163203, 8216.470827979974
1518249600, 8651.703809807708
1518336001, 8420.952521440739
1518422403, 8264.770599917229
1518508800, 8730.566754143836
1518595214, 8616.044245513673
1518681600, 9316.7561597487
1518768000, 9945.401546157198
1518854404, 10160.565687753982
1518940804, 10824.738839981661
1519027202, 10607.760367116314
1519113602, 11181.585900316988
1519200008, 11290.66191858799
1519286408, 10669.629641326015
1519372801, 9981.122173402742
1519459203, 10198.647088002264
1519545610, 9698.809313840413
1519632000, 9552.882511469294
1519718400, 10160.467123938537
1519804805, 10732.215613671997
1519891200, 10485.892623173093
1519977603, 10893.918426184817
1520064002, 11057.457574080734
1520150402, 11342.374307181179
1520236802, 11341.184703863682
1520323203, 11457.134126739851
1520409603, 10816.32167695725
1520496000, 9979.143519319068
1520582401, 9276.673636262494
1520668800, 9006.091679420859
1520755200, 8925.500092513068
1520838009, 9378.053376734471
1520924404, 9322.95334462336
1521010812, 9138.279716146342
1521097200, 8302.574111598833
1521183600, 8159.08111786137
1521270008, 8344.357826302969
1521356405, 7900.722873328323
1521442803, 7848.803514627847
1521529201, 8446.117138297475
1521615606, 8830.562707604056
