1231747200, 7.0
1231920000, 3.0
1232006400, 15.0
1232092800, 4.0
1232265600, 3.0
1232352000, 16.0
1232438400, 8.0
1232524800, 2.0
1232611200, 10.0
1232697600, 9.0
1232784000, 10.0
1232870400, 1.0
1232956800, 20.0
1233043200, 3.0
1233216000, 12.0
1233388800, 20.0
1233475200, 2.0
1233561600, 1.0
1233648000, 18.0
1233993600, 24.0
1234080000, 1.0
1234166400, 44.0
1234339200, 14.0
1234684800, 13.0
1234771200, 30.0
1235030400, 16.0
1235289600, 11.0
1235721600, 36.0
1235808000, 7.0
1236067200, 8.0
1236153600, 25.0
1236240000, 8.0
1236499200, 26.0
1236841200, 3.0
1236927600, 13.0
1237186800, 48.0
1237359600, 14.0
1237532400, 12.0
1237705200, 11.0
1238050800, 28.0
1238223600, 20.0
1238482800, 32.0
1238914800, 17.0
1239433200, 7.0
1239519600, 8.0
1239606000, 1.0
1240038000, 4.0
1240124400, 8.0
1240210800, 115.0
1240297200, 1.0
1240729200, 15.0
1240988400, 20.0
1241247600, 15.0
1241334000, 4.0
1241420400, 30.0
1241506800, 10.0
1242025200, 2.0
1242198000, 5.0
1242284400, 4.0
1242370800, 10.0
1243580400, 60.0
1243839600, 1.0
1245654000, 60.0
1245826800, 3.0
1245913200, 20.0
1246172400, 1.0
1246258800, 1.0
1246345200, 3.0
1246431600, 2.0
1246518000, 1.0
1248073200, 121.0
1248850800, 2.0
1248937200, 1.0
1249628400, 111.0
1251270000, 48.0
1251615600, 1.0
1251702000, 6.0
1251961200, 14.0
1252306800, 13.0
1253084400, 1.0
1253170800, 101.0
1253516400, 8.0
1253602800, 40.0
1253862000, 26.0
1254034800, 16.0
1254207600, 43.0
1254466800, 10.0
1254812400, 15.0
1255330800, 74.0
1255676400, 81.0
1255849200, 7.0
1256022000, 101.0
1256108400, 18.0
1256194800, 40.0
1256367600, 7.0
1256626800, 16.0
1256799600, 41.0
1257321600, 42.0
1257926400, 57.0
1258099200, 13.0
1258617600, 91.0
1259654400, 168.0
1260000000, 18.0
1260086400, 3.0
1260259200, 30.0
1260345600, 25.0
1260604800, 67.0
1260777600, 332.0
1260864000, 8.0
1260950400, 17.0
1261036800, 10.0
1261209600, 1.0
1261382400, 1.0
1261728000, 1.0
1261900800, 5.0
1262332800, 2.0
1262592000, 82.0
1263283200, 216.0
1263369600, 2.0
1263456000, 9.0
1263542400, 5.0
1263628800, 6.0
1263801600, 1.0
1264060800, 18.0
1264147200, 5.0
1264233600, 2.0
1264320000, 1.0
1264406400, 61.0
1264492800, 19.0
1264579200, 20.0
1264665600, 21.0
1264752000, 19.0
1264838400, 34.0
1264924800, 18.0
1265011200, 20.0
1265097600, 21.0
1265184000, 6.0
1265270400, 41.0
1265356800, 245.0
1265443200, 30.0
1265529600, 10.0
1265616000, 125.0
1265702400, 418.0
1265788800, 606.0
1265875200, 74.0
1265961600, 53.0
1266048000, 85.0
1266134400, 58.0
1266220800, 91.0
1266307200, 16.0
1266393600, 28.0
1266480000, 58.0
1266566400, 4.0
1266652800, 13.0
1266739200, 126.0
1266825600, 267.0
1266912000, 1.0
1266998400, 107.0
1267084800, 143.0
1267171200, 20.0
1267257600, 10.0
1267344000, 106.0
1267430400, 32.0
1267516800, 40.0
1267603200, 116.0
1267689600, 387.0
1267776000, 2.0
1267862400, 93.0
1267948800, 115.0
1268035200, 181.0
1268121600, 81.0
1268208000, 42.0
1268294400, 64.0
1268380800, 7.0
1268467200, 36.0
1268553600, 10.0
1268636400, 5.0
1268722800, 25.0
1268809200, 25.0
1268895600, 81.0
1268982000, 127.0
1269068400, 73.0
1269154800, 9.0
1269241200, 40.0
1269327600, 77.0
1269414000, 33.0
1269500400, 344.0
1269586800, 76.0
1269673200, 24.0
1269759600, 19.0
1269846000, 68.0
1269932400, 11.0
1270018800, 25.0
1270105200, 28.0
1270191600, 20.0
1270278000, 25.0
1270364400, 69.0
1270450800, 145.0
1270537200, 101.0
1270623600, 105.0
1270710000, 51.0
1270796400, 161.0
1270882800, 282.0
1270969200, 173.0
1271055600, 165.0
1271142000, 38.0
1271228400, 114.0
1271314800, 698.0
1271401200, 221.0
1271487600, 87.0
1271574000, 3337.0
1271660400, 306.0
1271746800, 222.0
1271833200, 153.0
1271919600, 60.0
1272006000, 76.0
1272092400, 155.0
1272178800, 181.0
1272265200, 106.0
1272351600, 89.0
1272438000, 137.0
1272524400, 58.0
1272610800, 46.0
1272697200, 70.0
1272783600, 44.0
1272870000, 118.0
1272956400, 207.0
1273042800, 175.0
1273129200, 284.0
1273215600, 94.0
1273302000, 279.0
1273388400, 114.0
1273474800, 155.0
1273561200, 41.0
1273647600, 136.0
1273734000, 117.0
1273820400, 940.0
1273906800, 1025.0
1273993200, 47.0
1274079600, 137.0
1274166000, 138.0
1274252400, 137.0
1274338800, 79.0
1274425200, 184.0
1274511600, 267.0
1274598000, 201.0
1274684400, 117.0
1274770800, 121.0
1274857200, 177.0
1274943600, 186.0
1275030000, 107.0
1275116400, 162.0
1275202800, 86.0
1275289200, 96.0
1275375600, 111.0
1275462000, 76.0
1275548400, 234.0
1275634800, 65.0
1275721200, 93.0
1275807600, 109.0
1275894000, 296.0
1275980400, 132.0
1276066800, 157.0
1276153200, 89.0
1276239600, 154.0
1276326000, 120.0
1276412400, 148.0
1276498800, 239.0
1276585200, 141.0
1276671600, 169.0
1276758000, 87.0
1276844400, 114.0
1276930800, 243.0
1277017200, 96.0
1277103600, 149.0
1277190000, 166.0
1277276400, 142.0
1277362800, 157.0
1277449200, 77.0
1277535600, 66.0
1277622000, 111.0
1277708400, 119.0
1277794800, 240.0
1277881200, 1044.0
1277967600, 196.0
1278054000, 463.0
1278140400, 166.0
1278226800, 305.0
1278313200, 183.0
1278399600, 91.0
1278486000, 215.0
1278572400, 117.0
1278658800, 118.0
1278745200, 185.0
1278831600, 269.0
1278918000, 1951.0
1279004400, 957.0
1279090800, 6165.0
1279177200, 2178.0
1279263600, 969.0
1279350000, 501.0
1279436400, 612.0
1279522800, 556.0
1279609200, 732.0
1279695600, 472.0
1279782000, 295.0
1279868400, 304.0
1279954800, 1188.0
1280041200, 3264.0
1280127600, 1225.0
1280214000, 477.0
1280300400, 2434.0
1280386800, 1751.0
1280473200, 413.0
1280559600, 296.0
1280646000, 298.0
1280732400, 314.0
1280818800, 686.0
1280905200, 357.0
1280991600, 807.0
1281078000, 408.0
1281164400, 389.0
1281250800, 323.0
1281337200, 1400.0
1281423600, 289.0
1281510000, 383.0
1281596400, 260.0
1281682800, 689.0
1281769200, 434.0
1281855600, 237.0
1281942000, 635.0
1282028400, 292.0
1282114800, 1302.0
1282201200, 271.0
1282287600, 388.0
1282374000, 286.0
1282460400, 322.0
1282546800, 338.0
1282633200, 753.0
1282719600, 230.0
1282806000, 404.0
1282892400, 255.0
1282978800, 355.0
1283065200, 168.0
1283151600, 352.0
1283238000, 769.0
1283324400, 548.0
1283410800, 345.0
1283497200, 245.0
1283583600, 205.0
1283670000, 299.0
1283756400, 271.0
1283842800, 219.0
1283929200, 293.0
1284015600, 337.0
1284102000, 309.0
1284188400, 228.0
1284274800, 495.0
1284361200, 493.0
1284447600, 404.0
1284534000, 463.0
1284620400, 413.0
1284706800, 772.0
1284793200, 307.0
1284879600, 381.0
1284966000, 496.0
1285052400, 1121.0
1285138800, 859.0
1285225200, 750.0
1285311600, 468.0
1285398000, 593.0
1285484400, 402.0
1285570800, 998.0
1285657200, 1499.0
1285743600, 1550.0
1285830000, 393.0
1285916400, 622.0
1286002800, 776.0
1286089200, 429.0
1286175600, 581.0
1286262000, 487.0
1286348400, 428.0
1286434800, 400.0
1286521200, 583.0
1286607600, 579.0
1286694000, 375.0
1286780400, 374.0
1286866800, 390.0
1286953200, 716.0
1287039600, 397.0
1287126000, 299.0
1287212400, 582.0
1287298800, 405.0
1287385200, 655.0
1287471600, 1134.0
1287558000, 848.0
1287644400, 715.0
1287730800, 766.0
1287817200, 584.0
1287903600, 574.0
1287990000, 464.0
1288076400, 487.0
1288162800, 767.0
1288249200, 623.0
1288335600, 602.0
1288422000, 359.0
1288508400, 335.0
1288594800, 346.0
1288681200, 226.0
1288767600, 316.0
1288854000, 346.0
1288940400, 607.0
1289026800, 358.0
1289113200, 411.0
1289203200, 1232.0
1289289600, 390.0
1289376000, 353.0
1289462400, 341.0
1289548800, 240.0
1289635200, 301.0
1289721600, 597.0
1289808000, 7718.0
1289894400, 9155.0
1289980800, 383.0
1290067200, 1386.0
1290153600, 9694.0
1290240000, 9750.0
1290326400, 10181.0
1290412800, 347.0
1290499200, 399.0
1290585600, 4306.0
1290672000, 8182.0
1290758400, 1515.0
1290844800, 489.0
1290931200, 385.0
1291017600, 547.0
1291104000, 434.0
1291190400, 684.0
1291276800, 479.0
1291363200, 540.0
1291449600, 423.0
1291536000, 337.0
1291622400, 336.0
1291708800, 700.0
1291795200, 481.0
1291881600, 490.0
1291968000, 334.0
1292054400, 599.0
1292140800, 648.0
1292227200, 1218.0
1292313600, 639.0
1292400000, 631.0
1292486400, 560.0
1292572800, 632.0
1292659200, 473.0
1292745600, 785.0
1292832000, 1064.0
1292918400, 654.0
1293004800, 772.0
1293091200, 579.0
1293177600, 514.0
1293264000, 577.0
1293350400, 606.0
1293436800, 809.0
1293523200, 663.0
1293609600, 625.0
1293696000, 675.0
1293782400, 535.0
1293868800, 748.0
1293955200, 690.0
1294041600, 1723.0
1294128000, 971.0
1294214400, 1621.0
1294300800, 903.0
1294387200, 1066.0
1294473600, 1555.0
1294560000, 1424.0
1294646400, 1491.0
1294732800, 1627.0
1294819200, 1280.0
1294905600, 1655.0
1294992000, 1600.0
1295078400, 1205.0
1295164800, 1174.0
1295251200, 886.0
1295337600, 1067.0
1295424000, 1157.0
1295510400, 978.0
1295596800, 1599.0
1295683200, 2269.0
1295769600, 1622.0
1295856000, 1773.0
1295942400, 991.0
1296028800, 1201.0
1296115200, 1250.0
1296201600, 1324.0
1296288000, 2059.0
1296374400, 4419.0
1296460800, 2237.0
1296547200, 1932.0
1296633600, 1212.0
1296720000, 937.0
1296806400, 1161.0
1296892800, 1166.0
1296979200, 1260.0
1297065600, 1019.0
1297152000, 1024.0
1297238400, 1481.0
1297324800, 2885.0
1297411200, 2967.0
1297497600, 2475.0
1297584000, 2244.0
1297670400, 3325.0
1297756800, 2687.0
1297843200, 2438.0
1297929600, 2709.0
1298016000, 3018.0
1298102400, 2049.0
1298188800, 2269.0
1298275200, 2198.0
1298361600, 2776.0
1298448000, 2823.0
1298534400, 2749.0
1298620800, 2586.0
1298707200, 2550.0
1298793600, 2967.0
1298880000, 2379.0
1298966400, 3727.0
1299052800, 2675.0
1299139200, 3795.0
1299225600, 2936.0
1299312000, 3759.0
1299398400, 2644.0
1299484800, 2677.0
1299571200, 3521.0
1299657600, 2690.0
1299744000, 2274.0
1299830400, 2691.0
1299916800, 3671.0
1300003200, 3430.0
1300086000, 3916.0
1300172400, 4048.0
1300258800, 4214.0
1300345200, 4046.0
1300431600, 3281.0
1300518000, 4014.0
1300604400, 6152.0
1300690800, 6856.0
1300777200, 3028.0
1300863600, 6172.0
1300950000, 3320.0
1301036400, 3091.0
1301122800, 4801.0
1301209200, 4089.0
1301295600, 4595.0
1301382000, 3803.0
1301468400, 2679.0
1301554800, 3312.0
1301641200, 2592.0
1301727600, 2618.0
1301814000, 2482.0
1301900400, 3492.0
1301986800, 3142.0
1302073200, 2800.0
1302159600, 2489.0
1302246000, 2896.0
1302332400, 2582.0
1302418800, 2816.0
1302505200, 3398.0
1302591600, 4084.0
1302678000, 4101.0
1302764400, 4244.0
1302850800, 4401.0
1302937200, 4912.0
1303023600, 3512.0
1303110000, 4742.0
1303196400, 5433.0
1303282800, 5974.0
1303369200, 2861.0
1303455600, 3309.0
1303542000, 4162.0
1303628400, 4137.0
1303714800, 5123.0
1303801200, 5424.0
1303887600, 8792.0
1303974000, 5474.0
1304060400, 5813.0
1304146800, 8098.0
1304233200, 7532.0
1304319600, 4888.0
1304406000, 5151.0
1304492400, 5215.0
1304578800, 6378.0
1304665200, 5747.0
1304751600, 5758.0
1304838000, 5040.0
1304924400, 6353.0
1305010800, 6506.0
1305097200, 6052.0
1305183600, 6248.0
1305270000, 8847.0
1305356400, 8042.0
1305442800, 7406.0
1305529200, 8257.0
1305615600, 7992.0
1305702000, 10086.0
1305788400, 8315.0
1305874800, 8980.0
1305961200, 8514.0
1306047600, 8613.0
1306134000, 10014.0
1306220400, 9586.0
1306306800, 11063.0
1306393200, 12474.0
1306479600, 8117.0
1306566000, 8368.0
1306652400, 8066.0
1306738800, 9276.0
1306825200, 11254.0
1306911600, 11852.0
1306998000, 13694.0
1307084400, 18376.0
1307170800, 16458.0
1307257200, 13994.0
1307343600, 18841.0
1307430000, 15857.0
1307516400, 26010.0
1307602800, 22779.0
1307689200, 20636.0
1307775600, 18978.0
1307862000, 23080.0
1307948400, 21621.0
1308034800, 23644.0
1308121200, 23568.0
1308207600, 24131.0
1308294000, 21493.0
1308380400, 20188.0
1308466800, 21114.0
1308553200, 17853.0
1308639600, 16539.0
1308726000, 17619.0
1308812400, 16584.0
1308898800, 18198.0
1308985200, 17314.0
1309071600, 18955.0
1309158000, 23769.0
1309244400, 19490.0
1309330800, 17784.0
1309417200, 17308.0
1309503600, 18679.0
1309590000, 13709.0
1309676400, 14063.0
1309762800, 17153.0
1309849200, 17521.0
1309935600, 20697.0
1310022000, 16432.0
1310108400, 14868.0
1310194800, 13966.0
1310281200, 15768.0
1310367600, 18018.0
1310454000, 14405.0
1310540400, 15270.0
1310626800, 15010.0
1310713200, 13246.0
1310799600, 15273.0
1310886000, 15075.0
1310972400, 20344.0
1311058800, 17934.0
1311145200, 16084.0
1311231600, 15260.0
1311318000, 16105.0
1311404400, 13580.0
1311490800, 14976.0
1311577200, 18399.0
1311663600, 16098.0
1311750000, 15121.0
1311836400, 15393.0
1311922800, 12287.0
1312009200, 10354.0
1312095600, 13960.0
1312182000, 15720.0
1312268400, 16833.0
1312354800, 15521.0
1312441200, 15288.0
1312527600, 12869.0
1312614000, 13586.0
1312700400, 11530.0
1312786800, 16128.0
1312873200, 17753.0
1312959600, 15046.0
1313046000, 13331.0
1313132400, 12788.0
1313218800, 13440.0
1313305200, 14421.0
1313391600, 17129.0
1313478000, 17725.0
1313564400, 15209.0
1313650800, 13092.0
1313737200, 15100.0
1313823600, 12749.0
1313910000, 13297.0
1313996400, 14332.0
1314082800, 13113.0
1314169200, 13059.0
1314255600, 13009.0
1314342000, 14652.0
1314428400, 12939.0
1314514800, 9953.0
1314601200, 14826.0
1314687600, 13812.0
1314774000, 12723.0
1314860400, 13457.0
1314946800, 12467.0
1315033200, 10710.0
1315119600, 12803.0
1315206000, 13308.0
1315292400, 15585.0
1315378800, 13313.0
1315465200, 12380.0
1315551600, 18072.0
1315638000, 12890.0
1315724400, 13103.0
1315810800, 13799.0
1315897200, 11785.0
1315983600, 11473.0
1316070000, 12543.0
1316156400, 11593.0
1316242800, 10038.0
1316329200, 10598.0
1316415600, 13740.0
1316502000, 17179.0
1316588400, 17109.0
1316674800, 11133.0
1316761200, 10659.0
1316847600, 10951.0
1316934000, 10420.0
1317020400, 9762.0
1317106800, 10907.0
1317193200, 10621.0
1317279600, 9766.0
1317366000, 10593.0
1317452400, 10171.0
1317538800, 9119.0
1317625200, 11393.0
1317711600, 11319.0
1317798000, 10709.0
1317884400, 11523.0
1317970800, 10783.0
1318057200, 9962.0
1318143600, 10168.0
1318230000, 10545.0
1318316400, 12053.0
1318402800, 11425.0
1318489200, 9395.0
1318575600, 11696.0
1318662000, 10145.0
1318748400, 9488.0
1318834800, 12029.0
1318921200, 9305.0
1319007600, 9623.0
1319094000, 8089.0
1319180400, 8359.0
1319266800, 9478.0
1319353200, 9900.0
1319439600, 10613.0
1319526000, 9353.0
1319612400, 9729.0
1319698800, 8376.0
1319785200, 9999.0
1319871600, 10889.0
1319958000, 9043.0
1320044400, 8994.0
1320130800, 10173.0
1320217200, 10282.0
1320303600, 10695.0
1320390000, 12290.0
1320476400, 11027.0
1320562800, 8084.0
1320652800, 10564.0
1320739200, 11854.0
1320825600, 12043.0
1320912000, 12256.0
1320998400, 10033.0
1321084800, 9587.0
1321171200, 9107.0
1321257600, 11690.0
1321344000, 11859.0
1321430400, 11643.0
1321516800, 10036.0
1321603200, 9627.0
1321689600, 8978.0
1321776000, 10828.0
1321862400, 8602.0
1321948800, 10524.0
1322035200, 10111.0
1322121600, 10319.0
1322208000, 10067.0
1322294400, 9323.0
1322380800, 9072.0
1322467200, 11481.0
1322553600, 13746.0
1322640000, 15309.0
1322726400, 13294.0
1322812800, 12050.0
1322899200, 11120.0
1322985600, 10187.0
1323072000, 11490.0
1323158400, 15062.0
1323244800, 12134.0
1323331200, 12614.0
1323417600, 10493.0
1323504000, 10443.0
1323590400, 12356.0
1323676800, 11004.0
1323763200, 10993.0
1323849600, 10604.0
1323936000, 8544.0
1324022400, 10735.0
1324108800, 9787.0
1324195200, 8490.0
1324281600, 12490.0
1324368000, 15746.0
1324454400, 10883.0
1324540800, 11340.0
1324627200, 10413.0
1324713600, 8555.0
1324800000, 9828.0
1324886400, 10767.0
1324972800, 10512.0
1325059200, 9964.0
1325145600, 10333.0
1325232000, 9421.0
1325318400, 11281.0
1325404800, 12053.0
1325491200, 13486.0
1325577600, 13290.0
1325664000, 13351.0
1325750400, 16918.0
1325836800, 17402.0
1325923200, 14062.0
1326009600, 14984.0
1326096000, 15402.0
1326182400, 19789.0
1326268800, 19738.0
1326355200, 14058.0
1326441600, 13456.0
1326528000, 13114.0
1326614400, 12997.0
1326700800, 15393.0
1326787200, 13619.0
1326873600, 14250.0
1326960000, 14131.0
1327046400, 13403.0
1327132800, 13455.0
1327219200, 9742.0
1327305600, 11089.0
1327392000, 14987.0
1327478400, 16598.0
1327564800, 13584.0
1327651200, 13503.0
1327737600, 12206.0
1327824000, 13306.0
1327910400, 11801.0
1327996800, 14715.0
1328083200, 12876.0
1328169600, 15344.0
1328256000, 14427.0
1328342400, 14772.0
1328428800, 13299.0
1328515200, 12105.0
1328601600, 13360.0
1328688000, 13286.0
1328774400, 14871.0
1328860800, 17036.0
1328947200, 15508.0
1329033600, 13448.0
1329120000, 15939.0
1329206400, 19893.0
1329292800, 17942.0
1329379200, 20420.0
1329465600, 12802.0
1329552000, 12175.0
1329638400, 11377.0
1329724800, 11781.0
1329811200, 13408.0
1329897600, 13749.0
1329984000, 16826.0
1330070400, 14874.0
1330156800, 13348.0
1330243200, 12073.0
1330329600, 13415.0
1330416000, 13690.0
1330502400, 13440.0
1330588800, 15724.0
1330675200, 17042.0
1330761600, 10007.0
1330848000, 12841.0
1330934400, 15938.0
1331020800, 14535.0
1331107200, 12978.0
1331193600, 13723.0
1331280000, 13966.0
1331366400, 13805.0
1331452800, 11502.0
1331535600, 13046.0
1331622000, 18395.0
1331708400, 16482.0
1331794800, 13741.0
1331881200, 13677.0
1331967600, 13635.0
1332054000, 11526.0
1332140400, 13651.0
1332226800, 13668.0
1332313200, 13648.0
1332399600, 13477.0
1332486000, 11970.0
1332572400, 11861.0
1332658800, 12746.0
1332745200, 14439.0
1332831600, 13480.0
1332918000, 14880.0
1333004400, 15046.0
1333090800, 13874.0
1333177200, 12145.0
1333263600, 11730.0
1333350000, 14063.0
1333436400, 16641.0
1333522800, 14457.0
1333609200, 16207.0
1333695600, 16055.0
1333782000, 12166.0
1333868400, 11898.0
1333954800, 13219.0
1334041200, 16587.0
1334127600, 16889.0
1334214000, 16990.0
1334300400, 14474.0
1334386800, 15725.0
1334473200, 14254.0
1334559600, 18736.0
1334646000, 18119.0
1334732400, 19942.0
1334818800, 16991.0
1334905200, 20288.0
1334991600, 15684.0
1335078000, 13453.0
1335164400, 15273.0
1335250800, 15551.0
1335337200, 15658.0
1335423600, 18994.0
1335510000, 15427.0
1335596400, 14885.0
1335682800, 15171.0
1335769200, 19089.0
1335855600, 21897.0
1335942000, 21842.0
1336028400, 27746.0
1336114800, 28707.0
1336201200, 26052.0
1336287600, 26909.0
1336374000, 37619.0
1336460400, 35767.0
1336546800, 37131.0
1336633200, 25026.0
1336719600, 39604.0
1336806000, 37244.0
1336892400, 29666.0
1336978800, 57713.0
1337065200, 46362.0
1337151600, 39751.0
1337238000, 36267.0
1337324400, 50225.0
1337410800, 71899.0
1337497200, 63360.0
1337583600, 64089.0
1337670000, 48139.0
1337756400, 56704.0
1337842800, 54610.0
1337929200, 58499.0
1338015600, 47731.0
1338102000, 53814.0
1338188400, 62145.0
1338274800, 62105.0
1338361200, 53623.0
1338447600, 44531.0
1338534000, 56985.0
1338620400, 26846.0
1338706800, 68163.0
1338793200, 96067.0
1338879600, 88931.0
1338966000, 34229.0
1339052400, 68893.0
1339138800, 52032.0
1339225200, 68846.0
1339311600, 80682.0
1339398000, 66461.0
1339484400, 43522.0
1339570800, 115382.0
1339657200, 134388.0
1339743600, 117765.0
1339830000, 93750.0
1339916400, 87696.0
1340002800, 83865.0
1340089200, 79577.0
1340175600, 72039.0
1340262000, 59492.0
1340348400, 52926.0
1340434800, 49574.0
1340521200, 48724.0
1340607600, 60531.0
1340694000, 61997.0
1340780400, 63654.0
1340866800, 55388.0
1340953200, 44747.0
1341039600, 44613.0
1341126000, 38094.0
1341212400, 49494.0
1341298800, 45025.0
1341385200, 47729.0
1341471600, 45816.0
1341558000, 49432.0
1341644400, 50902.0
1341730800, 42467.0
1341817200, 51291.0
1341903600, 72599.0
1341990000, 65697.0
1342076400, 51115.0
1342162800, 54960.0
1342249200, 46911.0
1342335600, 54370.0
1342422000, 68492.0
1342508400, 75257.0
1342594800, 72431.0
1342681200, 70252.0
1342767600, 78156.0
1342854000, 70559.0
1342940400, 66348.0
1343026800, 65167.0
1343113200, 58433.0
1343199600, 53490.0
1343286000, 62850.0
1343372400, 52045.0
1343458800, 65948.0
1343545200, 68952.0
1343631600, 75054.0
1343718000, 84802.0
1343804400, 62684.0
1343890800, 68100.0
1343977200, 54960.0
1344063600, 59923.0
1344150000, 64253.0
1344236400, 67220.0
1344322800, 54206.0
1344409200, 78393.0
1344495600, 62727.0
1344582000, 53553.0
1344668400, 60943.0
1344754800, 64590.0
1344841200, 92991.0
1344927600, 69098.0
1345014000, 114258.0
1345100400, 93662.0
1345186800, 83014.0
1345273200, 71304.0
1345359600, 88601.0
1345446000, 75337.0
1345532400, 80160.0
1345618800, 73580.0
1345705200, 58670.0
1345791600, 60424.0
1345878000, 63401.0
1345964400, 57423.0
1346050800, 64620.0
1346137200, 57810.0
1346223600, 63705.0
1346310000, 66529.0
1346396400, 77954.0
1346482800, 78370.0
1346569200, 65869.0
1346655600, 76745.0
1346742000, 83958.0
1346828400, 85032.0
1346914800, 84665.0
1347001200, 66581.0
1347087600, 62903.0
1347174000, 60065.0
1347260400, 67028.0
1347346800, 75508.0
1347433200, 55914.0
1347519600, 61271.0
1347606000, 75555.0
1347692400, 54754.0
1347778800, 61173.0
1347865200, 50882.0
1347951600, 65826.0
1348038000, 65096.0
1348124400, 59519.0
1348210800, 63862.0
1348297200, 53943.0
1348383600, 58527.0
1348470000, 61288.0
1348556400, 45204.0
1348642800, 68362.0
1348729200, 58076.0
1348815600, 68840.0
1348902000, 53262.0
1348988400, 47690.0
1349074800, 56549.0
1349161200, 73246.0
1349247600, 66490.0
1349334000, 75438.0
1349420400, 74269.0
1349506800, 73427.0
1349593200, 77173.0
1349679600, 80888.0
1349766000, 77051.0
1349852400, 65706.0
1349938800, 58139.0
1350025200, 61481.0
1350111600, 71895.0
1350198000, 60029.0
1350284400, 68409.0
1350370800, 75707.0
1350457200, 73727.0
1350543600, 68876.0
1350630000, 60606.0
1350716400, 69822.0
1350802800, 86466.0
1350889200, 87998.0
1350975600, 74801.0
1351062000, 70804.0
1351148400, 62970.0
1351234800, 50882.0
1351321200, 37932.0
1351407600, 40662.0
1351494000, 55296.0
1351580400, 64749.0
1351666800, 62295.0
1351753200, 51706.0
1351839600, 61136.0
1351926000, 50156.0
1352012400, 54657.0
1352102400, 72337.0
1352188800, 68633.0
1352275200, 78129.0
1352361600, 70680.0
1352448000, 54704.0
1352534400, 60919.0
1352620800, 48075.0
1352707200, 51335.0
1352793600, 57739.0
1352880000, 62400.0
1352966400, 76884.0
1353052800, 84997.0
1353139200, 72567.0
1353225600, 73004.0
1353312000, 78749.0
1353398400, 77758.0
1353484800, 88776.0
1353571200, 66639.0
1353657600, 75856.0
1353744000, 63063.0
1353830400, 80930.0
1353916800, 79210.0
1354003200, 62603.0
1354089600, 80439.0
1354176000, 82047.0
1354262400, 61818.0
1354348800, 71448.0
1354435200, 45354.0
1354521600, 48779.0
1354608000, 72486.0
1354694400, 77875.0
1354780800, 83304.0
1354867200, 67523.0
1354953600, 67152.0
1355040000, 69810.0
1355126400, 78801.0
1355212800, 77896.0
1355299200, 79951.0
1355385600, 95867.0
1355472000, 83717.0
1355558400, 67419.0
1355644800, 74622.0
1355731200, 82074.0
1355817600, 105935.0
1355904000, 91275.0
1355990400, 77228.0
1356076800, 91557.0
1356163200, 99057.0
1356249600, 76466.0
1356336000, 84551.0
1356422400, 57555.0
1356508800, 86853.0
1356595200, 96037.0
1356681600, 99364.0
1356768000, 84954.0
1356854400, 88227.0
1356940800, 64810.0
1357027200, 66728.0
1357113600, 80457.0
1357200000, 81311.0
1357286400, 101303.0
1357372800, 76998.0
1357459200, 67188.0
1357545600, 82526.0
1357632000, 95418.0
1357718400, 90660.0
1357804800, 113384.0
1357891200, 102875.0
1357977600, 92975.0
1358064000, 103132.0
1358150400, 94982.0
1358236800, 89256.0
1358323200, 111761.0
1358409600, 106055.0
1358496000, 105767.0
1358582400, 114926.0
1358668800, 85452.0
1358755200, 87225.0
1358841600, 99589.0
1358928000, 102880.0
1359014400, 113783.0
1359100800, 105704.0
1359187200, 111723.0
1359273600, 113817.0
1359360000, 116304.0
1359446400, 116980.0
1359532800, 91651.0
1359619200, 112019.0
1359705600, 122899.0
1359792000, 114561.0
1359878400, 130832.0
1359964800, 119065.0
1360051200, 110903.0
1360137600, 87975.0
1360224000, 127403.0
1360310400, 127396.0
1360396800, 119801.0
1360483200, 116636.0
1360569600, 123996.0
1360656000, 126598.0
1360742400, 127883.0
1360828800, 112648.0
1360915200, 122434.0
1361001600, 109335.0
1361088000, 110771.0
1361174400, 108255.0
1361260800, 119900.0
1361347200, 135717.0
1361433600, 117115.0
1361520000, 132546.0
1361606400, 124931.0
1361692800, 116386.0
1361779200, 142164.0
1361865600, 135636.0
1361952000, 130786.0
1362038400, 135371.0
1362124800, 139409.0
1362211200, 121855.0
1362297600, 117865.0
1362384000, 137625.0
1362470400, 127430.0
1362556800, 143093.0
1362643200, 153109.0
1362729600, 121024.0
1362816000, 124507.0
1362902400, 156948.0
1362985200, 130457.0
1363071600, 115170.0
1363158000, 122956.0
1363244400, 129985.0
1363330800, 136108.0
1363417200, 80330.0
1363503600, 78640.0
1363590000, 95747.0
1363676400, 106605.0
1363762800, 102969.0
1363849200, 131231.0
1363935600, 140650.0
1364022000, 127774.0
1364108400, 114400.0
1364194800, 114139.0
1364281200, 114110.0
1364367600, 116684.0
1364454000, 153762.0
1364540400, 145373.0
1364626800, 155691.0
1364713200, 119023.0
1364799600, 128858.0
1364886000, 146903.0
1364972400, 148694.0
1365058800, 158999.0
1365145200, 139727.0
1365231600, 115725.0
1365318000, 148642.0
1365404400, 136394.0
1365490800, 149086.0
1365577200, 152670.0
1365663600, 163470.0
1365750000, 132350.0
1365836400, 111641.0
1365922800, 123298.0
1366009200, 119538.0
1366095600, 149365.0
1366182000, 128208.0
1366268400, 99824.0
1366354800, 134687.0
1366441200, 113042.0
1366527600, 100235.0
1366614000, 100621.0
1366700400, 136831.0
1366786800, 159289.0
1366873200, 140352.0
1366959600, 123488.0
1367046000, 98762.0
1367132400, 91670.0
1367218800, 116812.0
1367305200, 126661.0
1367391600, 118493.0
1367478000, 121360.0
1367564400, 115837.0
1367650800, 111490.0
1367737200, 115789.0
1367823600, 124813.0
1367910000, 128303.0
1367996400, 114503.0
1368082800, 143481.0
1368169200, 149264.0
1368255600, 163158.0
1368342000, 141443.0
1368428400, 134450.0
1368514800, 143951.0
1368601200, 142679.0
1368687600, 133259.0
1368774000, 131675.0
1368860400, 119014.0
1368946800, 103094.0
1369033200, 105742.0
1369119600, 121923.0
1369206000, 114739.0
1369292400, 133354.0
1369378800, 126958.0
1369465200, 116450.0
1369551600, 103281.0
1369638000, 122107.0
1369724400, 125923.0
1369810800, 126535.0
1369897200, 130973.0
1369983600, 121107.0
1370070000, 125636.0
1370156400, 114068.0
1370242800, 128906.0
1370329200, 131082.0
1370415600, 125949.0
1370502000, 123090.0
1370588400, 118958.0
1370674800, 106066.0
1370761200, 101846.0
1370847600, 98286.0
1370934000, 103816.0
1371020400, 101681.0
1371106800, 95218.0
1371193200, 112873.0
1371279600, 80845.0
1371366000, 94172.0
1371452400, 98030.0
1371538800, 100554.0
1371625200, 103585.0
1371711600, 117843.0
1371798000, 106578.0
1371884400, 98195.0
1371970800, 84839.0
1372057200, 96955.0
1372143600, 96265.0
1372230000, 99691.0
1372316400, 101290.0
1372402800, 109203.0
1372489200, 83539.0
1372575600, 67832.0
1372662000, 85187.0
1372748400, 86327.0
1372834800, 75107.0
1372921200, 77213.0
1373007600, 79640.0
1373094000, 76756.0
1373180400, 67098.0
1373266800, 86830.0
1373353200, 91557.0
1373439600, 84503.0
1373526000, 94351.0
1373612400, 109893.0
1373698800, 86273.0
1373785200, 78994.0
1373871600, 82291.0
1373958000, 85883.0
1374044400, 87947.0
1374130800, 89962.0
1374217200, 78270.0
1374303600, 73345.0
1374390000, 78702.0
1374476400, 86103.0
1374562800, 83144.0
1374649200, 93915.0
1374735600, 99035.0
1374822000, 83205.0
1374908400, 82330.0
1374994800, 83552.0
1375081200, 95369.0
1375167600, 94992.0
1375254000, 115803.0
1375340400, 110328.0
1375426800, 110359.0
1375513200, 103745.0
1375599600, 99951.0
1375686000, 110927.0
1375772400, 116578.0
1375858800, 120892.0
1375945200, 126187.0
1376031600, 106311.0
1376118000, 113129.0
1376204400, 85353.0
1376290800, 146971.0
1376377200, 127236.0
1376463600, 120551.0
1376550000, 132395.0
1376636400, 150890.0
1376722800, 119668.0
1376809200, 121907.0
1376895600, 152248.0
1376982000, 140001.0
1377068400, 132074.0
1377154800, 139154.0
1377241200, 128886.0
1377327600, 116997.0
1377414000, 108548.0
1377500400, 121998.0
1377586800, 147953.0
1377673200, 138103.0
1377759600, 122010.0
1377846000, 138883.0
1377932400, 103956.0
1378018800, 101411.0
1378105200, 109955.0
1378191600, 124543.0
1378278000, 117688.0
1378364400, 124413.0
1378450800, 132027.0
1378537200, 110596.0
1378623600, 101507.0
1378710000, 121993.0
1378796400, 117498.0
1378882800, 103567.0
1378969200, 119083.0
1379055600, 99120.0
1379142000, 95506.0
1379228400, 127187.0
1379314800, 124883.0
1379401200, 146150.0
1379487600, 133404.0
1379574000, 125934.0
1379660400, 126641.0
1379746800, 114837.0
1379833200, 111592.0
1379919600, 141492.0
1380006000, 135544.0
1380092400, 116721.0
1380178800, 128882.0
1380265200, 106492.0
1380351600, 96985.0
1380438000, 94440.0
1380524400, 104443.0
1380610800, 124801.0
1380697200, 153587.0
1380783600, 140860.0
1380870000, 111048.0
1380956400, 100829.0
1381042800, 101051.0
1381129200, 111947.0
1381215600, 97300.0
1381302000, 115065.0
1381388400, 126652.0
1381474800, 113603.0
1381561200, 110856.0
1381647600, 128296.0
1381734000, 138549.0
1381820400, 127179.0
1381906800, 119145.0
1381993200, 108192.0
1382079600, 133783.0
1382166000, 143558.0
1382252400, 116409.0
1382338800, 143203.0
1382425200, 160343.0
1382511600, 147437.0
1382598000, 169960.0
1382684400, 146657.0
1382770800, 113085.0
1382857200, 101373.0
1382943600, 116222.0
1383030000, 113488.0
1383116400, 119004.0
1383202800, 140592.0
1383289200, 107910.0
1383375600, 104685.0
1383462000, 99809.0
1383552000, 114837.0
1383638400, 134889.0
1383724800, 151946.0
1383811200, 156793.0
1383897600, 151901.0
1383984000, 146145.0
1384070400, 144580.0
1384156800, 138997.0
1384243200, 137509.0
1384329600, 151945.0
1384416000, 163346.0
1384502400, 140646.0
1384588800, 108126.0
1384675200, 127744.0
1384761600, 195283.0
1384848000, 253158.0
1384934400, 186603.0
1385020800, 212047.0
1385107200, 190560.0
1385193600, 172696.0
1385280000, 152743.0
1385366400, 159497.0
1385452800, 194789.0
1385539200, 225671.0
1385625600, 219265.0
1385712000, 213155.0
1385798400, 169928.0
1385884800, 183323.0
1385971200, 179731.0
1386057600, 178838.0
1386144000, 194188.0
1386230400, 196705.0
1386316800, 168020.0
1386403200, 154787.0
1386489600, 112403.0
1386576000, 144025.0
1386662400, 181740.0
1386748800, 155792.0
1386835200, 133370.0
1386921600, 148416.0
1387008000, 168134.0
1387094400, 153102.0
1387180800, 175310.0
1387267200, 166660.0
1387353600, 200553.0
1387440000, 161901.0
1387526400, 161755.0
1387612800, 134681.0
1387699200, 133553.0
1387785600, 134739.0
1387872000, 135583.0
1387958400, 135647.0
1388044800, 146379.0
1388131200, 128583.0
1388217600, 131246.0
1388304000, 148234.0
1388390400, 144248.0
1388476800, 129754.0
1388563200, 101942.0
1388649600, 139673.0
1388736000, 154563.0
1388822400, 126915.0
1388908800, 158361.0
1388995200, 185877.0
1389081600, 150998.0
1389168000, 144667.0
1389254400, 140668.0
1389340800, 131574.0
1389427200, 142772.0
1389513600, 126268.0
1389600000, 131320.0
1389686400, 137344.0
1389772800, 142269.0
1389859200, 143769.0
1389945600, 136139.0
1390032000, 120471.0
1390118400, 116456.0
1390204800, 174145.0
1390291200, 178293.0
1390377600, 158345.0
1390464000, 159781.0
1390550400, 155011.0
1390636800, 132616.0
1390723200, 131601.0
1390809600, 153224.0
1390896000, 160591.0
1390982400, 139680.0
1391068800, 147000.0
1391155200, 146384.0
1391241600, 136316.0
1391328000, 144436.0
1391414400, 155195.0
1391500800, 184337.0
1391587200, 180056.0
1391673600, 184750.0
1391760000, 186878.0
1391846400, 163108.0
1391932800, 140213.0
1392019200, 155835.0
1392105600, 158840.0
1392192000, 228119.0
1392278400, 189409.0
1392364800, 211716.0
1392451200, 163798.0
1392537600, 137176.0
1392624000, 161121.0
1392710400, 179441.0
1392796800, 201294.0
1392883200, 194475.0
1392969600, 187100.0
1393056000, 160422.0
1393142400, 171817.0
1393228800, 205057.0
1393315200, 220885.0
1393401600, 210122.0
1393488000, 187669.0
1393574400, 215820.0
1393660800, 183478.0
1393747200, 162773.0
1393833600, 237511.0
1393920000, 262453.0
1394006400, 218087.0
1394092800, 206685.0
1394179200, 201159.0
1394265600, 170552.0
1394352000, 170857.0
1394434800, 199035.0
1394521200, 205219.0
1394607600, 212978.0
1394694000, 201694.0
1394780400, 207441.0
1394866800, 149011.0
1394953200, 136993.0
1395039600, 161591.0
1395126000, 124719.0
1395212400, 171970.0
1395298800, 188422.0
1395385200, 214517.0
1395471600, 203834.0
1395558000, 147950.0
1395644400, 196063.0
1395730800, 188877.0
1395817200, 189389.0
1395903600, 204190.0
1395990000, 187041.0
1396076400, 144573.0
1396162800, 152200.0
1396249200, 184842.0
1396335600, 181513.0
1396422000, 189225.0
1396508400, 175438.0
1396594800, 187938.0
1396681200, 159121.0
1396767600, 148464.0
1396854000, 178430.0
1396940400, 192375.0
1397026800, 191172.0
1397113200, 193491.0
1397199600, 185039.0
1397286000, 133817.0
1397372400, 139632.0
1397458800, 206567.0
1397545200, 220610.0
1397631600, 215874.0
1397718000, 185558.0
1397804400, 159789.0
1397890800, 150650.0
1397977200, 139236.0
1398063600, 158846.0
1398150000, 214630.0
1398236400, 194678.0
1398322800, 208943.0
1398409200, 200779.0
1398495600, 143949.0
1398582000, 149847.0
1398668400, 175237.0
1398754800, 191730.0
1398841200, 182825.0
1398927600, 163563.0
1399014000, 164902.0
1399100400, 140037.0
1399186800, 140278.0
1399273200, 181780.0
1399359600, 207076.0
1399446000, 188767.0
1399532400, 189231.0
1399618800, 179464.0
1399705200, 147579.0
1399791600, 152736.0
1399878000, 207554.0
1399964400, 183067.0
1400050800, 193510.0
1400137200, 208188.0
1400223600, 188198.0
1400310000, 164318.0
1400396400, 150492.0
1400482800, 204728.0
1400569200, 218441.0
1400655600, 207210.0
1400742000, 209340.0
1400828400, 204740.0
1400914800, 145691.0
1401001200, 168022.0
1401087600, 195787.0
1401174000, 200229.0
1401260400, 208842.0
1401346800, 188151.0
1401433200, 180888.0
1401519600, 150167.0
1401606000, 171743.0
1401692400, 190207.0
1401778800, 206405.0
1401865200, 180539.0
1401951600, 196391.0
1402038000, 187479.0
1402124400, 137794.0
1402210800, 145679.0
1402297200, 177877.0
1402383600, 196537.0
1402470000, 179651.0
1402556400, 196139.0
1402642800, 183140.0
1402729200, 151476.0
1402815600, 150769.0
1402902000, 201412.0
1402988400, 190376.0
1403074800, 180424.0
1403161200, 186764.0
1403247600, 161272.0
1403334000, 151891.0
1403420400, 147563.0
1403506800, 175915.0
1403593200, 187128.0
1403679600, 185618.0
1403766000, 171343.0
1403852400, 176465.0
1403938800, 159731.0
1404025200, 141133.0
1404111600, 214385.0
1404198000, 220345.0
1404284400, 197933.0
1404370800, 182187.0
1404457200, 159930.0
1404543600, 134555.0
1404630000, 151434.0
1404716400, 184523.0
1404802800, 206873.0
1404889200, 211929.0
1404975600, 186158.0
1405062000, 179844.0
1405148400, 144632.0
1405234800, 158150.0
1405321200, 173466.0
1405407600, 200280.0
1405494000, 182447.0
1405580400, 189716.0
1405666800, 192747.0
1405753200, 163949.0
1405839600, 150928.0
1405926000, 185530.0
1406012400, 190834.0
1406098800, 186179.0
1406185200, 189594.0
1406271600, 183823.0
1406358000, 147895.0
1406444400, 154852.0
1406530800, 187481.0
1406617200, 175765.0
1406703600, 195860.0
1406790000, 201961.0
1406876400, 185346.0
1406962800, 150581.0
1407049200, 138867.0
1407135600, 192975.0
1407222000, 214806.0
1407308400, 230643.0
1407394800, 196361.0
1407481200, 196979.0
1407567600, 169835.0
1407654000, 170137.0
1407740400, 219912.0
1407826800, 217520.0
1407913200, 228952.0
1407999600, 234382.0
1408086000, 210097.0
1408172400, 245456.0
1408258800, 165128.0
1408345200, 204186.0
1408431600, 201353.0
1408518000, 200933.0
1408604400, 203017.0
1408690800, 192042.0
1408777200, 154379.0
1408863600, 162084.0
1408950000, 195519.0
1409036400, 210165.0
1409122800, 214951.0
1409209200, 186925.0
1409295600, 175115.0
1409382000, 163093.0
1409468400, 156724.0
1409554800, 193522.0
1409641200, 205341.0
1409727600, 199799.0
1409814000, 193406.0
1409900400, 194525.0
1409986800, 170587.0
1410073200, 172221.0
1410159600, 210110.0
1410246000, 259632.0
1410332400, 246338.0
1410418800, 179431.0
1410505200, 182754.0
1410591600, 159001.0
1410678000, 198300.0
1410764400, 229331.0
1410850800, 249545.0
1410937200, 220396.0
1411023600, 208518.0
1411110000, 186790.0
1411196400, 180452.0
1411282800, 159534.0
1411369200, 216665.0
1411455600, 229914.0
1411542000, 216230.0
1411628400, 238840.0
1411714800, 203735.0
1411801200, 192122.0
1411887600, 193807.0
1411974000, 220705.0
1412060400, 222469.0
1412146800, 224054.0
1412233200, 203313.0
1412319600, 201469.0
1412406000, 210554.0
1412492400, 207390.0
1412578800, 222473.0
1412665200, 223631.0
1412751600, 220171.0
1412838000, 219631.0
1412924400, 215549.0
1413010800, 175863.0
1413097200, 195078.0
1413183600, 224976.0
1413270000, 245685.0
1413356400, 221136.0
1413442800, 208817.0
1413529200, 205440.0
1413615600, 179526.0
1413702000, 189390.0
1413788400, 229924.0
1413874800, 235838.0
1413961200, 225947.0
1414047600, 232533.0
1414134000, 211320.0
1414220400, 191555.0
1414306800, 198495.0
1414393200, 245457.0
1414479600, 240599.0
1414566000, 242592.0
1414652400, 249293.0
1414738800, 237053.0
1414825200, 189297.0
1414911600, 222021.0
1415001600, 254593.0
1415088000, 244041.0
1415174400, 239096.0
1415260800, 269718.0
1415347200, 259182.0
1415433600, 202985.0
1415520000, 215728.0
1415606400, 252316.0
1415692800, 248928.0
1415779200, 270693.0
1415865600, 277040.0
1415952000, 242876.0
1416038400, 198600.0
1416124800, 216835.0
1416211200, 266356.0
1416297600, 245660.0
1416384000, 234568.0
1416470400, 246220.0
1416556800, 230325.0
1416643200, 199237.0
1416729600, 213118.0
1416816000, 253644.0
1416902400, 250562.0
1416988800, 231362.0
1417075200, 241408.0
1417161600, 239780.0
1417248000, 212380.0
1417334400, 272142.0
1417420800, 265337.0
1417507200, 292400.0
1417593600, 271957.0
1417680000, 275280.0
1417766400, 242578.0
1417852800, 219623.0
1417939200, 198502.0
1418025600, 288370.0
1418112000, 253322.0
1418198400, 246603.0
1418284800, 239409.0
1418371200, 228255.0
1418457600, 205748.0
1418544000, 237501.0
1418630400, 288961.0
1418716800, 308281.0
1418803200, 295469.0
1418889600, 272240.0
1418976000, 269158.0
1419062400, 246129.0
1419148800, 223680.0
1419235200, 292770.0
1419321600, 301478.0
1419408000, 224198.0
1419494400, 184886.0
1419580800, 207124.0
1419667200, 218840.0
1419753600, 221156.0
1419840000, 236925.0
1419926400, 233178.0
1420012800, 205239.0
1420099200, 154227.0
1420185600, 212774.0
1420272000, 230786.0
1420358400, 236895.0
1420444800, 283713.0
1420531200, 250760.0
1420617600, 241791.0
1420704000, 286644.0
1420790400, 279507.0
1420876800, 275039.0
1420963200, 248997.0
1421049600, 274837.0
1421136000, 304667.0
1421222400, 305565.0
1421308800, 317304.0
1421395200, 269778.0
1421481600, 255272.0
1421568000, 239406.0
1421654400, 292437.0
1421740800, 266461.0
1421827200, 264451.0
1421913600, 273935.0
1422000000, 241337.0
1422086400, 235531.0
1422172800, 267907.0
1422259200, 316306.0
1422345600, 289310.0
1422432000, 226098.0
1422518400, 228974.0
1422604800, 213468.0
1422691200, 250378.0
1422777600, 227819.0
1422864000, 248105.0
1422950400, 258346.0
1423036800, 245950.0
1423123200, 241394.0
1423209600, 225620.0
1423296000, 228024.0
1423382400, 247219.0
1423468800, 298138.0
1423555200, 288089.0
1423641600, 277825.0
1423728000, 241280.0
1423814400, 340245.0
1423900800, 336114.0
1423987200, 312323.0
1424073600, 321751.0
1424160000, 317151.0
1424246400, 302723.0
1424332800, 264092.0
1424419200, 312359.0
1424505600, 281374.0
1424592000, 264692.0
1424678400, 286147.0
1424764800, 284188.0
1424851200, 285605.0
1424937600, 275919.0
1425024000, 289381.0
1425110400, 313929.0
1425196800, 270654.0
1425283200, 331125.0
1425369600, 329070.0
1425456000, 284765.0
1425542400, 324658.0
1425628800, 302051.0
1425715200, 263279.0
1425801600, 269154.0
1425884400, 325624.0
1425970800, 311100.0
1426057200, 319644.0
1426143600, 318425.0
1426230000, 275144.0
1426316400, 248910.0
1426402800, 239867.0
1426489200, 299556.0
1426575600, 262691.0
1426662000, 295118.0
1426748400, 322271.0
1426834800, 275379.0
1426921200, 252628.0
1427007600, 270801.0
1427094000, 299309.0
1427180400, 255124.0
1427266800, 253169.0
1427353200, 274084.0
1427439600, 258076.0
1427526000, 247839.0
1427612400, 264515.0
1427698800, 301551.0
1427785200, 302627.0
1427871600, 316960.0
1427958000, 300229.0
1428044400, 309466.0
1428130800, 252262.0
1428217200, 273656.0
1428303600, 300287.0
1428390000, 305647.0
1428476400, 293938.0
1428562800, 297712.0
1428649200, 287613.0
1428735600, 267469.0
1428822000, 229613.0
1428908400, 330141.0
1428994800, 301693.0
1429081200, 278270.0
1429167600, 255362.0
1429254000, 267617.0
1429340400, 258992.0
1429426800, 264122.0
1429513200, 304801.0
1429599600, 301227.0
1429686000, 304895.0
1429772400, 303513.0
1429858800, 319100.0
1429945200, 259248.0
1430031600, 270341.0
1430118000, 304918.0
1430204400, 303466.0
1430290800, 323982.0
1430377200, 301531.0
1430463600, 254173.0
1430550000, 263048.0
1430636400, 239441.0
1430722800, 286299.0
1430809200, 301645.0
1430895600, 297712.0
1430982000, 302217.0
1431068400, 294989.0
1431154800, 246913.0
1431241200, 271862.0
1431327600, 317946.0
1431414000, 309553.0
1431500400, 292015.0
1431586800, 266145.0
1431673200, 274043.0
1431759600, 250236.0
1431846000, 268256.0
1431932400, 272536.0
1432018800, 300210.0
1432105200, 286013.0
1432191600, 261773.0
1432278000, 287983.0
1432364400, 244284.0
1432450800, 279686.0
1432537200, 302072.0
1432623600, 306956.0
1432710000, 315119.0
1432796400, 308792.0
1432882800, 327147.0
1432969200, 314842.0
1433055600, 277540.0
1433142000, 358187.0
1433228400, 360081.0
1433314800, 342828.0
1433401200, 310062.0
1433487600, 294865.0
1433574000, 246453.0
1433660400, 267315.0
1433746800, 297155.0
1433833200, 323776.0
1433919600, 394048.0
1434006000, 316274.0
1434092400, 345812.0
1434178800, 298394.0
1434265200, 300924.0
1434351600, 374118.0
1434438000, 341218.0
1434524400, 405755.0
1434610800, 364633.0
1434697200, 380561.0
1434783600, 296842.0
1434870000, 279794.0
1434956400, 458207.0
1435042800, 377460.0
1435129200, 305522.0
1435215600, 276955.0
1435302000, 326560.0
1435388400, 310041.0
1435474800, 289999.0
1435561200, 348719.0
1435647600, 379656.0
1435734000, 446899.0
1435820400, 372754.0
1435906800, 353530.0
1435993200, 292968.0
1436079600, 310529.0
1436166000, 414934.0
1436252400, 445040.0
1436338800, 423541.0
1436425200, 436124.0
1436511600, 434191.0
1436598000, 399482.0
1436684400, 435570.0
1436770800, 508084.0
1436857200, 602403.0
1436943600, 580181.0
1437030000, 526213.0
1437116400, 537332.0
1437202800, 516476.0
1437289200, 517294.0
1437375600, 349527.0
1437462000, 336865.0
1437548400, 362963.0
1437634800, 287048.0
1437721200, 327332.0
1437807600, 268546.0
1437894000, 297128.0
1437980400, 377948.0
1438066800, 390996.0
1438153200, 479167.0
1438239600, 401123.0
1438326000, 368850.0
1438412400, 511521.0
1438498800, 286139.0
1438585200, 348244.0
1438671600, 407103.0
1438758000, 372856.0
1438844400, 373764.0
1438930800, 302868.0
1439017200, 282837.0
1439103600, 257311.0
1439190000, 399767.0
1439276400, 341456.0
1439362800, 321198.0
1439449200, 335533.0
1439535600, 313949.0
1439622000, 269607.0
1439708400, 256789.0
1439794800, 318142.0
1439881200, 347481.0
1439967600, 328588.0
1440054000, 308492.0
1440140400, 305032.0
1440226800, 295503.0
1440313200, 267355.0
1440399600, 369552.0
1440486000, 328414.0
1440572400, 309050.0
1440658800, 300017.0
1440745200, 321591.0
1440831600, 274685.0
1440918000, 272863.0
1441004400, 363898.0
1441090800, 353233.0
1441177200, 318096.0
1441263600, 344912.0
1441350000, 277568.0
1441436400, 322798.0
1441522800, 289216.0
1441609200, 368267.0
1441695600, 518495.0
1441782000, 616936.0
1441868400, 689233.0
1441954800, 623091.0
1442041200, 508839.0
1442127600, 516975.0
1442214000, 655661.0
1442300400, 645776.0
1442386800, 537905.0
1442473200, 559969.0
1442559600, 419104.0
1442646000, 294128.0
1442732400, 286605.0
1442818800, 415425.0
1442905200, 380742.0
1442991600, 382484.0
1443078000, 338504.0
1443164400, 352296.0
1443250800, 318371.0
1443337200, 323670.0
1443423600, 375937.0
1443510000, 414396.0
1443596400, 385869.0
1443682800, 342877.0
1443769200, 373707.0
1443855600, 285137.0
1443942000, 271619.0
1444028400, 327646.0
1444114800, 399877.0
1444201200, 502175.0
1444287600, 502009.0
1444374000, 404221.0
1444460400, 563070.0
1444546800, 430031.0
1444633200, 437408.0
1444719600, 400018.0
1444806000, 419459.0
1444892400, 463252.0
1444978800, 429427.0
1445065200, 414610.0
1445151600, 394812.0
1445238000, 433688.0
1445324400, 442064.0
1445410800, 416881.0
1445497200, 415002.0
1445583600, 426718.0
1445670000, 379022.0
1445756400, 424188.0
1445842800, 414883.0
1445929200, 409647.0
1446015600, 422753.0
1446102000, 458264.0
1446188400, 446082.0
1446274800, 392122.0
1446361200, 415260.0
1446451200, 491438.0
1446537600, 535712.0
1446624000, 629455.0
1446710400, 542392.0
1446796800, 468954.0
1446883200, 408447.0
1446969600, 376468.0
1447056000, 473664.0
1447142400, 452244.0
1447228800, 443732.0
1447315200, 424766.0
1447401600, 396744.0
1447488000, 378691.0
1447574400, 395510.0
1447660800, 466189.0
1447747200, 414443.0
1447833600, 464068.0
1447920000, 419810.0
1448006400, 428845.0
1448092800, 410910.0
1448179200, 384894.0
1448265600, 432458.0
1448352000, 402379.0
1448438400, 419580.0
1448524800, 480657.0
1448611200, 430573.0
1448697600, 413140.0
1448784000, 370233.0
1448870400, 547906.0
1448956800, 482855.0
1449043200, 532820.0
1449129600, 477502.0
1449216000, 453569.0
1449302400, 482872.0
1449388800, 459501.0
1449475200, 516096.0
1449561600, 542236.0
1449648000, 588202.0
1449734400, 581271.0
1449820800, 502735.0
1449907200, 557995.0
1449993600, 479814.0
1450080000, 633107.0
1450166400, 565065.0
1450252800, 556800.0
1450339200, 527534.0
1450425600, 520790.0
1450512000, 501513.0
1450598400, 478909.0
1450684800, 573174.0
1450771200, 550712.0
1450857600, 542725.0
1450944000, 506582.0
1451030400, 428575.0
1451116800, 456014.0
1451203200, 448380.0
1451289600, 478391.0
1451376000, 502819.0
1451462400, 457552.0
1451548800, 398189.0
1451635200, 329094.0
1451721600, 423876.0
1451808000, 387214.0
1451894400, 497320.0
1451980800, 499843.0
1452067200, 455650.0
1452153600, 495914.0
1452240000, 504512.0
1452326400, 471467.0
1452412800, 445483.0
1452499200, 546140.0
1452585600, 509375.0
1452672000, 497260.0
1452758400, 474524.0
1452844800, 468569.0
1452931200, 522452.0
1453017600, 525241.0
1453104000, 549451.0
1453190400, 523675.0
1453276800, 664292.0
1453363200, 561160.0
1453449600, 586156.0
1453536000, 490179.0
1453622400, 495890.0
1453708800, 571620.0
1453795200, 588616.0
1453881600, 573181.0
1453968000, 583526.0
1454054400, 581080.0
1454140800, 516179.0
1454227200, 489188.0
1454313600, 647337.0
1454400000, 751638.0
1454486400, 604842.0
1454572800, 547801.0
1454659200, 592090.0
1454745600, 562434.0
1454832000, 561116.0
1454918400, 572565.0
1455004800, 576903.0
1455091200, 577983.0
1455177600, 614340.0
1455264000, 515643.0
1455350400, 481022.0
1455436800, 504174.0
1455523200, 574725.0
1455609600, 517712.0
1455696000, 592024.0
1455782400, 539236.0
1455868800, 556203.0
1455955200, 541453.0
1456041600, 525213.0
1456128000, 555906.0
1456214400, 592230.0
1456300800, 525934.0
1456387200, 623261.0
1456473600, 524041.0
1456560000, 491418.0
1456646400, 502510.0
1456732800, 587748.0
1456819200, 623397.0
1456905600, 697896.0
1456992000, 604673.0
1457078400, 620156.0
1457164800, 583466.0
1457251200, 463073.0
1457337600, 464966.0
1457424000, 510735.0
1457510400, 644423.0
1457596800, 522298.0
1457683200, 480350.0
1457769600, 404701.0
1457856000, 413701.0
1457938800, 552550.0
1458025200, 528101.0
1458111600, 503702.0
1458198000, 509757.0
1458284400, 479074.0
1458370800, 419472.0
1458457200, 475575.0
1458543600, 517677.0
1458630000, 505090.0
1458716400, 494363.0
1458802800, 489712.0
1458889200, 449518.0
1458975600, 487780.0
1459062000, 437136.0
1459148400, 580653.0
1459234800, 685771.0
1459321200, 546275.0
1459407600, 501825.0
1459494000, 576794.0
1459580400, 564074.0
1459666800, 510038.0
1459753200, 540424.0
1459839600, 558466.0
1459926000, 529754.0
1460012400, 502596.0
1460098800, 489475.0
1460185200, 502176.0
1460271600, 455535.0
1460358000, 553435.0
1460444400, 579620.0
1460530800, 529487.0
1460617200, 532442.0
1460703600, 505442.0
1460790000, 444067.0
1460876400, 492119.0
1460962800, 520708.0
1461049200, 520577.0
1461135600, 538864.0
1461222000, 515545.0
1461308400, 521772.0
1461394800, 438435.0
1461481200, 444915.0
1461567600, 522537.0
1461654000, 570008.0
1461740400, 532268.0
1461826800, 558322.0
1461913200, 592747.0
1461999600, 513442.0
1462086000, 446578.0
1462172400, 560886.0
1462258800, 552353.0
1462345200, 555649.0
1462431600, 510229.0
1462518000, 510349.0
1462604400, 446868.0
1462690800, 449331.0
1462777200, 507464.0
1462863600, 539764.0
1462950000, 500904.0
1463036400, 497076.0
1463122800, 530457.0
1463209200, 525982.0
1463295600, 499098.0
1463382000, 572219.0
1463468400, 562090.0
1463554800, 612608.0
1463641200, 528364.0
1463727600, 525835.0
1463814000, 568656.0
1463900400, 501458.0
1463986800, 545336.0
1464073200, 574674.0
1464159600, 553130.0
1464246000, 526974.0
1464332400, 637289.0
1464418800, 535715.0
1464505200, 462759.0
1464591600, 599917.0
1464678000, 509750.0
1464764400, 547477.0
1464850800, 515997.0
1464937200, 539247.0
1465023600, 454712.0
1465110000, 486863.0
1465196400, 550952.0
1465282800, 511845.0
1465369200, 536012.0
1465455600, 539065.0
1465542000, 541940.0
1465628400, 505679.0
1465714800, 550303.0
1465801200, 681986.0
1465887600, 550590.0
1465974000, 646627.0
1466060400, 653142.0
1466146800, 632743.0
1466233200, 605915.0
1466319600, 587920.0
1466406000, 587369.0
1466492400, 624750.0
1466578800, 568414.0
1466665200, 585565.0
1466751600, 539515.0
1466838000, 572004.0
1466924400, 509463.0
1467010800, 526281.0
1467097200, 515012.0
1467183600, 507680.0
1467270000, 539600.0
1467356400, 541179.0
1467442800, 463878.0
1467529200, 438764.0
1467615600, 509417.0
1467702000, 518749.0
1467788400, 513051.0
1467874800, 515390.0
1467961200, 510188.0
1468047600, 440511.0
1468134000, 423383.0
1468220400, 508445.0
1468306800, 504939.0
1468393200, 474781.0
1468479600, 508487.0
1468566000, 475071.0
1468652400, 515282.0
1468738800, 508093.0
1468825200, 542350.0
1468911600, 489650.0
1468998000, 558836.0
1469084400, 478059.0
1469170800, 501386.0
1469257200, 481917.0
1469343600, 442330.0
1469430000, 529260.0
1469516400, 533268.0
1469602800, 534989.0
1469689200, 524507.0
1469775600, 552145.0
1469862000, 444772.0
1469948400, 577580.0
1470034800, 579275.0
1470121200, 605113.0
1470207600, 605366.0
1470294000, 543073.0
1470380400, 544788.0
1470466800, 469800.0
1470553200, 500905.0
1470639600, 550523.0
1470726000, 489229.0
1470812400, 576818.0
1470898800, 570927.0
1470985200, 552649.0
1471071600, 516099.0
1471158000, 479949.0
1471244400, 543450.0
1471330800, 560507.0
1471417200, 524159.0
1471503600, 556532.0
1471590000, 557304.0
1471676400, 521651.0
1471762800, 472639.0
1471849200, 570226.0
1471935600, 558721.0
1472022000, 523350.0
1472108400, 505835.0
1472194800, 498501.0
1472281200, 461445.0
1472367600, 432996.0
1472454000, 570474.0
1472540400, 565651.0
1472626800, 513723.0
1472713200, 539468.0
1472799600, 503554.0
1472886000, 450268.0
1472972400, 499462.0
1473058800, 558669.0
1473145200, 536253.0
1473231600, 571583.0
1473318000, 535440.0
1473404400, 545426.0
1473490800, 472976.0
1473577200, 468317.0
1473663600, 518847.0
1473750000, 607310.0
1473836400, 563073.0
1473922800, 536733.0
1474009200, 515737.0
1474095600, 562558.0
1474182000, 457439.0
1474268400, 514742.0
1474354800, 544479.0
1474441200, 554935.0
1474527600, 497225.0
1474614000, 517879.0
1474700400, 496196.0
1474786800, 510807.0
1474873200, 549188.0
1474959600, 620379.0
1475046000, 547131.0
1475132400, 567928.0
1475218800, 575225.0
1475305200, 530448.0
1475391600, 495939.0
1475478000, 626458.0
1475564400, 620952.0
1475650800, 617006.0
1475737200, 625489.0
1475823600, 586456.0
1475910000, 616290.0
1475996400, 532837.0
1476082800, 505409.0
1476169200, 608331.0
1476255600, 602081.0
1476342000, 559213.0
1476428400, 543457.0
1476514800, 524247.0
1476601200, 469612.0
1476687600, 554098.0
1476774000, 622705.0
1476860400, 497119.0
1476946800, 619612.0
1477033200, 616775.0
1477119600, 578064.0
1477206000, 591978.0
1477292400, 637593.0
1477378800, 655179.0
1477465200, 706308.0
1477551600, 763413.0
1477638000, 600571.0
1477724400, 557312.0
1477810800, 527712.0
1477897200, 564774.0
1477983600, 598341.0
1478070000, 568343.0
1478156400, 619900.0
1478242800, 515981.0
1478329200, 551301.0
1478415600, 535764.0
1478505600, 603688.0
1478592000, 686538.0
1478678400, 618477.0
1478764800, 642935.0
1478851200, 594676.0
1478937600, 556322.0
1479024000, 526774.0
1479110400, 651843.0
1479196800, 623960.0
1479283200, 642161.0
1479369600, 688707.0
1479456000, 644218.0
1479542400, 559674.0
1479628800, 527144.0
1479715200, 576398.0
1479801600, 565511.0
1479888000, 656459.0
1479974400, 715790.0
1480060800, 664185.0
1480147200, 687384.0
1480233600, 564211.0
1480320000, 699716.0
1480406400, 639161.0
1480492800, 602084.0
1480579200, 642795.0
1480665600, 657359.0
1480752000, 704666.0
1480838400, 638128.0
1480924800, 642365.0
1481011200, 677391.0
1481097600, 738072.0
1481184000, 641332.0
1481270400, 596711.0
1481356800, 561629.0
1481443200, 626088.0
1481529600, 597568.0
1481616000, 686254.0
1481702400, 576854.0
1481788800, 565255.0
1481875200, 595750.0
1481961600, 533025.0
1482048000, 559107.0
1482134400, 644544.0
1482220800, 623228.0
1482307200, 712371.0
1482393600, 688851.0
1482480000, 633787.0
1482566400, 542420.0
1482652800, 528021.0
1482739200, 585947.0
1482825600, 645828.0
1482912000, 682254.0
1482998400, 663267.0
1483084800, 649532.0
1483171200, 550550.0
1483257600, 516509.0
1483344000, 715725.0
1483430400, 679136.0
1483516800, 701486.0
1483603200, 656003.0
1483689600, 722206.0
1483776000, 618423.0
1483862400, 625495.0
1483948800, 581370.0
1484035200, 700495.0
1484121600, 645177.0
1484208000, 632190.0
1484294400, 582244.0
1484380800, 605196.0
1484467200, 537220.0
1484553600, 604295.0
1484640000, 658559.0
1484726400, 617019.0
1484812800, 681595.0
1484899200, 635006.0
1484985600, 584635.0
1485072000, 545102.0
1485158400, 616821.0
1485244800, 711189.0
1485331200, 694325.0
1485417600, 738305.0
1485504000, 688700.0
1485590400, 652920.0
1485676800, 689618.0
1485763200, 662290.0
1485849600, 639213.0
1485936000, 835549.0
1486022400, 671019.0
1486108800, 656474.0
1486195200, 645068.0
1486281600, 739646.0
1486368000, 557387.0
1486454400, 661527.0
1486540800, 642706.0
1486627200, 742619.0
1486713600, 646160.0
1486800000, 610073.0
1486886400, 567015.0
1486972800, 684026.0
1487059200, 669375.0
1487145600, 590583.0
1487232000, 684818.0
1487318400, 657417.0
1487404800, 680091.0
1487491200, 573872.0
1487577600, 648553.0
1487664000, 595190.0
1487750400, 600034.0
1487836800, 648429.0
1487923200, 723909.0
1488009600, 738041.0
1488096000, 776334.0
1488182400, 614477.0
1488268800, 658942.0
1488355200, 618869.0
1488441600, 677328.0
1488528000, 672333.0
1488614400, 581502.0
1488700800, 671824.0
1488787200, 604375.0
1488873600, 683677.0
1488960000, 642887.0
1489046400, 677281.0
1489132800, 708526.0
1489219200, 697906.0
1489305600, 684342.0
1489388400, 660028.0
1489474800, 701481.0
1489561200, 638597.0
1489647600, 686490.0
1489734000, 706656.0
1489820400, 703100.0
1489906800, 695699.0
1489993200, 603081.0
1490079600, 642139.0
1490166000, 728716.0
1490252400, 646876.0
1490338800, 709334.0
1490425200, 560975.0
1490511600, 515929.0
1490598000, 545743.0
1490684400, 706976.0
1490770800, 611983.0
1490857200, 746989.0
1490943600, 592518.0
1491030000, 593034.0
1491116400, 607383.0
1491202800, 705456.0
1491289200, 562313.0
1491375600, 711939.0
1491462000, 666262.0
1491548400, 727842.0
1491634800, 582478.0
1491721200, 678734.0
1491807600, 611534.0
1491894000, 732719.0
1491980400, 631045.0
1492066800, 580077.0
1492153200, 623787.0
1492239600, 685413.0
1492326000, 618244.0
1492412400, 572065.0
1492498800, 648293.0
1492585200, 648438.0
1492671600, 654593.0
1492758000, 755396.0
1492844400, 643554.0
1492930800, 631630.0
1493017200, 561592.0
1493103600, 656431.0
1493190000, 691916.0
1493276400, 658730.0
1493362800, 613183.0
1493449200, 789223.0
1493535600, 694495.0
1493622000, 666369.0
1493708400, 714620.0
1493794800, 605757.0
1493881200, 740341.0
1493967600, 560055.0
1494054000, 759028.0
1494140400, 770732.0
1494226800, 810728.0
1494313200, 710165.0
1494399600, 635598.0
1494486000, 588741.0
1494572400, 665317.0
1494658800, 708398.0
1494745200, 760130.0
1494831600, 761319.0
1494918000, 619331.0
1495004400, 708273.0
1495090800, 649646.0
1495177200, 739927.0
1495263600, 774785.0
1495350000, 707042.0
1495436400, 656417.0
1495522800, 768293.0
1495609200, 683847.0
1495695600, 734396.0
1495782000, 676206.0
1495868400, 787155.0
1495954800, 775199.0
1496041200, 679812.0
1496127600, 782493.0
1496214000, 728876.0
1496300400, 782043.0
1496386800, 660034.0
1496473200, 916485.0
1496559600, 738624.0
1496646000, 753477.0
1496732400, 707123.0
1496818800, 781011.0
1496905200, 772888.0
1496991600, 696807.0
1497078000, 662080.0
1497164400, 656169.0
1497250800, 666660.0
1497337200, 631999.0
1497423600, 634447.0
1497510000, 726603.0
1497596400, 695361.0
1497682800, 662164.0
1497769200, 669062.0
1497855600, 728167.0
1497942000, 627359.0
1498028400, 639335.0
1498114800, 662294.0
1498201200, 715412.0
1498287600, 651537.0
1498374000, 542862.0
1498460400, 665211.0
1498546800, 595737.0
1498633200, 714250.0
1498719600, 543033.0
1498806000, 692442.0
1498892400, 685359.0
1498978800, 661496.0
1499065200, 655563.0
1499151600, 643206.0
1499238000, 615473.0
1499324400, 617583.0
1499410800, 640402.0
1499497200, 632895.0
1499583600, 492845.0
1499670000, 687522.0
1499756400, 698714.0
1499842800, 723888.0
1499929200, 617407.0
1500015600, 567363.0
1500102000, 595497.0
1500188400, 625753.0
1500274800, 650239.0
1500361200, 735348.0
1500447600, 669746.0
1500534000, 664889.0
1500620400, 705380.0
1500706800, 683005.0
1500793200, 533852.0
1500879600, 714237.0
1500966000, 635348.0
1501052400, 666422.0
1501138800, 679989.0
1501225200, 653022.0
1501311600, 689502.0
1501398000, 599816.0
1501484400, 665505.0
1501570800, 513143.0
1501657200, 677569.0
1501743600, 590318.0
1501830000, 752410.0
1501916400, 720983.0
1502002800, 528449.0
1502089200, 673933.0
1502175600, 753096.0
1502262000, 611928.0
1502348400, 624118.0
1502434800, 657177.0
1502521200, 628745.0
1502607600, 696350.0
1502694000, 583999.0
1502780400, 676874.0
1502866800, 570089.0
1502953200, 852161.0
1503039600, 668041.0
1503126000, 684122.0
1503212400, 587912.0
1503298800, 516188.0
1503385200, 396363.0
1503471600, 749966.0
1503558000, 447172.0
1503644400, 420417.0
1503730800, 483388.0
1503817200, 756231.0
1503903600, 583590.0
1503990000, 724642.0
1504076400, 802244.0
1504162800, 763954.0
1504249200, 778960.0
1504335600, 632418.0
1504422000, 552902.0
1504508400, 757475.0
1504594800, 714257.0
1504681200, 697673.0
1504767600, 696007.0
1504854000, 731108.0
1504940400, 566696.0
1505026800, 516364.0
1505113200, 673961.0
1505199600, 625736.0
1505286000, 644643.0
1505372400, 678308.0
1505458800, 712914.0
1505545200, 566558.0
1505631600, 489507.0
1505718000, 564394.0
1505804400, 732442.0
1505890800, 523469.0
1505977200, 625604.0
1506063600, 520764.0
1506150000, 479033.0
1506236400, 450778.0
1506322800, 543296.0
1506409200, 641263.0
1506495600, 587427.0
1506582000, 690445.0
1506668400, 646693.0
1506754800, 516010.0
1506841200, 586638.0
1506927600, 697849.0
1507014000, 741202.0
1507100400, 523438.0
1507186800, 602304.0
1507273200, 704696.0
1507359600, 584409.0
1507446000, 638213.0
1507532400, 715204.0
1507618800, 740325.0
1507705200, 661433.0
1507791600, 699258.0
1507878000, 624520.0
1507964400, 672195.0
1508050800, 806999.0
1508137200, 731730.0
1508223600, 744079.0
1508310000, 695624.0
1508396400, 827698.0
1508482800, 776771.0
1508569200, 723245.0
1508655600, 889293.0
1508742000, 789284.0
1508828400, 819140.0
1508914800, 844639.0
1509001200, 607512.0
1509087600, 476857.0
1509174000, 383124.0
1509260400, 748125.0
1509346800, 719081.0
1509433200, 675422.0
1509519600, 767583.0
1509606000, 729381.0
1509692400, 551261.0
1509778800, 638801.0
1509865200, 675967.0
1509955200, 644672.0
1510041600, 739546.0
1510128000, 695556.0
1510214400, 746314.0
1510300800, 582546.0
1510387200, 380705.0
1510473600, 389853.0
1510560000, 668821.0
1510646400, 609764.0
1510732800, 752398.0
1510819200, 740903.0
1510905600, 835867.0
1510992000, 690506.0
1511078400, 823484.0
1511164800, 836496.0
1511251200, 839115.0
1511337600, 731537.0
1511424000, 773495.0
1511510400, 725838.0
1511596800, 776794.0
1511683200, 757956.0
1511769600, 830170.0
1511856000, 764171.0
1511942400, 847575.0
1512028800, 821909.0
1512115200, 905994.0
1512201600, 789747.0
1512288000, 847573.0
1512374400, 901937.0
1512460800, 874926.0
1512547200, 915515.0
1512633600, 710337.0
1512720000, 742167.0
1512806400, 863204.0
1512892800, 858122.0
1512979200, 853912.0
1513065600, 762972.0
1513152000, 937914.0
1513238400, 888006.0
1513324800, 835036.0
1513411200, 890026.0
1513497600, 927302.0
1513584000, 907184.0
1513670400, 667028.0
1513756800, 659151.0
1513843200, 609278.0
1513929600, 761980.0
1514016000, 685789.0
1514102400, 809749.0
1514188800, 710756.0
1514275200, 745470.0
1514361600, 803047.0
1514448000, 767445.0
1514534400, 840315.0
1514620800, 718060.0
1514707200, 855744.0
1514793600, 846239.0
1514880000, 877875.0
1514966400, 771447.0
1515052800, 805066.0
1515139200, 685154.0
1515225600, 845782.0
1515312000, 790810.0
1515398400, 826015.0
1515484800, 810218.0
1515571200, 835414.0
1515657600, 1030433.0
1515744000, 964624.0
1515830400, 751342.0
1515916800, 799334.0
1516003200, 748467.0
1516089600, 781091.0
1516176000, 880459.0
1516262400, 892430.0
1516348800, 912118.0
1516435200, 969672.0
1516521600, 1006646.0
1516608000, 902490.0
1516694400, 923280.0
1516780800, 903128.0
1516867200, 829767.0
1516953600, 771068.0
1517040000, 784576.0
1517126400, 747697.0
1517212800, 693715.0
1517299200, 788058.0
1517385600, 565434.0
1517472000, 788767.0
1517558400, 829256.0
1517644800, 745859.0
1517731200, 790909.0
1517817600, 983981.0
1517904000, 933122.0
1517990400, 756083.0
1518076800, 733439.0
1518163200, 751986.0
1518249600, 792718.0
1518336000, 846188.0
1518422400, 934121.0
1518508800, 910668.0
1518595200, 1003615.0
1518681600, 703699.0
1518768000, 788276.0
1518854400, 764135.0
1518940800, 837373.0
1519027200, 841925.0
1519113600, 708905.0
1519200000, 703630.0
1519286400, 630927.0
1519372800, 745090.0
1519459200, 743327.0
1519545600, 512811.0
1519632000, 658444.0
1519718400, 715398.0
1519804800, 764558.0
1519891200, 789747.0
1519977600, 634378.0
1520064000, 941701.0
1520150400, 792198.0
1520236800, 782374.0
1520323200, 857301.0
1520409600, 854344.0
1520496000, 883392.0
1520582400, 762172.0
1520668800, 775194.0
1520755200, 862729.0
1520838000, 797550.0
1520924400, 679873.0
1521010800, 505577.0
1521097200, 525712.0
1521183600, 482256.0
1521270000, 354373.0
1521356400, 457886.0
1521442800, 495865.0
1521529200, 469661.0
1521615600, 479075.0
1521702000, 553143.0
1521788400, 530354.0
1521874800, 452970.0
1521961200, 367357.0
1522047600, 517926.0
1522134000, 543663.0
1522220400, 458284.0
1522306800, 485698.0
1522393200, 454343.0
1522479600, 404973.0
1522566000, 342641.0
1522652400, 411811.0
1522738800, 524694.0
1522825200, 479649.0
1522911600, 457409.0
1522998000, 502703.0
1523084400, 463282.0
1523170800, 320148.0
1523257200, 495267.0
1523343600, 492446.0
1523430000, 496684.0
1523516400, 568191.0
1523602800, 545304.0
1523689200, 466210.0
1523775600, 584341.0
1523862000, 704300.0
1523948400, 575253.0
1524034800, 504135.0
1524121200, 515510.0
1524207600, 513783.0
1524294000, 578922.0
1524380400, 402611.0
1524466800, 542705.0
1524553200, 737920.0
1524639600, 623845.0
1524726000, 576514.0
1524812400, 600579.0
1524898800, 482039.0
1524985200, 458947.0
1525071600, 554011.0
1525158000, 492702.0
1525244400, 600849.0
1525330800, 610430.0
1525417200, 626755.0
1525503600, 561399.0
1525590000, 488927.0
1525676400, 637417.0
1525762800, 614806.0
1525849200, 544842.0
1525935600, 541614.0
1526022000, 659780.0
1526108400, 501831.0
1526194800, 404624.0
1526281200, 549176.0
1526367600, 531644.0
1526454000, 506334.0
1526540400, 566543.0
1526626800, 598157.0
1526713200, 422259.0
1526799600, 372312.0
1526886000, 583923.0
1526972400, 497718.0
1527058800, 568366.0
1527145200, 475955.0
1527231600, 517097.0
1527318000, 365403.0
1527404400, 339248.0
1527490800, 547049.0
1527577200, 547317.0
1527663600, 517638.0
1527750000, 565708.0
1527836400, 532899.0
1527922800, 438760.0
1528009200, 534531.0
1528095600, 806417.0
1528182000, 652861.0
1528268400, 643489.0
1528354800, 660107.0
1528441200, 582238.0
1528527600, 431643.0
1528614000, 454027.0
1528700400, 516491.0
1528786800, 660197.0
1528873200, 606533.0
1528959600, 522385.0
1529046000, 588244.0
1529132400, 360115.0
1529218800, 360226.0
1529305200, 500777.0
1529391600, 730292.0
1529478000, 920644.0
1529564400, 486430.0
1529650800, 545472.0
1529737200, 397025.0
1529823600, 384419.0
1529910000, 498885.0
