1233648000, 201000000.0
1241247600, 3000000.0
1242025200, 10000000.0
1248073200, 14000000.0
1249628400, 13000000.0
1253170800, 12000000.0
1256022000, 12000000.0
1259654400, 22000000.0
1263283200, 26000000.0
1265702400, 44000000.0
1270364400, 26000000.0
1273820400, 671000000.0
1273906800, 264000000.0
1274511600, 99000000.0
1277881200, 137000000.0
1279090800, 1000000.0
1279177200, 66000000.0
1279263600, 27000000.0
1279350000, 5000000.0
1279436400, 83000000.0
1279522800, 9000000.0
1279868400, 1000000.0
1280041200, 290000000.0
1280127600, 151000000.0
1280214000, 67000000.0
1280300400, 105000000.0
1280386800, 89000000.0
1280473200, 29000000.0
1280559600, 30000000.0
1280646000, 31000000.0
1280732400, 21000000.0
1281164400, 231000000.0
1281337200, 432000000.0
1281942000, 67000000.0
1282114800, 156000000.0
1282633200, 80000000.0
1282978800, 110.0
1283065200, 23000000.0
1283151600, 36000000.0
1283238000, 20000030.0
1283324400, 8000020.0
1283670000, 1000000.0
1283756400, 10.0
1283929200, 20.0
1284015600, 11000010.0
1284102000, 10.0
1284274800, 15000000.0
1284361200, 10.0
1284447600, 960352.0
1284793200, 18000000.0
1285052400, 10.0
1285570800, 2000000.0
1285657200, 144000000.0
1285916400, 56000000.0
1286002800, 776813.0
1286089200, 776625.0
1286175600, 99.0
1286348400, 109.0
1286780400, 109.0
1286953200, 35000000.0
1287385200, 2000000.0
1287644400, 776615.0
1287817200, 5000000.0
1289203200, 83000000.0
1289808000, 48000000.0
1290153600, 8000000.0
1290240000, 100000000.0
1290326400, 104000000.0
1290412800, 56000000.0
1290499200, 48000000.0
1290585600, 19000000.0
1290758400, 37000000.0
1290844800, 2000000.0
1291017600, 3000000.0
1291104000, 1000000.0
1291190400, 4000000.0
1291276800, 6000000.0
1291363200, 1000000.0
1291449600, 1090727.0
1291536000, 3000000.0
1291622400, 4518713.0
1291708800, 8214637.0
1291795200, 4000000.0
1291881600, 3727261.0
1291968000, 7000000.0
1292054400, 11724798.0
1292140800, 14857412.0
1292227200, 31147648.0
1292313600, 4892339.0
1292400000, 6743052.0
1292486400, 10356946.0
1292572800, 23443294.0
1292659200, 6653564.0
1292745600, 11564519.0
1292832000, 6699317.0
1292918400, 11000000.0
1293004800, 17743052.0
1293091200, 6000000.0
1293177600, 7829328.0
1293264000, 6743052.0
1293350400, 9564519.0
1293436800, 7664517.0
1293523200, 10339267.0
1293609600, 13574567.0
1293696000, 9238552.0
1293782400, 2335061.0
1293868800, 8915258.0
1293955200, 8767732.0
1294041600, 72825402.0
1294128000, 3129091.0
1294214400, 9287614.0
1294300800, 8308601.0
1294387200, 5352512.0
1294473600, 1765433.0
1294560000, 14000000.0
1294646400, 6884469.0
1294732800, 4152517.0
1294819200, 29060390.0
1294905600, 2493887.0
1294992000, 6493887.0
1295078400, 10493887.0
1295164800, 8627860.0
1295251200, 15807480.0
1295337600, 3768351.0
1295424000, 5000000.0
1295510400, 11736667.0
1295596800, 5048576.0
1295683200, 46923415.0
1295769600, 35905919.0
1295856000, 23000000.0
1295942400, 12905919.0
1296028800, 11000000.0
1296115200, 59000000.0
1296201600, 6000000.0
1296288000, 44195608.0
1296374400, 282108788.0
1296460800, 76000000.0
1296547200, 79108788.0
1296633600, 5000000.0
1296720000, 16818974.0
1296806400, 12359852.0
1296892800, 15826263.0
1296979200, 12112588.0
1297065600, 31547204.0
1297152000, 17736992.0
1297238400, 6551728.0
1297324800, 87294408.0
1297411200, 49910687.0
1297497600, 74186934.0
1297584000, 24000000.0
1297670400, 274000000.0
1297756800, 24346193.0
1297843200, 59000000.0
1297929600, 12346193.0
1298016000, 53000000.0
1298102400, 54000000.0
1298188800, 20000000.0
1298275200, 41000000.0
1298361600, 24546822.0
1298448000, 37785377.0
1298534400, 16769472.0
1298620800, 41097152.0
1298707200, 56049575.0
1298793600, 108000000.0
1298880000, 51785377.0
1298966400, 42215377.0
1299052800, 39250000.0
1299139200, 706690000.0
1299225600, 72070000.0
1299312000, 240320002.0
1299398400, 520150000.0
1299484800, 597707488.0
1299571200, 393000002.0
1299657600, 324779297.0
1299744000, 222833744.0
1299830400, 658222915.0
1299916800, 154693618.0
1300003200, 175539295.0
1300086000, 177642325.0
1300172400, 183019999.0
1300258800, 181000000.0
1300345200, 138939294.0
1300431600, 135139999.0
1300518000, 121779295.0
1300604400, 248707870.0
1300690800, 866789295.0
1300777200, 1053020000.0
1300863600, 1807356270.0
1300950000, 827023194.0
1301036400, 518270000.0
1301122800, 453010000.0
1301209200, 632023270.0
1301295600, 441000000.0
1301382000, 342010001.0
1301468400, 413090000.0
1301554800, 392000000.0
1301641200, 340000000.0
1301727600, 274040002.0
1301814000, 424911330.0
1301900400, 567785472.0
1301986800, 527080000.0
1302073200, 489030001.0
1302159600, 299020000.0
1302246000, 412010000.0
1302332400, 421000000.0
1302418800, 525368921.0
1302505200, 436709964.0
1302591600, 469552894.0
1302678000, 406059999.0
1302764400, 1420310000.0
1302850800, 250004348.0
1302937200, 366088576.0
1303023600, 216250000.0
1303110000, 327520399.0
1303196400, 565128213.0
1303282800, 714490659.0
1303369200, 337373380.0
1303455600, 529000000.0
1303542000, 527120000.0
1303628400, 665212226.0
1303714800, 871326592.0
1303801200, 511887739.0
1303887600, 921167893.0
1303974000, 663050000.0
1304060400, 742157689.0
1304146800, 1033932272.0
1304233200, 1133184732.0
1304319600, 481371355.0
1304406000, 481618089.0
1304492400, 636378725.0
1304578800, 949085224.0
1304665200, 758751661.0
1304751600, 665502296.0
1304838000, 742987117.0
1304924400, 1088841447.0
1305010800, 816121563.0
1305097200, 799288502.0
1305183600, 723333412.0
1305270000, 1154072268.0
1305356400, 1450626880.0
1305442800, 1489642967.0
1305529200, 1464512120.0
1305615600, 1378504578.0
1305702000, 1965344120.0
1305788400, 1622203741.0
1305874800, 1744287894.0
1305961200, 2109099033.0
1306047600, 1882072222.0
1306134000, 1789042548.0
1306220400, 2110884931.0
1306306800, 2084249128.0
1306393200, 2120593701.0
1306479600, 1383792316.0
1306566000, 1395017832.0
1306652400, 1379916359.0
1306738800, 1869512439.0
1306825200, 1995330875.0
1306911600, 2409437364.0
1306998000, 2367861874.0
1307084400, 2626233617.0
1307170800, 3217970115.0
1307257200, 2368250492.0
1307343600, 2930295222.0
1307430000, 2907019952.0
1307516400, 4439330716.0
1307602800, 4333116344.0
1307689200, 3840760005.0
1307775600, 3535827060.0
1307862000, 4431036940.0
1307948400, 3654969249.0
1308034800, 3622552882.0
1308121200, 4007210388.0
1308207600, 3188585283.0
1308294000, 3092216766.0
1308380400, 2833145981.0
1308466800, 2589261141.0
1308553200, 2027643280.0
1308639600, 1789533531.0
1308726000, 1771723129.0
1308812400, 1454556958.0
1308898800, 1640096242.0
1308985200, 2341617735.0
1309071600, 2525259969.0
1309158000, 2652695141.0
1309244400, 1984870564.0
1309330800, 1998040622.0
1309417200, 1770001400.0
1309503600, 1866566795.0
1309590000, 1473519868.0
1309676400, 1334786788.0
1309762800, 1600174485.0
1309849200, 1880583735.0
1309935600, 1700709649.0
1310022000, 1401481972.0
1310108400, 1322525411.0
1310194800, 1297080973.0
1310281200, 1251029136.0
1310367600, 1486748074.0
1310454000, 1278697604.0
1310540400, 1494299643.0
1310626800, 1339252803.0
1310713200, 1629588524.0
1310799600, 1115044690.0
1310886000, 1213235639.0
1310972400, 1293738114.0
1311058800, 1484897984.0
1311145200, 1057322296.0
1311231600, 900174475.0
1311318000, 1354095816.0
1311404400, 770811859.0
1311490800, 1020384419.0
1311577200, 1210683379.0
1311663600, 783379577.0
1311750000, 888988639.0
1311836400, 753972477.0
1311922800, 711432307.0
1312009200, 571270055.0
1312095600, 680016221.0
1312182000, 769590762.0
1312268400, 742971882.0
1312354800, 819534382.0
1312441200, 777788215.0
1312527600, 637744951.0
1312614000, 2409643181.0
1312700400, 653899155.0
1312786800, 794504845.0
1312873200, 1168800022.0
1312959600, 1074649911.0
1313046000, 711131223.0
1313132400, 608149005.0
1313218800, 689250462.0
1313305200, 1031653556.0
1313391600, 974393646.0
1313478000, 993047003.0
1313564400, 674044315.0
1313650800, 591856628.0
1313737200, 776704450.0
1313823600, 541691304.0
1313910000, 568728636.0
1313996400, 755144943.0
1314082800, 696478529.0
1314169200, 869528835.0
1314255600, 599715430.0
1314342000, 468880866.0
1314428400, 502820664.0
1314514800, 451282409.0
1314601200, 535429164.0
1314687600, 982284288.0
1314774000, 591458926.0
1314860400, 561094361.0
1314946800, 683590736.0
1315033200, 382927997.0
1315119600, 987229329.0
1315206000, 717082890.0
1315292400, 652405064.0
1315378800, 813899549.0
1315465200, 466847138.0
1315551600, 767312696.0
1315638000, 536476482.0
1315724400, 509702161.0
1315810800, 537417472.0
1315897200, 415771892.0
1315983600, 378071682.0
1316070000, 732051008.0
1316156400, 496831626.0
1316242800, 515724892.0
1316329200, 537796247.0
1316415600, 592737413.0
1316502000, 656952256.0
1316588400, 517605015.0
1316674800, 378408626.0
1316761200, 422941300.0
1316847600, 671538477.0
1316934000, 336760959.0
1317020400, 294068583.0
1317106800, 467819858.0
1317193200, 437902600.0
1317279600, 340420567.0
1317366000, 360740812.0
1317452400, 364170627.0
1317538800, 317980555.0
1317625200, 904096463.0
1317711600, 367361125.0
1317798000, 396348448.0
1317884400, 808896045.0
1317970800, 429311937.0
1318057200, 331460839.0
1318143600, 293826347.0
1318230000, 334552432.0
1318316400, 523729813.0
1318402800, 462867518.0
1318489200, 415961153.0
1318575600, 340803011.0
1318662000, 337524119.0
1318748400, 320900548.0
1318834800, 429614349.0
1318921200, 290288072.0
1319007600, 326182986.0
1319094000, 601146197.0
1319180400, 267678376.0
1319266800, 281398947.0
1319353200, 312097763.0
1319439600, 348844221.0
1319526000, 274079235.0
1319612400, 308756534.0
1319698800, 268449510.0
1319785200, 304376757.0
1319871600, 347376641.0
1319958000, 328358643.0
1320044400, 312185320.0
1320130800, 490302985.0
1320217200, 329867938.0
1320303600, 290902778.0
1320390000, 314947335.0
1320476400, 362211848.0
1320562800, 236602429.0
1320652800, 348022274.0
1320739200, 416780068.0
1320825600, 328183143.0
1320912000, 333778992.0
1320998400, 209090012.0
1321084800, 247113317.0
1321171200, 284207788.0
1321257600, 275307178.0
1321344000, 288289742.0
1321430400, 376975825.0
1321516800, 284779587.0
1321603200, 335692678.0
1321689600, 313022030.0
1321776000, 393536390.0
1321862400, 277203285.0
1321948800, 295829998.0
1322035200, 351238566.0
1322121600, 399912116.0
1322208000, 428642080.0
1322294400, 283428324.0
1322380800, 255055237.0
1322467200, 304346641.0
1322553600, 438064219.0
1322640000, 365481320.0
1322726400, 448500523.0
1322812800, 459537048.0
1322899200, 465336537.0
1322985600, 284299205.0
1323072000, 300216604.0
1323158400, 424956871.0
1323244800, 386961131.0
1323331200, 273893984.0
1323417600, 301044520.0
1323504000, 288798269.0
1323590400, 22020342270.0
1323676800, 17732322513.0
1323763200, 405414175.0
1323849600, 386264306.0
1323936000, 782976711.0
1324022400, 270176401.0
1324108800, 361587343.0
1324195200, 310125952.0
1324281600, 415730356.0
1324368000, 590673522.0
1324454400, 426075206.0
1324540800, 345347236.0
1324627200, 265278626.0
1324713600, 224582386.0
1324800000, 292534449.0
1324886400, 325628134.0
1324972800, 299677875.0
1325059200, 314922344.0
1325145600, 415995739.0
1325232000, 333845198.0
1325318400, 394540785.0
1325404800, 355428136.0
1325491200, 555312158.0
1325577600, 535215755.0
1325664000, 1419587733.0
1325750400, 569832762.0
1325836800, 648923847.0
1325923200, 447999358.0
1326009600, 372339797.0
1326096000, 636959413.0
1326182400, 489613037.0
1326268800, 570224742.0
1326355200, 4121799271.0
1326441600, 978890443.0
1326528000, 1278590354.0
1326614400, 1342837115.0
1326700800, 3900729892.0
1326787200, 765115618.0
1326873600, 1084433779.0
1326960000, 2751359672.0
1327046400, 2476691769.0
1327132800, 477026648.0
1327219200, 303810531.0
1327305600, 495998425.0
1327392000, 974988917.0
1327478400, 767575923.0
1327564800, 895157979.0
1327651200, 2299546222.0
1327737600, 908511580.0
1327824000, 22050932057.0
1327910400, 2911896874.0
1327996800, 718514321.0
1328083200, 475073058.0
1328169600, 1158782875.0
1328256000, 690589652.0
1328342400, 868539583.0
1328428800, 426033091.0
1328515200, 429055832.0
1328601600, 664074854.0
1328688000, 511443415.0
1328774400, 741846940.0
1328860800, 417461763.0
1328947200, 391143183.0
1329033600, 386719352.0
1329120000, 525311801.0
1329206400, 1547396451.0
1329292800, 610036407.0
1329379200, 1006136133.0
1329465600, 361639153.0
1329552000, 334530801.0
1329638400, 265186887.0
1329724800, 411776338.0
1329811200, 342801758.0
1329897600, 341392900.0
1329984000, 500951708.0
1330070400, 441363023.0
1330156800, 312296116.0
1330243200, 342648330.0
1330329600, 566176552.0
1330416000, 384771572.0
1330502400, 340234542.0
1330588800, 671836722.0
1330675200, 450574566.0
1330761600, 246394810.0
1330848000, 482666734.0
1330934400, 518860926.0
1331020800, 484595258.0
1331107200, 402072620.0
1331193600, 407410789.0
1331280000, 413638026.0
1331366400, 438179608.0
1331452800, 290460712.0
1331535600, 376477631.0
1331622000, 1131640397.0
1331708400, 517901821.0
1331794800, 361549948.0
1331881200, 882293451.0
1331967600, 356057831.0
1332054000, 322801017.0
1332140400, 422460866.0
1332226800, 481981657.0
1332313200, 337831566.0
1332399600, 338385442.0
1332486000, 422778506.0
1332572400, 1490705662.0
1332658800, 690424078.0
1332745200, 347762179.0
1332831600, 426964421.0
1332918000, 494067765.0
1333004400, 446542200.0
1333090800, 439585095.0
1333177200, 451687503.0
1333263600, 381877650.0
1333350000, 418861998.0
1333436400, 507741879.0
1333522800, 493334700.0
1333609200, 487816401.0
1333695600, 481551397.0
1333782000, 370891690.0
1333868400, 389195527.0
1333954800, 384716990.0
1334041200, 699130937.0
1334127600, 524550745.0
1334214000, 627057008.0
1334300400, 410579243.0
1334386800, 608591529.0
1334473200, 369750206.0
1334559600, 597850946.0
1334646000, 672206006.0
1334732400, 621412925.0
1334818800, 584943097.0
1334905200, 722135160.0
1334991600, 493120932.0
1335078000, 486652314.0
1335164400, 428070220.0
1335250800, 655608110.0
1335337200, 552832728.0
1335423600, 1240886862.0
1335510000, 688570856.0
1335596400, 686687116.0
1335682800, 406208503.0
1335769200, 513386643.0
1335855600, 673048886.0
1335942000, 693450193.0
1336028400, 1129578945.0
1336114800, 1045653352.0
1336201200, 787065714.0
1336287600, 736267072.0
1336374000, 1349373830.0
1336460400, 1237444677.0
1336546800, 1413032343.0
1336633200, 883074595.0
1336719600, 1228912955.0
1336806000, 1093265347.0
1336892400, 1180632246.0
1336978800, 2781385804.0
1337065200, 2040042864.0
1337151600, 1300828295.0
1337238000, 1171657133.0
1337324400, 1713407882.0
1337410800, 3184803518.0
1337497200, 2000678014.0
1337583600, 1956744229.0
1337670000, 1276867573.0
1337756400, 1909824774.0
1337842800, 1942496160.0
1337929200, 1927748871.0
1338015600, 1559276857.0
1338102000, 1756635855.0
1338188400, 1949232691.0
1338274800, 1697474696.0
1338361200, 1886991539.0
1338447600, 1252807933.0
1338534000, 1641795479.0
1338620400, 713557653.0
1338706800, 1927101479.0
1338793200, 2876057062.0
1338879600, 3014138721.0
1338966000, 1127363476.0
1339052400, 2141110510.0
1339138800, 1649528686.0
1339225200, 2271134789.0
1339311600, 2533678545.0
1339398000, 1825002065.0
1339484400, 1126003378.0
1339570800, 3794582440.0
1339657200, 3872082266.0
1339743600, 3356188777.0
1339830000, 2760666426.0
1339916400, 2651810146.0
1340002800, 2788555011.0
1340089200, 2523371280.0
1340175600, 2170024435.0
1340262000, 3145712954.0
1340348400, 2070231783.0
1340434800, 1773312569.0
1340521200, 1464248007.0
1340607600, 1612870794.0
1340694000, 1827898114.0
1340780400, 1818068009.0
1340866800, 1576821961.0
1340953200, 1183756472.0
1341039600, 1394161293.0
1341126000, 965441992.0
1341212400, 1836948247.0
1341298800, 1235375229.0
1341385200, 1328572083.0
1341471600, 1265297392.0
1341558000, 1638467211.0
1341644400, 4286993213.0
1341730800, 1150252767.0
1341817200, 1589719336.0
1341903600, 2403191985.0
1341990000, 1917334500.0
1342076400, 1353006867.0
1342162800, 1439979066.0
1342249200, 1532376089.0
1342335600, 1760255063.0
1342422000, 2128658376.0
1342508400, 2014390364.0
1342594800, 2641059394.0
1342681200, 2019333470.0
1342767600, 3747018662.0
1342854000, 2001722229.0
1342940400, 1810561197.0
1343026800, 2172164555.0
1343113200, 1598700134.0
1343199600, 1509932498.0
1343286000, 1818252407.0
1343372400, 1718725100.0
1343458800, 2056362157.0
1343545200, 1846677249.0
1343631600, 1997918780.0
1343718000, 2109228958.0
1343804400, 2002226151.0
1343890800, 1981549506.0
1343977200, 2479174211.0
1344063600, 1636417093.0
1344150000, 2567591134.0
1344236400, 2500144464.0
1344322800, 1893110420.0
1344409200, 5257535312.0
1344495600, 1738277224.0
1344582000, 4453058517.0
1344668400, 1913775992.0
1344754800, 1722116550.0
1344841200, 2555351796.0
1344927600, 2067631015.0
1345014000, 3397670623.0
1345100400, 2834730819.0
1345186800, 3086566635.0
1345273200, 1819540149.0
1345359600, 2177038458.0
1345446000, 2755706440.0
1345532400, 2456426695.0
1345618800, 2284249268.0
1345705200, 2083273950.0
1345791600, 1924725465.0
1345878000, 2391030340.0
1345964400, 2058149421.0
1346050800, 2882030679.0
1346137200, 2510247771.0
1346223600, 2415507933.0
1346310000, 2909822139.0
1346396400, 3048583604.0
1346482800, 3533261176.0
1346569200, 3055441150.0
1346655600, 3379736690.0
1346742000, 2966526976.0
1346828400, 2620340000.0
1346914800, 2555427416.0
1347001200, 1996330059.0
1347087600, 2224496760.0
1347174000, 2206494644.0
1347260400, 2405863046.0
1347346800, 3079178155.0
1347433200, 2050412504.0
1347519600, 1968463641.0
1347606000, 2022012586.0
1347692400, 1473366468.0
1347778800, 1476593640.0
1347865200, 1462559347.0
1347951600, 2240126053.0
1348038000, 2144386382.0
1348124400, 1798877273.0
1348210800, 2931585698.0
1348297200, 1523518456.0
1348383600, 1818004702.0
1348470000, 2822867346.0
1348556400, 1437700690.0
1348642800, 1955185895.0
1348729200, 1611576529.0
1348815600, 5939218166.0
1348902000, 1429688403.0
1348988400, 1145608154.0
1349074800, 1659077226.0
1349161200, 3046356752.0
1349247600, 1839219413.0
1349334000, 13131522337.0
1349420400, 2760380983.0
1349506800, 2233578348.0
1349593200, 2642825547.0
1349679600, 2724366665.0
1349766000, 2574262051.0
1349852400, 2344129821.0
1349938800, 2253949244.0
1350025200, 2045036309.0
1350111600, 2104540427.0
1350198000, 1711574123.0
1350284400, 2172613793.0
1350370800, 2501043862.0
1350457200, 6676674541.0
1350543600, 1703015131.0
1350630000, 1576937115.0
1350716400, 1796519692.0
1350802800, 2478949416.0
1350889200, 2522467775.0
1350975600, 2100222991.0
1351062000, 2130409168.0
1351148400, 1666946671.0
1351234800, 1824824533.0
1351321200, 1254476824.0
1351407600, 1270849238.0
1351494000, 1737438911.0
1351580400, 2368543361.0
1351666800, 2295974606.0
1351753200, 2021981119.0
1351839600, 2707209311.0
1351926000, 1875218624.0
1352012400, 1950947363.0
1352102400, 2576403178.0
1352188800, 2568602625.0
1352275200, 2924684125.0
1352361600, 2523791353.0
1352448000, 1940181595.0
1352534400, 2155154518.0
1352620800, 1743773092.0
1352707200, 1784911422.0
1352793600, 2053599413.0
1352880000, 2301382516.0
1352966400, 3164153950.0
1353052800, 3193127546.0
1353139200, 2560602784.0
1353225600, 2719114800.0
1353312000, 2794357641.0
1353398400, 2812691303.0
1353484800, 3078838241.0
1353571200, 2188707548.0
1353657600, 2659890194.0
1353744000, 2175792328.0
1353830400, 2951412090.0
1353916800, 2650350354.0
1354003200, 8201676744.0
1354089600, 4359397007.0
1354176000, 2966282715.0
1354262400, 2253063094.0
1354348800, 2644757959.0
1354435200, 1521461215.0
1354521600, 1828932863.0
1354608000, 2815664675.0
1354694400, 2722445881.0
1354780800, 3115000691.0
1354867200, 2433169284.0
1354953600, 2578749742.0
1355040000, 2432194589.0
1355126400, 3078923008.0
1355212800, 3149639467.0
1355299200, 2863395313.0
1355385600, 4513393912.0
1355472000, 3211040905.0
1355558400, 2434047049.0
1355644800, 2782215671.0
1355731200, 3321752088.0
1355817600, 4001882898.0
1355904000, 3499712470.0
1355990400, 3117986509.0
1356076800, 3694798575.0
1356163200, 4090362442.0
1356249600, 3144947995.0
1356336000, 2803994895.0
1356422400, 2331306943.0
1356508800, 2924223830.0
1356595200, 3693617681.0
1356681600, 3739376701.0
1356768000, 2987991228.0
1356854400, 3504144571.0
1356940800, 2442158122.0
1357027200, 2540901812.0
1357113600, 3206808934.0
1357200000, 3766582749.0
1357286400, 3850311321.0
1357372800, 3135059436.0
1357459200, 3486616689.0
1357545600, 3594175474.0
1357632000, 3240727682.0
1357718400, 3278602402.0
1357804800, 15339607914.0
1357891200, 4253398676.0
1357977600, 3666480767.0
1358064000, 3917373209.0
1358150400, 3487908233.0
1358236800, 3357125696.0
1358323200, 4122235845.0
1358409600, 3787288715.0
1358496000, 3760673767.0
1358582400, 6354285081.0
1358668800, 3298917964.0
1358755200, 2960339549.0
1358841600, 3317847267.0
1358928000, 4440792999.0
1359014400, 4402332598.0
1359100800, 4141748230.0
1359187200, 4791067554.0
1359273600, 4772262398.0
1359360000, 4314662379.0
1359446400, 4961699217.0
1359532800, 3489334331.0
1359619200, 4779915089.0
1359705600, 5228602156.0
1359792000, 7388730888.0
1359878400, 5205480007.0
1359964800, 4522052171.0
1360051200, 4235867660.0
1360137600, 3224443065.0
1360224000, 4856204643.0
1360310400, 4926209751.0
1360396800, 4514326120.0
1360483200, 4520832246.0
1360569600, 4878675412.0
1360656000, 4848104373.0
1360742400, 5612658455.0
1360828800, 4345320621.0
1360915200, 5730713264.0
1361001600, 5077739001.0
1361088000, 4681710946.0
1361174400, 4508949670.0
1361260800, 4641317356.0
1361347200, 4992328523.0
1361433600, 5149190623.0
1361520000, 5325121434.0
1361606400, 4817999206.0
1361692800, 4502548748.0
1361779200, 6662844799.0
1361865600, 5692242259.0
1361952000, 5454248604.0
1362038400, 6071283274.0
1362124800, 6801127271.0
1362211200, 5116473992.0
1362297600, 4496913537.0
1362384000, 5524125673.0
1362470400, 5138976576.0
1362556800, 15726796982.0
1362643200, 6166624582.0
1362729600, 4762159398.0
1362816000, 5211584112.0
1362902400, 6130182365.0
1362985200, 4991899256.0
1363071600, 6665059923.0
1363158000, 5269692830.0
1363244400, 5259340170.0
1363330800, 6501635308.0
1363417200, 3143838406.0
1363503600, 3169724524.0
1363590000, 3783272726.0
1363676400, 5165432050.0
1363762800, 3709057415.0
1363849200, 5061033936.0
1363935600, 6777289737.0
1364022000, 5259750326.0
1364108400, 4062806852.0
1364194800, 4437006807.0
1364281200, 4533356205.0
1364367600, 6003141889.0
1364454000, 6116315652.0
1364540400, 6072037681.0
1364626800, 6407864300.0
1364713200, 4585459760.0
1364799600, 4314277923.0
1364886000, 6120119573.0
1364972400, 7077451024.0
1365058800, 7629306698.0
1365145200, 5723865760.0
1365231600, 3885304125.0
1365318000, 5395925354.0
1365404400, 4627039614.0
1365490800, 4927107352.0
1365577200, 6466733147.0
1365663600, 6336863780.0
1365750000, 5641949219.0
1365836400, 4027230947.0
1365922800, 5337811427.0
1366009200, 7427178560.0
1366095600, 5203197367.0
1366182000, 8148473727.0
1366268400, 4253670086.0
1366354800, 5534670877.0
1366441200, 4622212486.0
1366527600, 3291401779.0
1366614000, 4646535059.0
1366700400, 6123818202.0
1366786800, 6249187407.0
1366873200, 6057018720.0
1366959600, 4059900011.0
1367046000, 3901893051.0
1367132400, 3279194181.0
1367218800, 4572411389.0
1367305200, 4574865143.0
1367391600, 4088593753.0
1367478000, 5255400390.0
1367564400, 4545884469.0
1367650800, 4566787787.0
1367737200, 3656506628.0
1367823600, 5294511009.0
1367910000, 4671463015.0
1367996400, 5200264132.0
1368082800, 6588905401.0
1368169200, 6427633127.0
1368255600, 6169773114.0
1368342000, 5657452505.0
1368428400, 5850963163.0
1368514800, 5738806322.0
1368601200, 6048453576.0
1368687600, 7736863781.0
1368774000, 5540377799.0
1368860400, 3956532087.0
1368946800, 4714334424.0
1369033200, 4345547937.0
1369119600, 4650942757.0
1369206000, 4988873569.0
1369292400, 5646156491.0
1369378800, 4833183927.0
1369465200, 4727625949.0
1369551600, 3152893970.0
1369638000, 4888847213.0
1369724400, 5478926938.0
1369810800, 5215347597.0
1369897200, 4748125079.0
1369983600, 4506128758.0
1370070000, 4125064975.0
1370156400, 4882755776.0
1370242800, 5888445252.0
1370329200, 5421273887.0
1370415600, 6012802918.0
1370502000, 4126218009.0
1370588400, 3916184703.0
1370674800, 4607546975.0
1370761200, 3604930663.0
1370847600, 3447766724.0
1370934000, 4766766862.0
1371020400, 4254762436.0
1371106800, 4087879140.0
1371193200, 3632062691.0
1371279600, 3301626946.0
1371366000, 3128648429.0
1371452400, 3685317147.0
1371538800, 3777149405.0
1371625200, 3740857420.0
1371711600, 6989069826.0
1371798000, 4299107458.0
1371884400, 5558427754.0
1371970800, 3289707161.0
1372057200, 3919235757.0
1372143600, 3379573922.0
1372230000, 4029547374.0
1372316400, 3074477184.0
1372402800, 4809132266.0
1372489200, 2438738042.0
1372575600, 2909684130.0
1372662000, 2412834059.0
1372748400, 3558288433.0
1372834800, 2817488168.0
1372921200, 2333133526.0
1373007600, 3246852246.0
1373094000, 2981300277.0
1373180400, 1842094257.0
1373266800, 3280380724.0
1373353200, 3475026174.0
1373439600, 2639959721.0
1373526000, 3532010629.0
1373612400, 3077909548.0
1373698800, 3360786141.0
1373785200, 2293218923.0
1373871600, 2233268606.0
1373958000, 3587711540.0
1374044400, 3368340783.0
1374130800, 3738979778.0
1374217200, 2111963162.0
1374303600, 2297726435.0
1374390000, 2455597227.0
1374476400, 3276948050.0
1374562800, 2144867879.0
1374649200, 3562006140.0
1374735600, 3378420434.0
1374822000, 2032379372.0
1374908400, 3214157306.0
1374994800, 2382217431.0
1375081200, 3041102588.0
1375167600, 3766696925.0
1375254000, 4924699101.0
1375340400, 3834057257.0
1375426800, 2913020760.0
1375513200, 2643529564.0
1375599600, 3150890033.0
1375686000, 2784873298.0
1375772400, 4168065710.0
1375858800, 3155560425.0
1375945200, 4911009386.0
1376031600, 4388784490.0
1376118000, 2964591768.0
1376204400, 3284307247.0
1376290800, 2537058276.0
1376377200, 2974852431.0
1376463600, 4420760856.0
1376550000, 6329990312.0
1376636400, 4694701273.0
1376722800, 2892158036.0
1376809200, 4594836173.0
1376895600, 4864870760.0
1376982000, 3417570561.0
1377068400, 3214886264.0
1377154800, 3877155120.0
1377241200, 3386687545.0
1377327600, 2773017547.0
1377414000, 3027034915.0
1377500400, 4080643368.0
1377586800, 3984639775.0
1377673200, 26083498262.0
1377759600, 2703969735.0
1377846000, 4391193998.0
1377932400, 3122585731.0
1378018800, 2495132746.0
1378105200, 4740491922.0
1378191600, 3123219885.0
1378278000, 2706159070.0
1378364400, 3262242832.0
1378450800, 3349086393.0
1378537200, 2449911746.0
1378623600, 2614222954.0
1378710000, 3053100606.0
1378796400, 2552371160.0
1378882800, 2255500301.0
1378969200, 3034461292.0
1379055600, 2096323621.0
1379142000, 2023750549.0
1379228400, 2764617927.0
1379314800, 4120048691.0
1379401200, 30275425378.0
1379487600, 10750935731.0
1379574000, 9174587436.0
1379660400, 2700884796.0
1379746800, 2675531601.0
1379833200, 2629032181.0
1379919600, 3947388851.0
1380006000, 3066022492.0
1380092400, 3106396518.0
1380178800, 2723002047.0
1380265200, 8261986498.0
1380351600, 2608609449.0
1380438000, 2584549691.0
1380524400, 2575183782.0
1380610800, 3913974553.0
1380697200, 3992303312.0
1380783600, 3660294587.0
1380870000, 2477279491.0
1380956400, 2606242489.0
1381042800, 2115735044.0
1381129200, 3257715142.0
1381215600, 1713190379.0
1381302000, 3037507628.0
1381388400, 3105788363.0
1381474800, 2276995908.0
1381561200, 3214776583.0
1381647600, 3080432869.0
1381734000, 3303670276.0
1381820400, 3864309771.0
1381906800, 4719904597.0
1381993200, 3651952508.0
1382079600, 3835801158.0
1382166000, 3626226694.0
1382252400, 2848710739.0
1382338800, 3766450678.0
1382425200, 4168008116.0
1382511600, 4577781754.0
1382598000, 5076496010.0
1382684400, 5107518210.0
1382770800, 3534328044.0
1382857200, 5775029853.0
1382943600, 3118348979.0
1383030000, 3445509300.0
1383116400, 2972252695.0
1383202800, 2997871915.0
1383289200, 3500360841.0
1383375600, 2353096079.0
1383462000, 4087943337.0
1383552000, 5182985587.0
1383638400, 4727916843.0
1383724800, 14562558243.0
1383811200, 12850248332.0
1383897600, 10682017227.0
1383984000, 5605344924.0
1384070400, 4583360662.0
1384156800, 6222351764.0
1384243200, 2251123231.0
1384329600, 2304229153.0
1384416000, 2313862517.0
1384502400, 1731629565.0
1384588800, 1426598980.0
1384675200, 1708725612.0
1384761600, 2723178132.0
1384848000, 3159785609.0
1384934400, 2527945207.0
1385020800, 2655807643.0
1385107200, 2329739671.0
1385193600, 2101611529.0
1385280000, 1753595197.0
1385366400, 1960120774.0
1385452800, 2523691730.0
1385539200, 3041271141.0
1385625600, 3073997164.0
1385712000, 2609068458.0
1385798400, 2018102674.0
1385884800, 1888083922.0
1385971200, 2113751064.0
1386057600, 2040592636.0
1386144000, 2083224443.0
1386230400, 2254506788.0
1386316800, 1920163235.0
1386403200, 3749123851.0
1386489600, 1138643048.0
1386576000, 1704236096.0
1386662400, 1750092456.0
1386748800, 1744596076.0
1386835200, 1434126064.0
1386921600, 1513416963.0
1387008000, 1240103420.0
1387094400, 1151956075.0
1387180800, 1570545173.0
1387267200, 1520684554.0
1387353600, 1864447134.0
1387440000, 1648965383.0
1387526400, 1624432139.0
1387612800, 1243490207.0
1387699200, 1146529505.0
1387785600, 1211174057.0
1387872000, 1206624608.0
1387958400, 1231784641.0
1388044800, 1336262326.0
1388131200, 1227928333.0
1388217600, 1165867105.0
1388304000, 1455153464.0
1388390400, 1174180891.0
1388476800, 1098600975.0
1388563200, 936534252.0
1388649600, 1381188660.0
1388736000, 1381938881.0
1388822400, 1228749852.0
1388908800, 1393812559.0
1388995200, 2950823266.0
1389081600, 1553038267.0
1389168000, 1412498292.0
1389254400, 1280728921.0
1389340800, 1253797561.0
1389427200, 1225450903.0
1389513600, 1179779395.0
1389600000, 1199050639.0
1389686400, 1608978681.0
1389772800, 1685023545.0
1389859200, 1324725593.0
1389945600, 1467029517.0
1390032000, 1272316648.0
1390118400, 1142147877.0
1390204800, 1527797507.0
1390291200, 1559907460.0
1390377600, 1478206656.0
1390464000, 1679639116.0
1390550400, 1528913391.0
1390636800, 1185303748.0
1390723200, 1174920813.0
1390809600, 1345771067.0
1390896000, 1415795644.0
1390982400, 1331325321.0
1391068800, 1329500605.0
1391155200, 1437916749.0
1391241600, 1142304608.0
1391328000, 1080299217.0
1391414400, 1214407582.0
1391500800, 1422240734.0
1391587200, 1381992653.0
1391673600, 1501442794.0
1391760000, 1530919578.0
1391846400, 1226699028.0
1391932800, 1063153353.0
1392019200, 1313957152.0
1392105600, 1309678624.0
1392192000, 1603686540.0
1392278400, 1405001731.0
1392364800, 1709758792.0
1392451200, 1255607333.0
1392537600, 1132317875.0
1392624000, 2356170280.0
1392710400, 1334942050.0
1392796800, 1445880350.0
1392883200, 1481614558.0
1392969600, 1388804876.0
1393056000, 1231655659.0
1393142400, 1204602794.0
1393228800, 1521980169.0
1393315200, 1770847152.0
1393401600, 1486319291.0
1393488000, 1441419632.0
1393574400, 1640787615.0
1393660800, 1259578282.0
1393747200, 1082910593.0
1393833600, 1723526890.0
1393920000, 1738424603.0
1394006400, 1432140013.0
1394092800, 1465574101.0
1394179200, 1386113137.0
1394265600, 1162425694.0
1394352000, 1228010559.0
1394434800, 1626715826.0
1394521200, 1529331241.0
1394607600, 1651719963.0
1394694000, 1465089124.0
1394780400, 1365532312.0
1394866800, 1091359883.0
1394953200, 1238310041.0
1395039600, 1308166330.0
1395126000, 974137670.0
1395212400, 1348145116.0
1395298800, 1373412060.0
1395385200, 1467722865.0
1395471600, 1757915737.0
1395558000, 1113423626.0
1395644400, 1299764579.0
1395730800, 1455404643.0
1395817200, 1514818021.0
1395903600, 1376146264.0
1395990000, 1232486726.0
1396076400, 979142385.0
1396162800, 1088456963.0
1396249200, 1263855609.0
1396335600, 1231562078.0
1396422000, 1324419169.0
1396508400, 1344998103.0
1396594800, 1352233973.0
1396681200, 1116666447.0
1396767600, 1034855898.0
1396854000, 1419487722.0
1396940400, 1476358943.0
1397026800, 2025920875.0
1397113200, 1437984843.0
1397199600, 1394326692.0
1397286000, 907114824.0
1397372400, 1029986168.0
1397458800, 1533806640.0
1397545200, 1649954518.0
1397631600, 1427444650.0
1397718000, 1499553797.0
1397804400, 1216011272.0
1397890800, 1261314875.0
1397977200, 1086690665.0
1398063600, 1247640246.0
1398150000, 1529422985.0
1398236400, 1456230652.0
1398322800, 1494749758.0
1398409200, 1364442103.0
1398495600, 913901624.0
1398582000, 1174870756.0
1398668400, 1279024099.0
1398754800, 1261638574.0
1398841200, 1295362061.0
1398927600, 1084631035.0
1399014000, 1187743613.0
1399100400, 1028949159.0
1399186800, 988528194.0
1399273200, 1353297617.0
1399359600, 1500387446.0
1399446000, 1354172333.0
1399532400, 1358433577.0
1399618800, 1557402453.0
1399705200, 1009687328.0
1399791600, 970016918.0
1399878000, 1393177704.0
1399964400, 1237220357.0
1400050800, 1208030118.0
1400137200, 1280133980.0
1400223600, 1163597683.0
1400310000, 931030062.0
1400396400, 871450665.0
1400482800, 1140509824.0
1400569200, 1338509866.0
1400655600, 1279533682.0
1400742000, 1275997199.0
1400828400, 1272896008.0
1400914800, 1123540029.0
1401001200, 1014448351.0
1401087600, 1257750285.0
1401174000, 1214135874.0
1401260400, 1395978274.0
1401346800, 1195135479.0
1401433200, 1159815107.0
1401519600, 964770833.0
1401606000, 1075014255.0
1401692400, 1170443213.0
1401778800, 1344054734.0
1401865200, 1200635921.0
1401951600, 1234989787.0
1402038000, 1080069596.0
1402124400, 878221121.0
1402210800, 884632234.0
1402297200, 1109517441.0
1402383600, 1164592603.0
1402470000, 1127334026.0
1402556400, 1293722403.0
1402642800, 1154801410.0
1402729200, 908986917.0
1402815600, 953850979.0
1402902000, 1198941586.0
1402988400, 1202490540.0
1403074800, 1291108153.0
1403161200, 1172007406.0
1403247600, 1071588434.0
1403334000, 918948220.0
1403420400, 902204780.0
1403506800, 1129559499.0
1403593200, 1106251476.0
1403679600, 1236028780.0
1403766000, 1013416507.0
1403852400, 1070192844.0
1403938800, 926408687.0
1404025200, 871685196.0
1404111600, 1188919685.0
1404198000, 1311584120.0
1404284400, 1274840425.0
1404370800, 1097580230.0
1404457200, 1011443135.0
1404543600, 829427605.0
1404630000, 922847962.0
1404716400, 1121868823.0
1404802800, 1227727536.0
1404889200, 1168912918.0
1404975600, 1118585911.0
1405062000, 1087078401.0
1405148400, 871204703.0
1405234800, 942346258.0
1405321200, 1175980369.0
1405407600, 1251728456.0
1405494000, 1261360631.0
1405580400, 1176351954.0
1405666800, 1194868880.0
1405753200, 1035413294.0
1405839600, 898402817.0
1405926000, 1059027192.0
1406012400, 1171344544.0
1406098800, 1100879636.0
1406185200, 1069751731.0
1406271600, 1029317626.0
1406358000, 873951865.0
1406444400, 890936210.0
1406530800, 1035052053.0
1406617200, 1039546815.0
1406703600, 1103235411.0
1406790000, 1125832902.0
1406876400, 1067915418.0
1406962800, 846604847.0
1407049200, 855001533.0
1407135600, 1109744160.0
1407222000, 1210342599.0
1407308400, 1316238132.0
1407394800, 1097700977.0
1407481200, 1116762997.0
1407567600, 930738340.0
1407654000, 983127720.0
1407740400, 1225468145.0
1407826800, 1252436069.0
1407913200, 1241970851.0
1407999600, 1219660765.0
1408086000, 1203876959.0
1408172400, 1305170457.0
1408258800, 3732208652.0
1408345200, 1175673016.0
1408431600, 1280157171.0
1408518000, 1196609234.0
1408604400, 1143122201.0
1408690800, 1075447813.0
1408777200, 862310978.0
1408863600, 904448264.0
1408950000, 1645338417.0
1409036400, 1156150685.0
1409122800, 1154152570.0
1409209200, 1039725982.0
1409295600, 1042778542.0
1409382000, 913520702.0
1409468400, 889399010.0
1409554800, 1091278347.0
1409641200, 1159704012.0
1409727600, 1112706440.0
1409814000, 1119739332.0
1409900400, 1104072468.0
1409986800, 961430998.0
1410073200, 1979030044.0
1410159600, 1220418844.0
1410246000, 1411448904.0
1410332400, 1274883973.0
1410418800, 1015059039.0
1410505200, 1070477886.0
1410591600, 954517518.0
1410678000, 1123423996.0
1410764400, 1222944483.0
1410850800, 1435162373.0
1410937200, 1226986597.0
1411023600, 1234660263.0
1411110000, 1061078897.0
1411196400, 1026633681.0
1411282800, 933716280.0
1411369200, 1171465132.0
1411455600, 1274391608.0
1411542000, 1235686671.0
1411628400, 1321049144.0
1411714800, 4785118349.0
1411801200, 1047057790.0
1411887600, 1076874401.0
1411974000, 1219074481.0
1412060400, 1212654940.0
1412146800, 1291355722.0
1412233200, 1124874892.0
1412319600, 1207576762.0
1412406000, 1257120078.0
1412492400, 1189447047.0
1412578800, 1261174465.0
1412665200, 1336032911.0
1412751600, 1253986648.0
1412838000, 1390439876.0
1412924400, 1300507017.0
1413010800, 1038153171.0
1413097200, 1101613637.0
1413183600, 1310403550.0
1413270000, 1326556263.0
1413356400, 1255077471.0
1413442800, 1215888547.0
1413529200, 1170451158.0
1413615600, 1035069092.0
1413702000, 1055272153.0
1413788400, 1295595559.0
1413874800, 1301537323.0
1413961200, 1267184925.0
1414047600, 1279445941.0
1414134000, 1235002581.0
1414220400, 1110930101.0
1414306800, 1122128422.0
1414393200, 1352589194.0
1414479600, 1336919791.0
1414566000, 1427478919.0
1414652400, 1386147032.0
1414738800, 1288146038.0
1414825200, 1257724969.0
1414911600, 1264623465.0
1415001600, 1658571291.0
1415088000, 1352152956.0
1415174400, 1339815386.0
1415260800, 1441971427.0
1415347200, 1341908085.0
1415433600, 1078458677.0
1415520000, 1504557370.0
1415606400, 1342372982.0
1415692800, 1337416163.0
1415779200, 1512202360.0
1415865600, 1439117594.0
1415952000, 1315059241.0
1416038400, 1120153289.0
1416124800, 1161501236.0
1416211200, 1510046843.0
1416297600, 1306674027.0
1416384000, 1316045397.0
1416470400, 1327805051.0
1416556800, 1273306344.0
1416643200, 1100513028.0
1416729600, 1191356960.0
1416816000, 1308281470.0
1416902400, 1218659868.0
1416988800, 1215985418.0
1417075200, 1199225619.0
1417161600, 1167570350.0
1417248000, 1108339144.0
1417334400, 1279344747.0
1417420800, 1391266140.0
1417507200, 1419657740.0
1417593600, 1366172344.0
1417680000, 1482170755.0
1417766400, 1238234866.0
1417852800, 1118769286.0
1417939200, 1091019053.0
1418025600, 1578243929.0
1418112000, 1259212127.0
1418198400, 1250345362.0
1418284800, 1196549856.0
1418371200, 1156648508.0
1418457600, 1037249204.0
1418544000, 1207562664.0
1418630400, 1415068874.0
1418716800, 1501735313.0
1418803200, 1518390144.0
1418889600, 1373600085.0
1418976000, 1485967210.0
1419062400, 1213819778.0
1419148800, 1133607592.0
1419235200, 1400200160.0
1419321600, 1415710028.0
1419408000, 1110071030.0
1419494400, 931387778.0
1419580800, 1930070793.0
1419667200, 1717108793.0
1419753600, 1228692784.0
1419840000, 1443763440.0
1419926400, 1386755078.0
1420012800, 1138141903.0
1420099200, 805416484.0
1420185600, 1182270129.0
1420272000, 1179841308.0
1420358400, 2174861782.0
1420444800, 1609135479.0
1420531200, 1284608123.0
1420617600, 1278348978.0
1420704000, 1627746896.0
1420790400, 1520418118.0
1420876800, 1525846972.0
1420963200, 1353639408.0
1421049600, 3294802367.0
1421136000, 1550901423.0
1421222400, 1522479663.0
1421308800, 1725104955.0
1421395200, 1459406088.0
1421481600, 1334222178.0
1421568000, 1387720200.0
1421654400, 1434755742.0
1421740800, 1437349806.0
1421827200, 1340029971.0
1421913600, 1340410002.0
1422000000, 1368235392.0
1422086400, 1154826012.0
1422172800, 1330637600.0
1422259200, 1601810841.0
1422345600, 1403022961.0
1422432000, 1159256582.0
1422518400, 1223134655.0
1422604800, 1121422969.0
1422691200, 1252130893.0
1422777600, 1121454393.0
1422864000, 1246050215.0
1422950400, 1307488376.0
1423036800, 1257715341.0
1423123200, 1209566718.0
1423209600, 1170807312.0
1423296000, 1176433401.0
1423382400, 1175275630.0
1423468800, 1488796877.0
1423555200, 1433710661.0
1423641600, 1440657851.0
1423728000, 1255298681.0
1423814400, 1742269239.0
1423900800, 1501567083.0
1423987200, 1382078432.0
1424073600, 1537666720.0
1424160000, 1596837665.0
1424246400, 1496619549.0
1424332800, 1358169837.0
1424419200, 1510495925.0
1424505600, 1294726109.0
1424592000, 1235815172.0
1424678400, 1452475248.0
1424764800, 1441178545.0
1424851200, 1523357961.0
1424937600, 1409722225.0
1425024000, 1439065266.0
1425110400, 1349989157.0
1425196800, 1397061238.0
1425283200, 1539402280.0
1425369600, 1564400780.0
1425456000, 1453469909.0
1425542400, 1489058476.0
1425628800, 1676618435.0
1425715200, 1306858102.0
1425801600, 1321540516.0
1425884400, 1572043904.0
1425970800, 1535729233.0
1426057200, 1532225806.0
1426143600, 1400767054.0
1426230000, 1370402241.0
1426316400, 1234936058.0
1426402800, 1197403880.0
1426489200, 1513383473.0
1426575600, 1410203756.0
1426662000, 1516419516.0
1426748400, 1648516776.0
1426834800, 1609654010.0
1426921200, 1325657744.0
1427007600, 1313911317.0
1427094000, 1757202944.0
1427180400, 1368366895.0
1427266800, 1577234281.0
1427353200, 1452750048.0
1427439600, 1397818158.0
1427526000, 1258691333.0
1427612400, 1276426269.0
1427698800, 1545788621.0
1427785200, 1630322108.0
1427871600, 1683868407.0
1427958000, 1569228121.0
1428044400, 1493981790.0
1428130800, 1374643295.0
1428217200, 1483959852.0
1428303600, 1608612337.0
1428390000, 1569444220.0
1428476400, 1615277510.0
1428562800, 1887801779.0
1428649200, 2780415534.0
1428735600, 1661500470.0
1428822000, 1410159871.0
1428908400, 1727967925.0
1428994800, 1602169132.0
1429081200, 1547774603.0
1429167600, 1403218749.0
1429254000, 1466698599.0
1429340400, 1332714608.0
1429426800, 1299562204.0
1429513200, 1701682374.0
1429599600, 1543035927.0
1429686000, 1586411600.0
1429772400, 1585553042.0
1429858800, 1560361285.0
1429945200, 9935690506.0
1430031600, 1343856985.0
1430118000, 1572423382.0
1430204400, 1615746744.0
1430290800, 1687860527.0
1430377200, 1673387524.0
1430463600, 1373766087.0
1430550000, 1399169181.0
1430636400, 1234368977.0
1430722800, 1510627218.0
1430809200, 1632255227.0
1430895600, 1578427708.0
1430982000, 1599528963.0
1431068400, 1657046441.0
1431154800, 1334743823.0
1431241200, 1558545140.0
1431327600, 1733158914.0
1431414000, 1605606726.0
1431500400, 1548162095.0
1431586800, 1406091765.0
1431673200, 1512186504.0
1431759600, 1311363793.0
1431846000, 1307921042.0
1431932400, 1484130953.0
1432018800, 1568797983.0
1432105200, 1504039670.0
1432191600, 1447529212.0
1432278000, 1533794565.0
1432364400, 1275570619.0
1432450800, 1352427108.0
1432537200, 1552614626.0
1432623600, 1804951479.0
1432710000, 1600109647.0
1432796400, 1624789347.0
1432882800, 1783224896.0
1432969200, 1704206720.0
1433055600, 3945981082.0
1433142000, 2170563529.0
1433228400, 1856065267.0
1433314800, 1803214868.0
1433401200, 1682484681.0
1433487600, 1591131490.0
1433574000, 1425095862.0
1433660400, 1296274061.0
1433746800, 1734380551.0
1433833200, 1771721190.0
1433919600, 2008297998.0
1434006000, 1744264663.0
1434092400, 1836680608.0
1434178800, 1690253670.0
1434265200, 1598348336.0
1434351600, 1987304204.0
1434438000, 2013279514.0
1434524400, 2345269754.0
1434610800, 2733272035.0
1434697200, 2730544421.0
1434783600, 1537216810.0
1434870000, 1407698414.0
1434956400, 2792504014.0
1435042800, 1874452789.0
1435129200, 1635528118.0
1435215600, 1669325104.0
1435302000, 1816023869.0
1435388400, 1674241236.0
1435474800, 1539498690.0
1435561200, 1870253432.0
1435647600, 2995122247.0
1435734000, 2127628595.0
1435820400, 2429662311.0
1435906800, 2279418437.0
1435993200, 1784510252.0
1436079600, 2094808987.0
1436166000, 3559063900.0
1436252400, 4328253875.0
1436338800, 5078148310.0
1436425200, 4017988719.0
1436511600, 3736990049.0
1436598000, 3871393068.0
1436684400, 4436391382.0
1436770800, 3226811751.0
1436857200, 2919469656.0
1436943600, 2613382277.0
1437030000, 2739621947.0
1437116400, 2404523437.0
1437202800, 4355700027.0
1437289200, 1963776890.0
1437375600, 4005246965.0
1437462000, 2567332781.0
1437548400, 2736251591.0
1437634800, 2658585451.0
1437721200, 2327602155.0
1437807600, 2024099182.0
1437894000, 2117046613.0
1437980400, 3133315906.0
1438066800, 2790367841.0
1438153200, 3900263677.0
1438239600, 3402627027.0
1438326000, 3775865133.0
1438412400, 3267417545.0
1438498800, 2081821964.0
1438585200, 2709518893.0
1438671600, 3518586297.0
1438758000, 3389808802.0
1438844400, 3705030425.0
1438930800, 2506010357.0
1439017200, 2240730609.0
1439103600, 1900348649.0
1439190000, 2856865140.0
1439276400, 2609037644.0
1439362800, 2559291304.0
1439449200, 2468525201.0
1439535600, 2426238231.0
1439622000, 2052411841.0
1439708400, 1895351010.0
1439794800, 2350533255.0
1439881200, 2560465587.0
1439967600, 2416873641.0
1440054000, 2577554216.0
1440140400, 2320451447.0
1440226800, 2239789595.0
1440313200, 2068006617.0
1440399600, 2621538332.0
1440486000, 2524057210.0
1440572400, 2515845138.0
1440658800, 2387492571.0
1440745200, 2444245868.0
1440831600, 2135923021.0
1440918000, 1951472621.0
1441004400, 2756912196.0
1441090800, 2526556984.0
1441177200, 5388841426.0
1441263600, 2797427509.0
1441350000, 2508295191.0
1441436400, 2784723132.0
1441522800, 2187159142.0
1441609200, 2970364898.0
1441695600, 2562157265.0
1441782000, 2716877078.0
1441868400, 2779300834.0
1441954800, 3807931771.0
1442041200, 2908465555.0
1442127600, 2536632619.0
1442214000, 3122149088.0
1442300400, 2887989851.0
1442386800, 2610466496.0
1442473200, 2711789352.0
1442559600, 2540203437.0
1442646000, 2174704429.0
1442732400, 2125348050.0
1442818800, 2877250376.0
1442905200, 2782720079.0
1442991600, 2552187592.0
1443078000, 2427461543.0
1443164400, 2711947875.0
1443250800, 2499832779.0
1443337200, 2198745167.0
1443423600, 2628988147.0
1443510000, 2737654970.0
1443596400, 2679319008.0
1443682800, 2882708269.0
1443769200, 2592049816.0
1443855600, 2168642606.0
1443942000, 1936537912.0
1444028400, 2334896688.0
1444114800, 2580662237.0
1444201200, 2496770404.0
1444287600, 2686679732.0
1444374000, 2310188544.0
1444460400, 2480907025.0
1444546800, 1935308736.0
1444633200, 2547023804.0
1444719600, 2494470798.0
1444806000, 2715648782.0
1444892400, 2838709887.0
1444978800, 2835618390.0
1445065200, 2700692963.0
1445151600, 2287814229.0
1445238000, 2830097624.0
1445324400, 3163227656.0
1445410800, 2840338671.0
1445497200, 2941208760.0
1445583600, 2873077494.0
1445670000, 2688985085.0
1445756400, 2482972719.0
1445842800, 2665010032.0
1445929200, 2903670838.0
1446015600, 3011709528.0
1446102000, 3396205933.0
1446188400, 3204370245.0
1446274800, 2854469017.0
1446361200, 2734475095.0
1446451200, 3328238640.0
1446537600, 3434305541.0
1446624000, 4491027343.0
1446710400, 3412758502.0
1446796800, 3232119456.0
1446883200, 2579858313.0
1446969600, 2343890815.0
1447056000, 2959354321.0
1447142400, 2920202127.0
1447228800, 2796582529.0
1447315200, 2576607374.0
1447401600, 2562122509.0
1447488000, 2447520325.0
1447574400, 2301078957.0
1447660800, 2779466448.0
1447747200, 2630052583.0
1447833600, 2737508755.0
1447920000, 2573583511.0
1448006400, 2574141814.0
1448092800, 2384630843.0
1448179200, 2330401546.0
1448265600, 2564701023.0
1448352000, 2512325561.0
1448438400, 2650728282.0
1448524800, 2795046286.0
1448611200, 2665176592.0
1448697600, 2647215741.0
1448784000, 2217266336.0
1448870400, 3429084643.0
1448956800, 3125843549.0
1449043200, 3247262681.0
1449129600, 2971151175.0
1449216000, 2866553139.0
1449302400, 3107756174.0
1449388800, 3036759062.0
1449475200, 3302830019.0
1449561600, 3278755044.0
1449648000, 3730535029.0
1449734400, 3589685418.0
1449820800, 4327706332.0
1449907200, 3696162758.0
1449993600, 3325167033.0
1450080000, 4052758586.0
1450166400, 3999899310.0
1450252800, 3738604758.0
1450339200, 3764708734.0
1450425600, 3777548047.0
1450512000, 3523701085.0
1450598400, 3353649378.0
1450684800, 4110369193.0
1450771200, 3913063975.0
1450857600, 3981257790.0
1450944000, 3633612595.0
1451030400, 2958094326.0
1451116800, 3137472184.0
1451203200, 2706454523.0
1451289600, 3114441685.0
1451376000, 3135063356.0
1451462400, 3079767766.0
1451548800, 2550670682.0
1451635200, 1982080598.0
1451721600, 3137600479.0
1451808000, 2408304879.0
1451894400, 3074684308.0
1451980800, 3227846687.0
1452067200, 3040324362.0
1452153600, 3702453793.0
1452240000, 3253002298.0
1452326400, 3022393822.0
1452412800, 2795780106.0
1452499200, 3590416653.0
1452585600, 3470749772.0
1452672000, 3427954249.0
1452758400, 3182088874.0
1452844800, 3576071656.0
1452931200, 3477336876.0
1453017600, 3632679500.0
1453104000, 3948023545.0
1453190400, 3967840683.0
1453276800, 4647964248.0
1453363200, 5036037950.0
1453449600, 4516359551.0
1453536000, 3859889347.0
1453622400, 4018242360.0
1453708800, 4598396640.0
1453795200, 4701650631.0
1453881600, 4912850373.0
1453968000, 4743453192.0
1454054400, 4698023086.0
1454140800, 3897923245.0
1454227200, 3455384553.0
1454313600, 5598834185.0
1454400000, 5864427461.0
1454486400, 4472773300.0
1454572800, 3813751292.0
1454659200, 4303457951.0
1454745600, 4020959148.0
1454832000, 3893269746.0
1454918400, 4213873335.0
1455004800, 4175333830.0
1455091200, 4510160409.0
1455177600, 4425502408.0
1455264000, 3903763903.0
1455350400, 3491582779.0
1455436800, 3515265778.0
1455523200, 4211669849.0
1455609600, 4220291344.0
1455696000, 4384467565.0
1455782400, 4333919321.0
1455868800, 4593178995.0
1455955200, 4135279322.0
1456041600, 4031753710.0
1456128000, 4580619995.0
1456214400, 4835862446.0
1456300800, 4599151748.0
1456387200, 4589148285.0
1456473600, 4235918186.0
1456560000, 3733826946.0
1456646400, 4448851907.0
1456732800, 5528146424.0
1456819200, 6006599979.0
1456905600, 9215325496.0
1456992000, 5609368275.0
1457078400, 5156297271.0
1457164800, 6207709524.0
1457251200, 3912461422.0
1457337600, 4373955784.0
1457424000, 4492403847.0
1457510400, 5468048263.0
1457596800, 4107926816.0
1457683200, 3976764706.0
1457769600, 3440586731.0
1457856000, 3580250793.0
1457938800, 4105698574.0
1458025200, 4288754793.0
1458111600, 4799646002.0
1458198000, 4632816082.0
1458284400, 4289497200.0
1458370800, 3435487023.0
1458457200, 3374667059.0
1458543600, 4113390235.0
1458630000, 4263768215.0
1458716400, 3835156743.0
1458802800, 3850255692.0
1458889200, 3270337620.0
1458975600, 3583237590.0
1459062000, 3175097348.0
1459148400, 4615473942.0
1459234800, 5779052183.0
1459321200, 4575345212.0
1459407600, 4574989907.0
1459494000, 5322769540.0
1459580400, 4966375403.0
1459666800, 4358224685.0
1459753200, 4508180774.0
1459839600, 4792742177.0
1459926000, 5844875393.0
1460012400, 4473522886.0
1460098800, 4353738918.0
1460185200, 3654361898.0
1460271600, 3325339902.0
1460358000, 5011203705.0
1460444400, 5075962758.0
1460530800, 4574314812.0
1460617200, 4486496577.0
1460703600, 4467354732.0
1460790000, 3412321152.0
1460876400, 3428061725.0
1460962800, 4733042977.0
1461049200, 4348327587.0
1461135600, 4321507171.0
1461222000, 4282120266.0
1461308400, 4268874359.0
1461394800, 3315097021.0
1461481200, 3326865456.0
1461567600, 4329847026.0
1461654000, 33775639818.0
1461740400, 4611149971.0
1461826800, 4962034503.0
1461913200, 4991958740.0
1461999600, 4087923127.0
1462086000, 3450281105.0
1462172400, 4513159943.0
1462258800, 4486828296.0
1462345200, 4717178574.0
1462431600, 4425619976.0
1462518000, 4451955200.0
1462604400, 3761683514.0
1462690800, 3473771327.0
1462777200, 4046544740.0
1462863600, 4810185732.0
1462950000, 4588566709.0
1463036400, 4675238994.0
1463122800, 4758216903.0
1463209200, 4800318276.0
1463295600, 4561359577.0
1463382000, 6051568467.0
1463468400, 5844087260.0
1463554800, 5826811656.0
1463641200, 5498968957.0
1463727600, 5158622819.0
1463814000, 5682664163.0
1463900400, 4320770201.0
1463986800, 5473645083.0
1464073200, 5953134626.0
1464159600, 5987550803.0
1464246000, 5565651605.0
1464332400, 7089209327.0
1464418800, 5234180926.0
1464505200, 4798546674.0
1464591600, 5785196125.0
1464678000, 5233924442.0
1464764400, 5618497783.0
1464850800, 5853519721.0
1464937200, 5469656979.0
1465023600, 4644371282.0
1465110000, 4416827831.0
1465196400, 5213956486.0
1465282800, 5251815706.0
1465369200, 5040981971.0
1465455600, 5321550949.0
1465542000, 5281223012.0
1465628400, 4624529278.0
1465714800, 5242482099.0
1465801200, 6387453511.0
1465887600, 6904509389.0
1465974000, 8338614703.0
1466060400, 8229665972.0
1466146800, 7890209509.0
1466233200, 7057830565.0
1466319600, 6314349102.0
1466406000, 7677113580.0
1466492400, 7628917579.0
1466578800, 7885018659.0
1466665200, 7530395381.0
1466751600, 7411847429.0
1466838000, 6099766676.0
1466924400, 5430478358.0
1467010800, 6178464957.0
1467097200, 5837675619.0
1467183600, 6168595835.0
1467270000, 6250402880.0
1467356400, 5769296304.0
1467442800, 5292652832.0
1467529200, 4547185343.0
1467615600, 5514588726.0
1467702000, 5587364447.0
1467788400, 5567845334.0
1467874800, 5650728572.0
1467961200, 5725884524.0
1468047600, 4740040469.0
1468134000, 3856114004.0
1468220400, 5733521701.0
1468306800, 5117140866.0
1468393200, 5318160911.0
1468479600, 5748641729.0
1468566000, 5522548963.0
1468652400, 5067563958.0
1468738800, 4787291321.0
1468825200, 5907113707.0
1468911600, 6186165427.0
1468998000, 6419434833.0
1469084400, 6041625410.0
1469170800, 6519185579.0
1469257200, 6003161359.0
1469343600, 5090576380.0
1469430000, 6972168119.0
1469516400, 7079427446.0
1469602800, 7491411699.0
1469689200, 7163045994.0
1469775600, 7226700639.0
1469862000, 6572047583.0
1469948400, 7255961680.0
1470034800, 7317800941.0
1470121200, 8138920804.0
1470207600, 7568290751.0
1470294000, 6953744777.0
1470380400, 7455527344.0
1470466800, 5968826373.0
1470553200, 6698389239.0
1470639600, 8644357031.0
1470726000, 7429724567.0
1470812400, 7553269014.0
1470898800, 7992226711.0
1470985200, 7076200713.0
1471071600, 6274827301.0
1471158000, 6162650466.0
1471244400, 6834053066.0
1471330800, 8309112751.0
1471417200, 7373160399.0
1471503600, 7647075341.0
1471590000, 8079961253.0
1471676400, 6121304534.0
1471762800, 5066277505.0
1471849200, 6577382642.0
1471935600, 6765790776.0
1472022000, 6462449049.0
1472108400, 6461425534.0
1472194800, 6244953714.0
1472281200, 5547429433.0
1472367600, 4891366874.0
1472454000, 6437949671.0
1472540400, 6763053145.0
1472626800, 6247730836.0
1472713200, 6348703333.0
1472799600, 5733859607.0
1472886000, 5154954056.0
1472972400, 4663006916.0
1473058800, 6304984857.0
1473145200, 6065357465.0
1473231600, 6376239601.0
1473318000, 5960240707.0
1473404400, 6336822147.0
1473490800, 5115995466.0
1473577200, 4743305867.0
1473663600, 5592604475.0
1473750000, 6805656902.0
1473836400, 6236523412.0
1473922800, 5969619981.0
1474009200, 6399372021.0
1474095600, 5763998368.0
1474182000, 5302257570.0
1474268400, 6612043758.0
1474354800, 6836086914.0
1474441200, 6496509855.0
1474527600, 6272699094.0
1474614000, 6005767564.0
1474700400, 5895425424.0
1474786800, 4959149659.0
1474873200, 6052560461.0
1474959600, 6299270729.0
1475046000, 6474431075.0
1475132400, 6853955587.0
1475218800, 6845068728.0
1475305200, 5873516440.0
1475391600, 5342262056.0
1475478000, 7523840275.0
1475564400, 7103602966.0
1475650800, 7277844316.0
1475737200, 7772649993.0
1475823600, 7205178137.0
1475910000, 6751007174.0
1475996400, 5827379152.0
1476082800, 6783531890.0
1476169200, 8075501147.0
1476255600, 6831244694.0
1476342000, 6712105979.0
1476428400, 6801350542.0
1476514800, 6260063720.0
1476601200, 5754846761.0
1476687600, 7244112233.0
1476774000, 7724037508.0
1476860400, 6238149631.0
1476946800, 8931863339.0
1477033200, 7608109984.0
1477119600, 6662886636.0
1477206000, 6749823388.0
1477292400, 8114570038.0
1477378800, 9909135171.0
1477465200, 12366682607.0
1477551600, 11104197547.0
1477638000, 8218591551.0
1477724400, 7316334719.0
1477810800, 6261635815.0
1477897200, 7630761672.0
1477983600, 7888304167.0
1478070000, 7952440935.0
1478156400, 7898965840.0
1478242800, 8433985522.0
1478329200, 7375387364.0
1478415600, 7081542827.0
1478505600, 9127487749.0
1478592000, 8925535917.0
1478678400, 8373198606.0
1478764800, 8229286720.0
1478851200, 7274402535.0
1478937600, 6589536127.0
1479024000, 6267231406.0
1479110400, 7942615064.0
1479196800, 8145867865.0
1479283200, 7946533169.0
1479369600, 8903665576.0
1479456000, 8354457183.0
1479542400, 7214751446.0
1479628800, 7295353104.0
1479715200, 9492004537.0
1479801600, 10152105178.0
1479888000, 10895046532.0
1479974400, 13586177837.0
1480060800, 13807167767.0
1480147200, 10174634136.0
1480233600, 8115381886.0
1480320000, 10957588157.0
1480406400, 10105426951.0
1480492800, 9956774283.0
1480579200, 10270561249.0
1480665600, 12059021932.0
1480752000, 10113526766.0
1480838400, 9263816666.0
1480924800, 10612511446.0
1481011200, 11947737538.0
1481097600, 10759327335.0
1481184000, 9623895714.0
1481270400, 9630486037.0
1481356800, 8684229837.0
1481443200, 7669390919.0
1481529600, 9312640060.0
1481616000, 9765573127.0
1481702400, 9482014754.0
1481788800, 10043219466.0
1481875200, 9757905572.0
1481961600, 8136024503.0
1482048000, 8081959375.0
1482134400, 10396098767.0
1482220800, 10192528818.0
1482307200, 11492502583.0
1482393600, 10617675284.0
1482480000, 10048771495.0
1482566400, 8358322018.0
1482652800, 6193750723.0
1482739200, 8797239373.0
1482825600, 9953217417.0
1482912000, 10435263976.0
1482998400, 10723074067.0
1483084800, 10031872400.0
1483171200, 8232831226.0
1483257600, 6507949883.0
1483344000, 11288414659.0
1483430400, 11750869676.0
1483516800, 19333743620.0
1483603200, 11499194252.0
1483689600, 12777072194.0
1483776000, 10633841730.0
1483862400, 9124134820.0
1483948800, 10204592665.0
1484035200, 11994087094.0
1484121600, 11182087465.0
1484208000, 10550392824.0
1484294400, 9699540130.0
1484380800, 8685666196.0
1484467200, 8222432059.0
1484553600, 10364270285.0
1484640000, 10939305302.0
1484726400, 10793626344.0
1484812800, 11239573320.0
1484899200, 10484963495.0
1484985600, 9458963263.0
1485072000, 8711486550.0
1485158400, 10901172711.0
1485244800, 14316521050.0
1485331200, 13500808277.0
1485417600, 12355631958.0
1485504000, 11404371837.0
1485590400, 12253506930.0
1485676800, 11983779830.0
1485763200, 13515608339.0
1485849600, 14566158893.0
1485936000, 15491657240.0
1486022400, 14230055361.0
1486108800, 16242120704.0
1486195200, 13864644801.0
1486281600, 13617869567.0
1486368000, 15493020175.0
1486454400, 17075671139.0
1486540800, 15714493504.0
1486627200, 17418568718.0
1486713600, 13977915541.0
1486800000, 11708000976.0
1486886400, 10251055926.0
1486972800, 13677242215.0
1487059200, 14099131586.0
1487145600, 13404888989.0
1487232000, 16987720101.0
1487318400, 16584442388.0
1487404800, 15222901802.0
1487491200, 12944377921.0
1487577600, 15991401438.0
1487664000, 16581707207.0
1487750400, 18203570523.0
1487836800, 21165472424.0
1487923200, 22670991440.0
1488009600, 19130417997.0
1488096000, 16117260121.0
1488182400, 19538746144.0
1488268800, 22737147230.0
1488355200, 22959036693.0
1488441600, 25222663973.0
1488528000, 25968606189.0
1488614400, 22029548015.0
1488700800, 21669618574.0
1488787200, 23898093612.0
1488873600, 26977191295.0
1488960000, 23373076230.0
1489046400, 23667178552.0
1489132800, 25791797636.0
1489219200, 21766771727.0
1489305600, 19062879952.0
1489388400, 22075092528.0
1489474800, 25653171308.0
1489561200, 23625501962.0
1489647600, 26455158129.0
1489734000, 24458901754.0
1489820400, 21705770532.0
1489906800, 21162793576.0
1489993200, 24115787713.0
1490079600, 24863661350.0
1490166000, 26584522812.0
1490252400, 23599807634.0
1490338800, 23155050182.0
1490425200, 18200765156.0
1490511600, 15465177428.0
1490598000, 19484378734.0
1490684400, 23322176362.0
1490770800, 21293579722.0
1490857200, 20340448684.0
1490943600, 21727700693.0
1491030000, 19064263242.0
1491116400, 18073640574.0
1491202800, 22103918997.0
1491289200, 20030284512.0
1491375600, 23629861443.0
1491462000, 22171976913.0
1491548400, 22514679282.0
1491634800, 17161302076.0
1491721200, 16805979031.0
1491807600, 19726586623.0
1491894000, 22634667638.0
1491980400, 21215521160.0
1492066800, 21666765492.0
1492153200, 23548446532.0
1492239600, 20155356574.0
1492326000, 15885627688.0
1492412400, 18072834518.0
1492498800, 22020687325.0
1492585200, 20952935942.0
1492671600, 22837557725.0
1492758000, 24438907052.0
1492844400, 18034051775.0
1492930800, 16967309519.0
1493017200, 18796137981.0
1493103600, 27162738431.0
1493190000, 25384367765.0
1493276400, 25644731571.0
1493362800, 24968419536.0
1493449200, 25637648122.0
1493535600, 19930763935.0
1493622000, 22774886560.0
1493708400, 27267966183.0
1493794800, 24734367708.0
1493881200, 30709568071.0
1493967600, 26131168454.0
1494054000, 29657369266.0
1494140400, 27703575031.0
1494226800, 31644955280.0
1494313200, 30296153363.0
1494399600, 30326495895.0
1494486000, 27958022914.0
1494572400, 32205057537.0
1494658800, 30119440047.0
1494745200, 29747622441.0
1494831600, 32730377033.0
1494918000, 34340900559.0
1495004400, 48593611220.0
1495090800, 39202141315.0
1495177200, 44281193400.0
1495263600, 38775385430.0
1495350000, 35278845637.0
1495436400, 40663804239.0
1495522800, 46838356854.0
1495609200, 47294001691.0
1495695600, 49887943053.0
1495782000, 46979624965.0
1495868400, 52882782220.0
1495954800, 42148503001.0
1496041200, 49490441559.0
1496127600, 58838790095.0
1496214000, 57041985440.0
1496300400, 56907004507.0
1496386800, 47015193004.0
1496473200, 54564725387.0
1496559600, 44199355556.0
1496646000, 47543804182.0
1496732400, 51133813564.0
1496818800, 66813204735.0
1496905200, 49099044140.0
1496991600, 45556014992.0
1497078000, 39090403310.0
1497164400, 35612024978.0
1497250800, 40986437130.0
1497337200, 47943977642.0
1497423600, 45474199601.0
1497510000, 43540345777.0
1497596400, 37535139576.0
1497682800, 31139831919.0
1497769200, 27799559460.0
1497855600, 38716284645.0
1497942000, 38808537505.0
1498028400, 46270370719.0
1498114800, 44710509654.0
1498201200, 33895972894.0
1498287600, 30720884336.0
1498374000, 25868838592.0
1498460400, 37505657594.0
1498546800, 36789377898.0
1498633200, 38586002411.0
1498719600, 34140053758.0
1498806000, 35717190559.0
1498892400, 25527403629.0
1498978800, 19785958294.0
1499065200, 28321012118.0
1499151600, 29393425872.0
1499238000, 22582080685.0
1499324400, 24152060511.0
1499410800, 24065571245.0
1499497200, 19241183082.0
1499583600, 15722803089.0
1499670000, 20557250621.0
1499756400, 20757617324.0
1499842800, 22235199706.0
1499929200, 21079018124.0
1500015600, 21537764419.0
1500102000, 37835756847.0
1500188400, 16692852306.0
1500274800, 19803657541.0
1500361200, 22451846967.0
1500447600, 20160223858.0
1500534000, 22927219537.0
1500620400, 24973969757.0
1500706800, 17103691992.0
1500793200, 12537693822.0
1500879600, 16696352984.0
1500966000, 16849293292.0
1501052400, 16753481996.0
1501138800, 16627056958.0
1501225200, 18843132327.0
1501311600, 15646665323.0
1501398000, 13811682207.0
1501484400, 19486886623.0
1501570800, 7594662047.0
1501657200, 13051485681.0
1501743600, 12410595421.0
1501830000, 11347123621.0
1501916400, 11356678695.0
1502002800, 8790639938.0
1502089200, 12182649183.0
1502175600, 15906311046.0
1502262000, 15795191308.0
1502348400, 19318600285.0
1502434800, 23494470226.0
1502521200, 21075240215.0
1502607600, 18971104645.0
1502694000, 24918827382.0
1502780400, 35045038263.0
1502866800, 34752500864.0
1502953200, 36531634907.0
1503039600, 33796192313.0
1503126000, 26591179874.0
1503212400, 20898199629.0
1503298800, 29796496476.0
1503385200, 33418474511.0
1503471600, 54197068152.0
1503558000, 38599923422.0
1503644400, 42581587924.0
1503730800, 42531312205.0
1503817200, 35884272770.0
1503903600, 37817846684.0
1503990000, 46176014165.0
1504076400, 38849753062.0
1504162800, 41321489691.0
1504249200, 38274200641.0
1504335600, 29049925993.0
1504422000, 23913526989.0
1504508400, 32540168020.0
1504594800, 28190480312.0
1504681200, 27259987797.0
1504767600, 25733579475.0
1504854000, 21776572461.0
1504940400, 14485041627.0
1505026800, 14323841995.0
1505113200, 15973383041.0
1505199600, 14890795620.0
1505286000, 13373148672.0
1505372400, 15373503588.0
1505458800, 17481664788.0
1505545200, 11991780546.0
1505631600, 9941066001.0
1505718000, 16830810036.0
1505804400, 17370341529.0
1505890800, 14640700953.0
1505977200, 13634884416.0
1506063600, 11716416810.0
1506150000, 9969585805.0
1506236400, 8367519444.0
1506322800, 14737049675.0
1506409200, 15008561133.0
1506495600, 14349865258.0
1506582000, 13445160224.0
1506668400, 11533216245.0
1506754800, 10144145793.0
1506841200, 11905349794.0
1506927600, 18047323995.0
1507014000, 15253441884.0
1507100400, 13673283395.0
1507186800, 16034424031.0
1507273200, 14902120217.0
1507359600, 10821556432.0
1507446000, 11179647505.0
1507532400, 14934098656.0
1507618800, 16725820990.0
1507705200, 14817289183.0
1507791600, 17441451470.0
1507878000, 28153458216.0
1507964400, 22759563891.0
1508050800, 16270732820.0
1508137200, 19341946089.0
1508223600, 20913726138.0
1508310000, 19220267160.0
1508396400, 19151239568.0
1508482800, 16197244556.0
1508569200, 16776730117.0
1508655600, 15533193023.0
1508742000, 18564433949.0
1508828400, 19979056912.0
1508914800, 14197537543.0
1509001200, 11265051758.0
1509087600, 16666745997.0
1509174000, 17503828084.0
1509260400, 27885712501.0
1509346800, 26359097424.0
1509433200, 23189499927.0
1509519600, 29693760422.0
1509606000, 27759079476.0
1509692400, 27177385265.0
1509778800, 27324972900.0
1509865200, 19765639930.0
1509955200, 24033789733.0
1510041600, 29412731396.0
1510128000, 26216939123.0
1510214400, 36132993999.0
1510300800, 31997295719.0
1510387200, 31705792683.0
1510473600, 58361046709.0
1510560000, 78338626441.0
1510646400, 61508687921.0
1510732800, 60350996198.0
1510819200, 50264025918.0
1510905600, 40116643265.0
1510992000, 28998839235.0
1511078400, 24744354414.0
1511164800, 32901817427.0
1511251200, 31029655182.0
1511337600, 25640318228.0
1511424000, 26591956914.0
1511510400, 23353648718.0
1511596800, 19563976527.0
1511683200, 19122207725.0
1511769600, 23650308310.0
1511856000, 24523091351.0
1511942400, 29090212855.0
1512028800, 27063114407.0
1512115200, 24705190560.0
1512201600, 19029585342.0
1512288000, 18745114274.0
1512374400, 22611990963.0
1512460800, 21967975400.0
1512547200, 25716995428.0
1512633600, 36460560502.0
1512720000, 64142966479.0
1512806400, 56708842445.0
1512892800, 45810029691.0
1512979200, 48363865068.0
1513065600, 53794407913.0
1513152000, 60429794520.0
1513238400, 64460794431.0
1513324800, 59270393429.0
1513411200, 53401138337.0
1513497600, 53543867532.0
1513584000, 58712548366.0
1513670400, 66259550536.0
1513756800, 91159174277.0
1513843200, 112876167038.0
1513929600, 149594647734.0
1514016000, 106561559484.0
1514102400, 88112136284.0
1514188800, 68939441204.0
1514275200, 72562381816.0
1514361600, 78481712352.0
1514448000, 78583389168.0
1514534400, 78579504963.0
1514620800, 77857110970.0
1514707200, 54514452622.0
1514793600, 46941303646.0
1514880000, 64916497626.0
1514966400, 74968547259.0
1515052800, 77826109477.0
1515139200, 70135602085.0
1515225600, 69447790564.0
1515312000, 68611400249.0
1515398400, 69452640550.0
1515484800, 75241820280.0
1515571200, 72032570087.0
1515657600, 69744083354.0
1515744000, 61763579417.0
1515830400, 52846632102.0
1515916800, 49132446483.0
1516003200, 51011761779.0
1516089600, 60638246009.0
1516176000, 67509668652.0
1516262400, 65689753535.0
1516348800, 49148999429.0
1516435200, 42940319750.0
1516521600, 34336269629.0
1516608000, 31461253947.0
1516694400, 28595800518.0
1516780800, 28349809897.0
1516867200, 22085446644.0
1516953600, 20913221596.0
1517040000, 16825469362.0
1517126400, 15534485572.0
1517212800, 14575112922.0
1517299200, 16030090386.0
1517385600, 16220623626.0
1517472000, 21402754492.0
1517558400, 27436258243.0
1517644800, 14692776937.0
1517731200, 11131669812.0
1517817600, 17376750190.0
1517904000, 16426998571.0
1517990400, 12352109098.0
1518076800, 8798500449.0
1518163200, 8836425123.0
1518249600, 8879565618.0
1518336000, 6196458348.0
1518422400, 6996971094.0
1518508800, 6857325292.0
1518595200, 6375846926.0
1518681600, 6408005499.0
1518768000, 5825713445.0
1518854400, 4863875388.0
1518940800, 4458328081.0
1519027200, 5090811190.0
1519113600, 5223072575.0
1519200000, 4068256761.0
1519286400, 3760222865.0
1519372800, 7394810594.0
1519459200, 9610766905.0
1519545600, 4144060303.0
1519632000, 4619035139.0
1519718400, 5054578675.0
1519804800, 5129908837.0
1519891200, 5205574602.0
1519977600, 4201376982.0
1520064000, 3796379904.0
1520150400, 3346586197.0
1520236800, 4453138052.0
1520323200, 3724003205.0
1520409600, 3483770640.0
1520496000, 3563080068.0
1520582400, 3484594140.0
1520668800, 4027322368.0
1520755200, 3961038377.0
1520838000, 3346783473.0
1520924400, 6067628875.0
1521010800, 3704036657.0
1521097200, 3664624829.0
1521183600, 2965177072.0
1521270000, 2151541723.0
1521356400, 2533293823.0
1521442800, 3078064883.0
1521529200, 3137907950.0
1521615600, 3102527440.0
1521702000, 439189708.0
