1231488000, 14.0
1231574400, 61.0
1231660800, 93.0
1231747200, 101.0
1231833600, 123.0
1231920000, 130.0
1232006400, 132.0
1232092800, 110.0
1232179200, 109.0
1232265600, 108.0
1232352000, 116.0
1232438400, 115.0
1232524800, 103.0
1232611200, 91.0
1232697600, 85.0
1232784000, 202.0
1232870400, 192.0
1232956800, 96.0
1233043200, 98.0
1233129600, 112.0
1233216000, 121.0
1233302400, 117.0
1233388800, 139.0
1233475200, 114.0
1233561600, 129.0
1233648000, 149.0
1233734400, 119.0
1233820800, 126.0
1233907200, 122.0
1233993600, 133.0
1234080000, 133.0
1234166400, 134.0
1234252800, 120.0
1234339200, 135.0
1234425600, 119.0
1234512000, 124.0
1234598400, 136.0
1234684800, 131.0
1234771200, 122.0
1234857600, 117.0
1234944000, 118.0
1235030400, 124.0
1235116800, 122.0
1235203200, 114.0
1235289600, 125.0
1235376000, 108.0
1235462400, 106.0
1235548800, 105.0
1235635200, 107.0
1235721600, 115.0
1235808000, 99.0
1235894400, 105.0
1235980800, 108.0
1236067200, 105.0
1236153600, 104.0
1236240000, 112.0
1236326400, 117.0
1236412800, 109.0
1236499200, 117.0
1236582000, 108.0
1236668400, 107.0
1236754800, 114.0
1236841200, 119.0
1236927600, 113.0
1237014000, 110.0
1237100400, 123.0
1237186800, 121.0
1237273200, 114.0
1237359600, 114.0
1237446000, 122.0
1237532400, 118.0
1237618800, 50.0
1237705200, 119.0
1237791600, 130.0
1237878000, 105.0
1237964400, 117.0
1238050800, 117.0
1238137200, 106.0
1238223600, 119.0
1238310000, 116.0
1238396400, 120.0
1238482800, 110.0
1238569200, 114.0
1238655600, 115.0
1238742000, 116.0
1238828400, 113.0
1238914800, 130.0
1239001200, 109.0
1239087600, 100.0
1239174000, 105.0
1239260400, 99.0
1239346800, 108.0
1239433200, 121.0
1239519600, 119.0
1239606000, 116.0
1239692400, 124.0
1239778800, 113.0
1239865200, 123.0
1239951600, 112.0
1240038000, 128.0
1240124400, 119.0
1240210800, 120.0
1240297200, 124.0
1240383600, 121.0
1240470000, 75.0
1240556400, 115.0
1240642800, 118.0
1240729200, 112.0
1240815600, 104.0
1240902000, 117.0
1240988400, 128.0
1241074800, 131.0
1241161200, 121.0
1241247600, 128.0
1241334000, 109.0
1241420400, 128.0
1241506800, 135.0
1241593200, 135.0
1241679600, 122.0
1241766000, 107.0
1241852400, 78.0
1241938800, 85.0
1242025200, 121.0
1242111600, 130.0
1242198000, 115.0
1242284400, 141.0
1242370800, 136.0
1242457200, 119.0
1242543600, 127.0
1242630000, 118.0
1242716400, 86.0
1242802800, 120.0
1242889200, 82.0
1242975600, 61.0
1243062000, 32.0
1243148400, 100.0
1243234800, 109.0
1243321200, 125.0
1243407600, 119.0
1243494000, 95.0
1243580400, 106.0
1243666800, 109.0
1243753200, 96.0
1243839600, 72.0
1243926000, 111.0
1244012400, 71.0
1244098800, 66.0
1244185200, 30.0
1244271600, 28.0
1244358000, 16.0
1244444400, 82.0
1244530800, 91.0
1244617200, 82.0
1244703600, 89.0
1244790000, 86.0
1244876400, 78.0
1244962800, 72.0
1245049200, 84.0
1245135600, 71.0
1245222000, 79.0
1245308400, 80.0
1245394800, 87.0
1245481200, 78.0
1245567600, 81.0
1245654000, 76.0
1245740400, 76.0
1245826800, 96.0
1245913200, 68.0
1245999600, 90.0
1246086000, 84.0
1246172400, 47.0
1246258800, 84.0
1246345200, 85.0
1246431600, 74.0
1246518000, 84.0
1246604400, 82.0
1246690800, 89.0
1246777200, 79.0
1246863600, 84.0
1246950000, 69.0
1247036400, 74.0
1247122800, 86.0
1247209200, 81.0
1247295600, 83.0
1247382000, 77.0
1247468400, 78.0
1247554800, 69.0
1247641200, 45.0
1247727600, 71.0
1247814000, 47.0
1247900400, 4.0
1247986800, 70.0
1248073200, 70.0
1248159600, 82.0
1248246000, 60.0
1248332400, 76.0
1248418800, 73.0
1248505200, 32.0
1248591600, 21.0
1248678000, 74.0
1248764400, 41.0
1248850800, 20.0
1248937200, 16.0
1249023600, 17.0
1249110000, 28.0
1249196400, 23.0
1249282800, 12.0
1249369200, 81.0
1249455600, 87.0
1249542000, 90.0
1249628400, 80.0
1249714800, 80.0
1249801200, 101.0
1249887600, 75.0
1249974000, 70.0
1250060400, 63.0
1250146800, 85.0
1250233200, 63.0
1250319600, 26.0
1250406000, 19.0
1250492400, 17.0
1250578800, 10.0
1250665200, 18.0
1250751600, 22.0
1250838000, 14.0
1250924400, 7.0
1251010800, 15.0
1251097200, 15.0
1251183600, 50.0
1251270000, 49.0
1251356400, 29.0
1251442800, 75.0
1251529200, 78.0
1251615600, 97.0
1251702000, 86.0
1251788400, 78.0
1251874800, 66.0
1251961200, 61.0
1252047600, 64.0
1252134000, 76.0
1252220400, 68.0
1252306800, 78.0
1252393200, 69.0
1252479600, 54.0
1252566000, 67.0
1252652400, 67.0
1252738800, 69.0
1252825200, 75.0
1252911600, 74.0
1252998000, 44.0
1253084400, 72.0
1253170800, 84.0
1253257200, 78.0
1253343600, 74.0
1253430000, 78.0
1253516400, 69.0
1253602800, 25.0
1253689200, 36.0
1253775600, 97.0
1253862000, 91.0
1253948400, 100.0
1254034800, 87.0
1254121200, 85.0
1254207600, 88.0
1254294000, 85.0
1254380400, 82.0
1254466800, 72.0
1254553200, 58.0
1254639600, 53.0
1254726000, 55.0
1254812400, 44.0
1254898800, 60.0
1254985200, 70.0
1255071600, 79.0
1255158000, 77.0
1255244400, 74.0
1255330800, 58.0
1255417200, 57.0
1255503600, 69.0
1255590000, 71.0
1255676400, 61.0
1255762800, 57.0
1255849200, 74.0
1255935600, 112.0
1256022000, 95.0
1256108400, 80.0
1256194800, 91.0
1256281200, 89.0
1256367600, 63.0
1256454000, 76.0
1256540400, 71.0
1256626800, 65.0
1256713200, 66.0
1256799600, 46.0
1256886000, 60.0
1256972400, 46.0
1257058800, 25.0
1257148800, 33.0
1257235200, 62.0
1257321600, 64.0
1257408000, 57.0
1257494400, 62.0
1257580800, 69.0
1257667200, 73.0
1257753600, 64.0
1257840000, 78.0
1257926400, 65.0
1258012800, 66.0
1258099200, 81.0
1258185600, 79.0
1258272000, 96.0
1258358400, 97.0
1258444800, 92.0
1258531200, 79.0
1258617600, 72.0
1258704000, 86.0
1258790400, 73.0
1258876800, 106.0
1258963200, 96.0
1259049600, 93.0
1259136000, 90.0
1259222400, 84.0
1259308800, 74.0
1259395200, 71.0
1259481600, 60.0
1259568000, 75.0
1259654400, 75.0
1259740800, 94.0
1259827200, 88.0
1259913600, 36.0
1260000000, 66.0
1260086400, 105.0
1260172800, 112.0
1260259200, 105.0
1260345600, 107.0
1260432000, 104.0
1260518400, 112.0
1260604800, 110.0
1260691200, 114.0
1260777600, 107.0
1260864000, 111.0
1260950400, 137.0
1261036800, 172.0
1261123200, 225.0
1261209600, 198.0
1261296000, 175.0
1261382400, 176.0
1261468800, 162.0
1261555200, 154.0
1261641600, 154.0
1261728000, 150.0
1261814400, 174.0
1261900800, 168.0
1261987200, 137.0
1262073600, 171.0
1262160000, 141.0
1262246400, 138.0
1262332800, 134.0
1262419200, 126.0
1262505600, 186.0
1262592000, 183.0
1262678400, 198.0
1262764800, 163.0
1262851200, 154.0
1262937600, 153.0
1263024000, 151.0
1263110400, 190.0
1263196800, 159.0
1263283200, 159.0
1263369600, 166.0
1263456000, 145.0
1263542400, 141.0
1263628800, 126.0
1263715200, 131.0
1263801600, 127.0
1263888000, 124.0
1263974400, 158.0
1264060800, 183.0
1264147200, 135.0
1264233600, 161.0
1264320000, 154.0
1264406400, 215.0
1264492800, 197.0
1264579200, 164.0
1264665600, 177.0
1264752000, 198.0
1264838400, 212.0
1264924800, 166.0
1265011200, 192.0
1265097600, 145.0
1265184000, 270.0
1265270400, 233.0
1265356800, 227.0
1265443200, 194.0
1265529600, 222.0
1265616000, 205.0
1265702400, 210.0
1265788800, 169.0
1265875200, 169.0
1265961600, 187.0
1266048000, 234.0
1266134400, 212.0
1266220800, 183.0
1266307200, 199.0
1266393600, 243.0
1266480000, 211.0
1266566400, 197.0
1266652800, 209.0
1266739200, 225.0
1266825600, 263.0
1266912000, 251.0
1266998400, 173.0
1267084800, 156.0
1267171200, 174.0
1267257600, 172.0
1267344000, 157.0
1267430400, 196.0
1267516800, 189.0
1267603200, 152.0
1267689600, 186.0
1267776000, 172.0
1267862400, 178.0
1267948800, 180.0
1268035200, 128.0
1268121600, 147.0
1268208000, 168.0
1268294400, 134.0
1268380800, 121.0
1268467200, 154.0
1268553600, 125.0
1268636400, 143.0
1268722800, 129.0
1268809200, 138.0
1268895600, 148.0
1268982000, 159.0
1269068400, 202.0
1269154800, 185.0
1269241200, 181.0
1269327600, 212.0
1269414000, 177.0
1269500400, 194.0
1269586800, 199.0
1269673200, 180.0
1269759600, 186.0
1269846000, 196.0
1269932400, 216.0
1270018800, 211.0
1270105200, 168.0
1270191600, 156.0
1270278000, 164.0
1270364400, 173.0
1270450800, 174.0
1270537200, 163.0
1270623600, 198.0
1270710000, 191.0
1270796400, 225.0
1270882800, 288.0
1270969200, 247.0
1271055600, 223.0
1271142000, 193.0
1271228400, 206.0
1271314800, 275.0
1271401200, 219.0
1271487600, 233.0
1271574000, 3345.0
1271660400, 253.0
1271746800, 220.0
1271833200, 237.0
1271919600, 179.0
1272006000, 187.0
1272092400, 183.0
1272178800, 172.0
1272265200, 190.0
1272351600, 210.0
1272438000, 199.0
1272524400, 160.0
1272610800, 160.0
1272697200, 192.0
1272783600, 161.0
1272870000, 168.0
1272956400, 149.0
1273042800, 145.0
1273129200, 155.0
1273215600, 138.0
1273302000, 165.0
1273388400, 169.0
1273474800, 136.0
1273561200, 116.0
1273647600, 133.0
1273734000, 141.0
1273820400, 138.0
1273906800, 94.0
1273993200, 117.0
1274079600, 152.0
1274166000, 192.0
1274252400, 193.0
1274338800, 217.0
1274425200, 192.0
1274511600, 209.0
1274598000, 288.0
1274684400, 226.0
1274770800, 233.0
1274857200, 262.0
1274943600, 231.0
1275030000, 265.0
1275116400, 220.0
1275202800, 186.0
1275289200, 179.0
1275375600, 166.0
1275462000, 177.0
1275548400, 208.0
1275634800, 162.0
1275721200, 169.0
1275807600, 179.0
1275894000, 187.0
1275980400, 212.0
1276066800, 210.0
1276153200, 202.0
1276239600, 234.0
1276326000, 193.0
1276412400, 220.0
1276498800, 233.0
1276585200, 255.0
1276671600, 183.0
1276758000, 188.0
1276844400, 174.0
1276930800, 204.0
1277017200, 222.0
1277103600, 243.0
1277190000, 219.0
1277276400, 251.0
1277362800, 222.0
1277449200, 195.0
1277535600, 186.0
1277622000, 211.0
1277708400, 194.0
1277794800, 229.0
1277881200, 244.0
1277967600, 249.0
1278054000, 205.0
1278140400, 244.0
1278226800, 191.0
1278313200, 204.0
1278399600, 188.0
1278486000, 207.0
1278572400, 208.0
1278658800, 253.0
1278745200, 229.0
1278831600, 432.0
1278918000, 3323.0
1279004400, 1733.0
1279090800, 6478.0
1279177200, 1508.0
1279263600, 1340.0
1279350000, 447.0
1279436400, 467.0
1279522800, 605.0
1279609200, 674.0
1279695600, 469.0
1279782000, 434.0
1279868400, 434.0
1279954800, 706.0
1280041200, 1847.0
1280127600, 461.0
1280214000, 471.0
1280300400, 392.0
1280386800, 389.0
1280473200, 348.0
1280559600, 317.0
1280646000, 397.0
1280732400, 390.0
1280818800, 653.0
1280905200, 460.0
1280991600, 595.0
1281078000, 380.0
1281164400, 275.0
1281250800, 409.0
1281337200, 466.0
1281423600, 341.0
1281510000, 406.0
1281596400, 415.0
1281682800, 566.0
1281769200, 408.0
1281855600, 278.0
1281942000, 465.0
1282028400, 331.0
1282114800, 415.0
1282201200, 316.0
1282287600, 403.0
1282374000, 340.0
1282460400, 346.0
1282546800, 379.0
1282633200, 396.0
1282719600, 355.0
1282806000, 347.0
1282892400, 300.0
1282978800, 350.0
1283065200, 264.0
1283151600, 323.0
1283238000, 411.0
1283324400, 389.0
1283410800, 305.0
1283497200, 339.0
1283583600, 275.0
1283670000, 323.0
1283756400, 277.0
1283842800, 255.0
1283929200, 351.0
1284015600, 312.0
1284102000, 357.0
1284188400, 289.0
1284274800, 372.0
1284361200, 444.0
1284447600, 399.0
1284534000, 417.0
1284620400, 384.0
1284706800, 344.0
1284793200, 379.0
1284879600, 356.0
1284966000, 489.0
1285052400, 922.0
1285138800, 785.0
1285225200, 664.0
1285311600, 528.0
1285398000, 570.0
1285484400, 409.0
1285570800, 654.0
1285657200, 448.0
1285743600, 935.0
1285830000, 419.0
1285916400, 624.0
1286002800, 524.0
1286089200, 387.0
1286175600, 448.0
1286262000, 441.0
1286348400, 420.0
1286434800, 359.0
1286521200, 407.0
1286607600, 445.0
1286694000, 389.0
1286780400, 376.0
1286866800, 402.0
1286953200, 405.0
1287039600, 398.0
1287126000, 362.0
1287212400, 477.0
1287298800, 499.0
1287385200, 643.0
1287471600, 958.0
1287558000, 728.0
1287644400, 557.0
1287730800, 591.0
1287817200, 518.0
1287903600, 530.0
1287990000, 469.0
1288076400, 621.0
1288162800, 666.0
1288249200, 546.0
1288335600, 474.0
1288422000, 424.0
1288508400, 302.0
1288594800, 347.0
1288681200, 294.0
1288767600, 356.0
1288854000, 341.0
1288940400, 428.0
1289026800, 404.0
1289113200, 421.0
1289203200, 517.0
1289289600, 400.0
1289376000, 409.0
1289462400, 392.0
1289548800, 281.0
1289635200, 333.0
1289721600, 417.0
1289808000, 4164.0
1289894400, 3030.0
1289980800, 450.0
1290067200, 424.0
1290153600, 354.0
1290240000, 558.0
1290326400, 509.0
1290412800, 374.0
1290499200, 369.0
1290585600, 552.0
1290672000, 591.0
1290758400, 911.0
1290844800, 521.0
1290931200, 504.0
1291017600, 511.0
1291104000, 525.0
1291190400, 647.0
1291276800, 521.0
1291363200, 434.0
1291449600, 496.0
1291536000, 502.0
1291622400, 519.0
1291708800, 678.0
1291795200, 620.0
1291881600, 555.0
1291968000, 458.0
1292054400, 774.0
1292140800, 908.0
1292227200, 910.0
1292313600, 808.0
1292400000, 758.0
1292486400, 641.0
1292572800, 533.0
1292659200, 611.0
1292745600, 676.0
1292832000, 1027.0
1292918400, 743.0
1293004800, 787.0
1293091200, 681.0
1293177600, 615.0
1293264000, 819.0
1293350400, 720.0
1293436800, 607.0
1293523200, 751.0
1293609600, 600.0
1293696000, 676.0
1293782400, 612.0
1293868800, 750.0
1293955200, 628.0
1294041600, 910.0
1294128000, 766.0
1294214400, 970.0
1294300800, 709.0
1294387200, 863.0
1294473600, 1036.0
1294560000, 934.0
1294646400, 991.0
1294732800, 1071.0
1294819200, 881.0
1294905600, 986.0
1294992000, 900.0
1295078400, 993.0
1295164800, 1053.0
1295251200, 932.0
1295337600, 979.0
1295424000, 1043.0
1295510400, 1016.0
1295596800, 1331.0
1295683200, 1531.0
1295769600, 1243.0
1295856000, 1465.0
1295942400, 983.0
1296028800, 1044.0
1296115200, 950.0
1296201600, 1209.0
1296288000, 1501.0
1296374400, 2660.0
1296460800, 1589.0
1296547200, 1140.0
1296633600, 935.0
1296720000, 816.0
1296806400, 972.0
1296892800, 875.0
1296979200, 916.0
1297065600, 903.0
1297152000, 905.0
1297238400, 1486.0
1297324800, 2694.0
1297411200, 3408.0
1297497600, 2589.0
1297584000, 2316.0
1297670400, 2493.0
1297756800, 2505.0
1297843200, 2210.0
1297929600, 2755.0
1298016000, 2560.0
1298102400, 1973.0
1298188800, 2341.0
1298275200, 2498.0
1298361600, 2783.0
1298448000, 2786.0
1298534400, 2637.0
1298620800, 2556.0
1298707200, 2461.0
1298793600, 2674.0
1298880000, 2112.0
1298966400, 3908.0
1299052800, 2502.0
1299139200, 3832.0
1299225600, 2272.0
1299312000, 2390.0
1299398400, 2368.0
1299484800, 2347.0
1299571200, 2918.0
1299657600, 2373.0
1299744000, 2157.0
1299830400, 2097.0
1299916800, 2239.0
1300003200, 2036.0
1300086000, 1806.0
1300172400, 2446.0
1300258800, 2085.0
1300345200, 2265.0
1300431600, 2087.0
1300518000, 2238.0
1300604400, 3572.0
1300690800, 3686.0
1300777200, 2807.0
1300863600, 5557.0
1300950000, 3020.0
1301036400, 2694.0
1301122800, 3412.0
1301209200, 2978.0
1301295600, 3260.0
1301382000, 3174.0
1301468400, 2347.0
1301554800, 2678.0
1301641200, 1913.0
1301727600, 2069.0
1301814000, 2260.0
1301900400, 2988.0
1301986800, 2732.0
1302073200, 2428.0
1302159600, 2041.0
1302246000, 2209.0
1302332400, 2194.0
1302418800, 2115.0
1302505200, 2377.0
1302591600, 2516.0
1302678000, 2747.0
1302764400, 4408.0
1302850800, 2303.0
1302937200, 2458.0
1303023600, 2541.0
1303110000, 3463.0
1303196400, 4173.0
1303282800, 3363.0
1303369200, 2447.0
1303455600, 2508.0
1303542000, 2816.0
1303628400, 2679.0
1303714800, 3139.0
1303801200, 4054.0
1303887600, 5244.0
1303974000, 3935.0
1304060400, 4355.0
1304146800, 5544.0
1304233200, 4766.0
1304319600, 3661.0
1304406000, 3680.0
1304492400, 3771.0
1304578800, 4451.0
1304665200, 4398.0
1304751600, 4631.0
1304838000, 3914.0
1304924400, 4502.0
1305010800, 4017.0
1305097200, 4096.0
1305183600, 4076.0
1305270000, 5753.0
1305356400, 5733.0
1305442800, 5286.0
1305529200, 8116.0
1305615600, 6837.0
1305702000, 8402.0
1305788400, 7982.0
1305874800, 7224.0
1305961200, 6810.0
1306047600, 6805.0
1306134000, 7424.0
1306220400, 8464.0
1306306800, 9431.0
1306393200, 8715.0
1306479600, 6091.0
1306566000, 6868.0
1306652400, 6161.0
1306738800, 7751.0
1306825200, 8556.0
1306911600, 8165.0
1306998000, 9030.0
1307084400, 10709.0
1307170800, 12273.0
1307257200, 10810.0
1307343600, 12552.0
1307430000, 11419.0
1307516400, 15550.0
1307602800, 16493.0
1307689200, 14895.0
1307775600, 14210.0
1307862000, 16418.0
1307948400, 15119.0
1308034800, 18145.0
1308121200, 16641.0
1308207600, 17477.0
1308294000, 15421.0
1308380400, 16377.0
1308466800, 16372.0
1308553200, 14960.0
1308639600, 14738.0
1308726000, 15835.0
1308812400, 14008.0
1308898800, 14694.0
1308985200, 12988.0
1309071600, 14018.0
1309158000, 17672.0
1309244400, 15345.0
1309330800, 14473.0
1309417200, 13304.0
1309503600, 20343.0
1309590000, 23518.0
1309676400, 13414.0
1309762800, 13944.0
1309849200, 12516.0
1309935600, 15906.0
1310022000, 14272.0
1310108400, 14952.0
1310194800, 14120.0
1310281200, 19938.0
1310367600, 15830.0
1310454000, 13799.0
1310540400, 17165.0
1310626800, 18698.0
1310713200, 15395.0
1310799600, 14625.0
1310886000, 15530.0
1310972400, 15356.0
1311058800, 15873.0
1311145200, 15840.0
1311231600, 16486.0
1311318000, 15993.0
1311404400, 14043.0
1311490800, 14796.0
1311577200, 17022.0
1311663600, 14469.0
1311750000, 14675.0
1311836400, 16305.0
1311922800, 14070.0
1312009200, 12597.0
1312095600, 15726.0
1312182000, 15335.0
1312268400, 12619.0
1312354800, 9638.0
1312441200, 10230.0
1312527600, 13792.0
1312614000, 12704.0
1312700400, 12819.0
1312786800, 13155.0
1312873200, 14713.0
1312959600, 10496.0
1313046000, 9915.0
1313132400, 9217.0
1313218800, 11846.0
1313305200, 13203.0
1313391600, 10752.0
1313478000, 11732.0
1313564400, 11974.0
1313650800, 11918.0
1313737200, 14238.0
1313823600, 12994.0
1313910000, 14851.0
1313996400, 16250.0
1314082800, 14090.0
1314169200, 13677.0
1314255600, 14535.0
1314342000, 12402.0
1314428400, 11855.0
1314514800, 11561.0
1314601200, 11413.0
1314687600, 9275.0
1314774000, 8974.0
1314860400, 8721.0
1314946800, 8493.0
1315033200, 7478.0
1315119600, 9990.0
1315206000, 9954.0
1315292400, 10002.0
1315378800, 8782.0
1315465200, 8002.0
1315551600, 8723.0
1315638000, 7295.0
1315724400, 8157.0
1315810800, 8192.0
1315897200, 7999.0
1315983600, 7427.0
1316070000, 8035.0
1316156400, 7724.0
1316242800, 6738.0
1316329200, 7193.0
1316415600, 8421.0
1316502000, 13861.0
1316588400, 9168.0
1316674800, 10646.0
1316761200, 13625.0
1316847600, 12855.0
1316934000, 13239.0
1317020400, 11395.0
1317106800, 12057.0
1317193200, 7047.0
1317279600, 6705.0
1317366000, 7023.0
1317452400, 6364.0
1317538800, 6020.0
1317625200, 7642.0
1317711600, 7349.0
1317798000, 6934.0
1317884400, 7353.0
1317970800, 6932.0
1318057200, 6459.0
1318143600, 6513.0
1318230000, 7130.0
1318316400, 7506.0
1318402800, 7217.0
1318489200, 6237.0
1318575600, 7272.0
1318662000, 6828.0
1318748400, 6031.0
1318834800, 6918.0
1318921200, 5977.0
1319007600, 6033.0
1319094000, 5416.0
1319180400, 6334.0
1319266800, 6222.0
1319353200, 7019.0
1319439600, 7308.0
1319526000, 6553.0
1319612400, 6466.0
1319698800, 5799.0
1319785200, 6554.0
1319871600, 6781.0
1319958000, 6016.0
1320044400, 6189.0
1320130800, 7289.0
1320217200, 7216.0
1320303600, 7443.0
1320390000, 7814.0
1320476400, 7066.0
1320562800, 6068.0
1320652800, 6558.0
1320739200, 7293.0
1320825600, 7846.0
1320912000, 7782.0
1320998400, 6209.0
1321084800, 6088.0
1321171200, 6692.0
1321257600, 7048.0
1321344000, 7225.0
1321430400, 7223.0
1321516800, 5957.0
1321603200, 6510.0
1321689600, 4411.0
1321776000, 4815.0
1321862400, 4661.0
1321948800, 5332.0
1322035200, 5236.0
1322121600, 4803.0
1322208000, 5350.0
1322294400, 4609.0
1322380800, 5014.0
1322467200, 6326.0
1322553600, 7652.0
1322640000, 7166.0
1322726400, 7089.0
1322812800, 6712.0
1322899200, 5516.0
1322985600, 5553.0
1323072000, 6347.0
1323158400, 8007.0
1323244800, 6218.0
1323331200, 5248.0
1323417600, 5338.0
1323504000, 5439.0
1323590400, 4976.0
1323676800, 4651.0
1323763200, 5824.0
1323849600, 5155.0
1323936000, 4364.0
1324022400, 4816.0
1324108800, 4533.0
1324195200, 4241.0
1324281600, 5739.0
1324368000, 6163.0
1324454400, 5107.0
1324540800, 5385.0
1324627200, 5459.0
1324713600, 4269.0
1324800000, 5053.0
1324886400, 5544.0
1324972800, 5288.0
1325059200, 4483.0
1325145600, 5041.0
1325232000, 4423.0
1325318400, 4522.0
1325404800, 4552.0
1325491200, 5087.0
1325577600, 5313.0
1325664000, 5323.0
1325750400, 6960.0
1325836800, 6462.0
1325923200, 5597.0
1326009600, 6143.0
1326096000, 5845.0
1326182400, 6908.0
1326268800, 6850.0
1326355200, 6130.0
1326441600, 6520.0
1326528000, 6500.0
1326614400, 6148.0
1326700800, 6296.0
1326787200, 6438.0
1326873600, 6490.0
1326960000, 6594.0
1327046400, 6356.0
1327132800, 5630.0
1327219200, 4543.0
1327305600, 5387.0
1327392000, 6848.0
1327478400, 7682.0
1327564800, 6076.0
1327651200, 6115.0
1327737600, 5378.0
1327824000, 5750.0
1327910400, 5705.0
1327996800, 6786.0
1328083200, 6143.0
1328169600, 6838.0
1328256000, 6954.0
1328342400, 7290.0
1328428800, 6499.0
1328515200, 5915.0
1328601600, 6761.0
1328688000, 6565.0
1328774400, 6980.0
1328860800, 7648.0
1328947200, 7061.0
1329033600, 6442.0
1329120000, 7572.0
1329206400, 9200.0
1329292800, 8951.0
1329379200, 9242.0
1329465600, 6610.0
1329552000, 6376.0
1329638400, 5998.0
1329724800, 6404.0
1329811200, 6386.0
1329897600, 7133.0
1329984000, 7934.0
1330070400, 7057.0
1330156800, 5817.0
1330243200, 5438.0
1330329600, 6314.0
1330416000, 6581.0
1330502400, 6555.0
1330588800, 7027.0
1330675200, 7683.0
1330761600, 5337.0
1330848000, 6845.0
1330934400, 7227.0
1331020800, 6497.0
1331107200, 6879.0
1331193600, 6765.0
1331280000, 6471.0
1331366400, 5093.0
1331452800, 5248.0
1331535600, 5981.0
1331622000, 7570.0
1331708400, 6885.0
1331794800, 6560.0
1331881200, 6861.0
1331967600, 7377.0
1332054000, 6161.0
1332140400, 6578.0
1332226800, 6875.0
1332313200, 7119.0
1332399600, 6438.0
1332486000, 6008.0
1332572400, 6055.0
1332658800, 6030.0
1332745200, 6646.0
1332831600, 6619.0
1332918000, 7323.0
1333004400, 7461.0
1333090800, 6605.0
1333177200, 5977.0
1333263600, 5140.0
1333350000, 6284.0
1333436400, 8117.0
1333522800, 7461.0
1333609200, 7267.0
1333695600, 6729.0
1333782000, 6012.0
1333868400, 6084.0
1333954800, 6704.0
1334041200, 8162.0
1334127600, 8561.0
1334214000, 8659.0
1334300400, 7068.0
1334386800, 8114.0
1334473200, 7542.0
1334559600, 8538.0
1334646000, 8079.0
1334732400, 8962.0
1334818800, 7899.0
1334905200, 8632.0
1334991600, 7369.0
1335078000, 6494.0
1335164400, 7417.0
1335250800, 7986.0
1335337200, 7879.0
1335423600, 9513.0
1335510000, 7401.0
1335596400, 7040.0
1335682800, 6889.0
1335769200, 9286.0
1335855600, 8928.0
1335942000, 9432.0
1336028400, 10884.0
1336114800, 10635.0
1336201200, 9911.0
1336287600, 8837.0
1336374000, 13243.0
1336460400, 12524.0
1336546800, 13160.0
1336633200, 9774.0
1336719600, 14256.0
1336806000, 12770.0
1336892400, 10420.0
1336978800, 20636.0
1337065200, 15482.0
1337151600, 13251.0
1337238000, 12274.0
1337324400, 16034.0
1337410800, 20944.0
1337497200, 19113.0
1337583600, 19430.0
1337670000, 16077.0
1337756400, 17756.0
1337842800, 17188.0
1337929200, 18322.0
1338015600, 14920.0
1338102000, 16195.0
1338188400, 17790.0
1338274800, 20104.0
1338361200, 16688.0
1338447600, 16458.0
1338534000, 17072.0
1338620400, 10155.0
1338706800, 19671.0
1338793200, 27236.0
1338879600, 27120.0
1338966000, 12545.0
1339052400, 20334.0
1339138800, 14990.0
1339225200, 18407.0
1339311600, 21831.0
1339398000, 19468.0
1339484400, 11715.0
1339570800, 32208.0
1339657200, 30699.0
1339743600, 30527.0
1339830000, 25533.0
1339916400, 25815.0
1340002800, 24594.0
1340089200, 21706.0
1340175600, 18262.0
1340262000, 16844.0
1340348400, 16204.0
1340434800, 15887.0
1340521200, 15962.0
1340607600, 20175.0
1340694000, 22040.0
1340780400, 23644.0
1340866800, 19631.0
1340953200, 19543.0
1341039600, 19181.0
1341126000, 19146.0
1341212400, 21875.0
1341298800, 19554.0
1341385200, 17540.0
1341471600, 15336.0
1341558000, 16575.0
1341644400, 19662.0
1341730800, 15973.0
1341817200, 18640.0
1341903600, 23550.0
1341990000, 21133.0
1342076400, 20525.0
1342162800, 17307.0
1342249200, 17569.0
1342335600, 18252.0
1342422000, 23155.0
1342508400, 25376.0
1342594800, 20413.0
1342681200, 20322.0
1342767600, 22908.0
1342854000, 22948.0
1342940400, 25469.0
1343026800, 25554.0
1343113200, 20711.0
1343199600, 18093.0
1343286000, 17861.0
1343372400, 18366.0
1343458800, 24064.0
1343545200, 20538.0
1343631600, 21547.0
1343718000, 35017.0
1343804400, 23691.0
1343890800, 24758.0
1343977200, 21194.0
1344063600, 20242.0
1344150000, 22633.0
1344236400, 26417.0
1344322800, 23882.0
1344409200, 30648.0
1344495600, 22100.0
1344582000, 22212.0
1344668400, 22455.0
1344754800, 23882.0
1344841200, 30621.0
1344927600, 24951.0
1345014000, 28728.0
1345100400, 38746.0
1345186800, 35194.0
1345273200, 32635.0
1345359600, 27095.0
1345446000, 25188.0
1345532400, 32152.0
1345618800, 29573.0
1345705200, 26610.0
1345791600, 26265.0
1345878000, 22063.0
1345964400, 19558.0
1346050800, 22021.0
1346137200, 21145.0
1346223600, 23552.0
1346310000, 20398.0
1346396400, 29877.0
1346482800, 27754.0
1346569200, 20402.0
1346655600, 19899.0
1346742000, 24044.0
1346828400, 25699.0
1346914800, 28094.0
1347001200, 24191.0
1347087600, 19446.0
1347174000, 23976.0
1347260400, 21497.0
1347346800, 26556.0
1347433200, 18954.0
1347519600, 18639.0
1347606000, 21353.0
1347692400, 16841.0
1347778800, 16755.0
1347865200, 16870.0
1347951600, 22270.0
1348038000, 24712.0
1348124400, 27879.0
1348210800, 18958.0
1348297200, 13373.0
1348383600, 14565.0
1348470000, 17775.0
1348556400, 24928.0
1348642800, 26930.0
1348729200, 22161.0
1348815600, 26235.0
1348902000, 18256.0
1348988400, 16235.0
1349074800, 18208.0
1349161200, 28905.0
1349247600, 24230.0
1349334000, 27564.0
1349420400, 26012.0
1349506800, 23392.0
1349593200, 24579.0
1349679600, 28176.0
1349766000, 28479.0
1349852400, 26069.0
1349938800, 22444.0
1350025200, 25241.0
1350111600, 21106.0
1350198000, 21784.0
1350284400, 23558.0
1350370800, 22070.0
1350457200, 25422.0
1350543600, 23917.0
1350630000, 19920.0
1350716400, 22684.0
1350802800, 21980.0
1350889200, 23545.0
1350975600, 19531.0
1351062000, 21054.0
1351148400, 19401.0
1351234800, 18327.0
1351321200, 14034.0
1351407600, 13150.0
1351494000, 13922.0
1351580400, 18750.0
1351666800, 17607.0
1351753200, 15585.0
1351839600, 17291.0
1351926000, 17439.0
1352012400, 15060.0
1352102400, 18172.0
1352188800, 20398.0
1352275200, 22540.0
1352361600, 18823.0
1352448000, 18427.0
1352534400, 16235.0
1352620800, 14791.0
1352707200, 16353.0
1352793600, 17434.0
1352880000, 20539.0
1352966400, 25812.0
1353052800, 26547.0
1353139200, 29176.0
1353225600, 24443.0
1353312000, 23456.0
1353398400, 24807.0
1353484800, 24035.0
1353571200, 22544.0
1353657600, 17219.0
1353744000, 18442.0
1353830400, 18296.0
1353916800, 21167.0
1354003200, 19229.0
1354089600, 21791.0
1354176000, 21000.0
1354262400, 18936.0
1354348800, 17751.0
1354435200, 12940.0
1354521600, 14393.0
1354608000, 20435.0
1354694400, 22788.0
1354780800, 22208.0
1354867200, 21429.0
1354953600, 21242.0
1355040000, 20448.0
1355126400, 17072.0
1355212800, 20381.0
1355299200, 22169.0
1355385600, 25810.0
1355472000, 23217.0
1355558400, 19292.0
1355644800, 19796.0
1355731200, 23936.0
1355817600, 29126.0
1355904000, 24518.0
1355990400, 21270.0
1356076800, 26164.0
1356163200, 35533.0
1356249600, 20704.0
1356336000, 20309.0
1356422400, 16755.0
1356508800, 16508.0
1356595200, 18818.0
1356681600, 23590.0
1356768000, 19968.0
1356854400, 27946.0
1356940800, 18752.0
1357027200, 20052.0
1357113600, 24210.0
1357200000, 30280.0
1357286400, 25735.0
1357372800, 27476.0
1357459200, 20783.0
1357545600, 24567.0
1357632000, 25726.0
1357718400, 27604.0
1357804800, 30600.0
1357891200, 33792.0
1357977600, 24975.0
1358064000, 28083.0
1358150400, 23709.0
1358236800, 29837.0
1358323200, 32889.0
1358409600, 30658.0
1358496000, 31070.0
1358582400, 26237.0
1358668800, 25005.0
1358755200, 23037.0
1358841600, 27172.0
1358928000, 25611.0
1359014400, 28656.0
1359100800, 28791.0
1359187200, 31468.0
1359273600, 29051.0
1359360000, 27372.0
1359446400, 28678.0
1359532800, 23427.0
1359619200, 25444.0
1359705600, 35169.0
1359792000, 31395.0
1359878400, 30140.0
1359964800, 29480.0
1360051200, 32877.0
1360137600, 28745.0
1360224000, 31723.0
1360310400, 32779.0
1360396800, 29782.0
1360483200, 33599.0
1360569600, 28282.0
1360656000, 29149.0
1360742400, 28447.0
1360828800, 26911.0
1360915200, 27007.0
1361001600, 23732.0
1361088000, 24460.0
1361174400, 25907.0
1361260800, 26459.0
1361347200, 27099.0
1361433600, 28829.0
1361520000, 31317.0
1361606400, 29792.0
1361692800, 29512.0
1361779200, 28993.0
1361865600, 31459.0
1361952000, 27579.0
1362038400, 30712.0
1362124800, 34537.0
1362211200, 24463.0
1362297600, 22953.0
1362384000, 27131.0
1362470400, 30872.0
1362556800, 35637.0
1362643200, 33893.0
1362729600, 30703.0
1362816000, 26833.0
1362902400, 30343.0
1362985200, 25915.0
1363071600, 30000.0
1363158000, 32865.0
1363244400, 30978.0
1363330800, 35170.0
1363417200, 23901.0
1363503600, 25485.0
1363590000, 30291.0
1363676400, 34840.0
1363762800, 31393.0
1363849200, 33254.0
1363935600, 38487.0
1364022000, 31330.0
1364108400, 39881.0
1364194800, 33387.0
1364281200, 35810.0
1364367600, 37358.0
1364454000, 41435.0
1364540400, 45704.0
1364626800, 39850.0
1364713200, 29625.0
1364799600, 37307.0
1364886000, 48213.0
1364972400, 53982.0
1365058800, 56449.0
1365145200, 56067.0
1365231600, 45698.0
1365318000, 49749.0
1365404400, 61345.0
1365490800, 61059.0
1365577200, 74174.0
1365663600, 61554.0
1365750000, 53362.0
1365836400, 43164.0
1365922800, 34109.0
1366009200, 45568.0
1366095600, 52637.0
1366182000, 51892.0
1366268400, 42677.0
1366354800, 52641.0
1366441200, 37426.0
1366527600, 33547.0
1366614000, 41437.0
1366700400, 48758.0
1366786800, 49291.0
1366873200, 46645.0
1366959600, 42841.0
1367046000, 39998.0
1367132400, 78956.0
1367218800, 40238.0
1367305200, 32308.0
1367391600, 39988.0
1367478000, 38350.0
1367564400, 36218.0
1367650800, 30887.0
1367737200, 31991.0
1367823600, 36104.0
1367910000, 40905.0
1367996400, 41473.0
1368082800, 43671.0
1368169200, 42643.0
1368255600, 41434.0
1368342000, 34714.0
1368428400, 37455.0
1368514800, 41803.0
1368601200, 41924.0
1368687600, 39975.0
1368774000, 37654.0
1368860400, 32729.0
1368946800, 30712.0
1369033200, 34123.0
1369119600, 41124.0
1369206000, 36101.0
1369292400, 42442.0
1369378800, 40451.0
1369465200, 31554.0
1369551600, 27799.0
1369638000, 32183.0
1369724400, 37277.0
1369810800, 40559.0
1369897200, 38338.0
1369983600, 37821.0
1370070000, 33065.0
1370156400, 29400.0
1370242800, 35397.0
1370329200, 38091.0
1370415600, 34650.0
1370502000, 36383.0
1370588400, 39295.0
1370674800, 28296.0
1370761200, 26798.0
1370847600, 31253.0
1370934000, 33023.0
1371020400, 30679.0
1371106800, 33849.0
1371193200, 43490.0
1371279600, 27776.0
1371366000, 24354.0
1371452400, 29965.0
1371538800, 33041.0
1371625200, 36662.0
1371711600, 35885.0
1371798000, 38076.0
1371884400, 30147.0
1371970800, 25149.0
1372057200, 33080.0
1372143600, 32687.0
1372230000, 32896.0
1372316400, 32496.0
1372402800, 38512.0
1372489200, 28845.0
1372575600, 25066.0
1372662000, 36265.0
1372748400, 33957.0
1372834800, 34587.0
1372921200, 31940.0
1373007600, 32360.0
1373094000, 26908.0
1373180400, 22921.0
1373266800, 34866.0
1373353200, 37299.0
1373439600, 35047.0
1373526000, 44476.0
1373612400, 49666.0
1373698800, 33915.0
1373785200, 23652.0
1373871600, 31249.0
1373958000, 37771.0
1374044400, 35317.0
1374130800, 34407.0
1374217200, 33515.0
1374303600, 26221.0
1374390000, 27608.0
1374476400, 33798.0
1374562800, 35482.0
1374649200, 35162.0
1374735600, 37181.0
1374822000, 34522.0
1374908400, 27173.0
1374994800, 26736.0
1375081200, 36780.0
1375167600, 40732.0
1375254000, 48108.0
1375340400, 83188.0
1375426800, 47798.0
1375513200, 35555.0
1375599600, 32362.0
1375686000, 44275.0
1375772400, 43681.0
1375858800, 45686.0
1375945200, 43771.0
1376031600, 38398.0
1376118000, 37188.0
1376204400, 29171.0
1376290800, 70913.0
1376377200, 43976.0
1376463600, 46507.0
1376550000, 45341.0
1376636400, 53271.0
1376722800, 36754.0
1376809200, 33032.0
1376895600, 50179.0
1376982000, 47736.0
1377068400, 48544.0
1377154800, 52852.0
1377241200, 43801.0
1377327600, 36849.0
1377414000, 33096.0
1377500400, 44214.0
1377586800, 51940.0
1377673200, 52662.0
1377759600, 46303.0
1377846000, 56065.0
1377932400, 60546.0
1378018800, 29743.0
1378105200, 33287.0
1378191600, 38706.0
1378278000, 42353.0
1378364400, 40926.0
1378450800, 40150.0
1378537200, 34991.0
1378623600, 29455.0
1378710000, 38459.0
1378796400, 36817.0
1378882800, 42350.0
1378969200, 43437.0
1379055600, 38698.0
1379142000, 28951.0
1379228400, 27834.0
1379314800, 38729.0
1379401200, 40977.0
1379487600, 42985.0
1379574000, 44586.0
1379660400, 42303.0
1379746800, 35691.0
1379833200, 31236.0
1379919600, 43299.0
1380006000, 43855.0
1380092400, 40426.0
1380178800, 43181.0
1380265200, 41059.0
1380351600, 34637.0
1380438000, 33783.0
1380524400, 42535.0
1380610800, 48815.0
1380697200, 51739.0
1380783600, 43581.0
1380870000, 40347.0
1380956400, 31689.0
1381042800, 30866.0
1381129200, 40003.0
1381215600, 42014.0
1381302000, 45135.0
1381388400, 46270.0
1381474800, 44214.0
1381561200, 36883.0
1381647600, 45773.0
1381734000, 42917.0
1381820400, 46043.0
1381906800, 50710.0
1381993200, 43280.0
1382079600, 47967.0
1382166000, 49664.0
1382252400, 40930.0
1382338800, 50654.0
1382425200, 60663.0
1382511600, 55729.0
1382598000, 60685.0
1382684400, 53571.0
1382770800, 38279.0
1382857200, 33697.0
1382943600, 44773.0
1383030000, 46308.0
1383116400, 50912.0
1383202800, 51332.0
1383289200, 46915.0
1383375600, 40624.0
1383462000, 40280.0
1383552000, 53721.0
1383638400, 64952.0
1383724800, 64861.0
1383811200, 77523.0
1383897600, 74380.0
1383984000, 70843.0
1384070400, 60757.0
1384156800, 54494.0
1384243200, 62399.0
1384329600, 66004.0
1384416000, 75231.0
1384502400, 66443.0
1384588800, 55431.0
1384675200, 57956.0
1384761600, 98502.0
1384848000, 122572.0
1384934400, 94630.0
1385020800, 86990.0
1385107200, 92544.0
1385193600, 89493.0
1385280000, 66866.0
1385366400, 80769.0
1385452800, 105751.0
1385539200, 120841.0
1385625600, 119040.0
1385712000, 111897.0
1385798400, 93991.0
1385884800, 91319.0
1385971200, 98141.0
1386057600, 103176.0
1386144000, 107125.0
1386230400, 112006.0
1386316800, 94724.0
1386403200, 85375.0
1386489600, 58962.0
1386576000, 85055.0
1386662400, 81953.0
1386748800, 83334.0
1386835200, 71487.0
1386921600, 78045.0
1387008000, 72733.0
1387094400, 66580.0
1387180800, 90229.0
1387267200, 84748.0
1387353600, 100582.0
1387440000, 85311.0
1387526400, 76368.0
1387612800, 67674.0
1387699200, 62104.0
1387785600, 78885.0
1387872000, 74616.0
1387958400, 76569.0
1388044800, 64676.0
1388131200, 67395.0
1388217600, 58177.0
1388304000, 55498.0
1388390400, 75277.0
1388476800, 60341.0
1388563200, 48019.0
1388649600, 68177.0
1388736000, 76353.0
1388822400, 59231.0
1388908800, 70154.0
1388995200, 87273.0
1389081600, 73114.0
1389168000, 79828.0
1389254400, 70523.0
1389340800, 64449.0
1389427200, 64360.0
1389513600, 57129.0
1389600000, 69055.0
1389686400, 65107.0
1389772800, 68195.0
1389859200, 60764.0
1389945600, 61997.0
1390032000, 53112.0
1390118400, 54285.0
1390204800, 80620.0
1390291200, 84647.0
1390377600, 77164.0
1390464000, 70169.0
1390550400, 70470.0
1390636800, 59041.0
1390723200, 62533.0
1390809600, 78095.0
1390896000, 81452.0
1390982400, 70559.0
1391068800, 76743.0
1391155200, 78356.0
1391241600, 71964.0
1391328000, 68741.0
1391414400, 80760.0
1391500800, 91543.0
1391587200, 78789.0
1391673600, 84358.0
1391760000, 88696.0
1391846400, 75840.0
1391932800, 60721.0
1392019200, 73709.0
1392105600, 73732.0
1392192000, 70160.0
1392278400, 75935.0
1392364800, 84233.0
1392451200, 77194.0
1392537600, 59248.0
1392624000, 71899.0
1392710400, 79512.0
1392796800, 98784.0
1392883200, 102554.0
1392969600, 104252.0
1393056000, 83764.0
1393142400, 93780.0
1393228800, 113448.0
1393315200, 121917.0
1393401600, 110798.0
1393488000, 95282.0
1393574400, 92213.0
1393660800, 100314.0
1393747200, 80943.0
1393833600, 123704.0
1393920000, 132681.0
1394006400, 115224.0
1394092800, 110212.0
1394179200, 104344.0
1394265600, 100138.0
1394352000, 93328.0
1394434800, 93255.0
1394521200, 96988.0
1394607600, 108019.0
1394694000, 103244.0
1394780400, 82205.0
1394866800, 67564.0
1394953200, 62164.0
1395039600, 84914.0
1395126000, 67630.0
1395212400, 76462.0
1395298800, 79658.0
1395385200, 103332.0
1395471600, 82234.0
1395558000, 69513.0
1395644400, 89699.0
1395730800, 89814.0
1395817200, 91620.0
1395903600, 107356.0
1395990000, 103440.0
1396076400, 73712.0
1396162800, 67142.0
1396249200, 95407.0
1396335600, 101915.0
1396422000, 100908.0
1396508400, 71028.0
1396594800, 104273.0
1396681200, 85014.0
1396767600, 83318.0
1396854000, 88556.0
1396940400, 90647.0
1397026800, 101079.0
1397113200, 102247.0
1397199600, 97100.0
1397286000, 70940.0
1397372400, 75626.0
1397458800, 104677.0
1397545200, 99558.0
1397631600, 91364.0
1397718000, 81654.0
1397804400, 80500.0
1397890800, 74732.0
1397977200, 68594.0
1398063600, 73515.0
1398150000, 103829.0
1398236400, 84025.0
1398322800, 84889.0
1398409200, 98654.0
1398495600, 70841.0
1398582000, 66300.0
1398668400, 90826.0
1398754800, 91454.0
1398841200, 90000.0
1398927600, 84542.0
1399014000, 76011.0
1399100400, 54874.0
1399186800, 54960.0
1399273200, 77156.0
1399359600, 92947.0
1399446000, 90454.0
1399532400, 94441.0
1399618800, 88934.0
1399705200, 73025.0
1399791600, 61414.0
1399878000, 78124.0
1399964400, 74731.0
1400050800, 86182.0
1400137200, 101436.0
1400223600, 72876.0
1400310000, 67173.0
1400396400, 69470.0
1400482800, 84818.0
1400569200, 103197.0
1400655600, 79555.0
1400742000, 86120.0
1400828400, 97999.0
1400914800, 58745.0
1401001200, 81813.0
1401087600, 90506.0
1401174000, 98821.0
1401260400, 106504.0
1401346800, 94182.0
1401433200, 77547.0
1401519600, 74409.0
1401606000, 85202.0
1401692400, 93839.0
1401778800, 105598.0
1401865200, 94674.0
1401951600, 100890.0
1402038000, 91416.0
1402124400, 74271.0
1402210800, 71690.0
1402297200, 86233.0
1402383600, 88840.0
1402470000, 92463.0
1402556400, 91207.0
1402642800, 90754.0
1402729200, 77073.0
1402815600, 68905.0
1402902000, 95358.0
1402988400, 101596.0
1403074800, 90556.0
1403161200, 79473.0
1403247600, 81418.0
1403334000, 79569.0
1403420400, 75883.0
1403506800, 79326.0
1403593200, 93783.0
1403679600, 95925.0
1403766000, 85908.0
1403852400, 92047.0
1403938800, 72500.0
1404025200, 67223.0
1404111600, 96140.0
1404198000, 101867.0
1404284400, 98373.0
1404370800, 84216.0
1404457200, 70610.0
1404543600, 61234.0
1404630000, 77740.0
1404716400, 94289.0
1404802800, 112863.0
1404889200, 100118.0
1404975600, 98125.0
1405062000, 94996.0
1405148400, 70875.0
1405234800, 80978.0
1405321200, 85372.0
1405407600, 100498.0
1405494000, 91416.0
1405580400, 94248.0
1405666800, 91371.0
1405753200, 84580.0
1405839600, 80367.0
1405926000, 82299.0
1406012400, 89503.0
1406098800, 100898.0
1406185200, 93848.0
1406271600, 97005.0
1406358000, 72863.0
1406444400, 70520.0
1406530800, 94481.0
1406617200, 91329.0
1406703600, 103965.0
1406790000, 94927.0
1406876400, 95026.0
1406962800, 75513.0
1407049200, 63200.0
1407135600, 78146.0
1407222000, 112876.0
1407308400, 114593.0
1407394800, 95836.0
1407481200, 98584.0
1407567600, 82052.0
1407654000, 80183.0
1407740400, 108941.0
1407826800, 114093.0
1407913200, 114074.0
1407999600, 106291.0
1408086000, 101137.0
1408172400, 99686.0
1408258800, 82248.0
1408345200, 105145.0
1408431600, 108836.0
1408518000, 109512.0
1408604400, 106556.0
1408690800, 100686.0
1408777200, 82290.0
1408863600, 84568.0
1408950000, 99052.0
1409036400, 107467.0
1409122800, 103107.0
1409209200, 99034.0
1409295600, 89639.0
1409382000, 81480.0
1409468400, 78539.0
1409554800, 92452.0
1409641200, 99025.0
1409727600, 94617.0
1409814000, 102465.0
1409900400, 102258.0
1409986800, 83182.0
1410073200, 92376.0
1410159600, 106394.0
1410246000, 117908.0
1410332400, 107003.0
1410418800, 96640.0
1410505200, 99210.0
1410591600, 85115.0
1410678000, 99381.0
1410764400, 103657.0
1410850800, 124900.0
1410937200, 109055.0
1411023600, 108643.0
1411110000, 94991.0
1411196400, 86400.0
1411282800, 69458.0
1411369200, 106455.0
1411455600, 110314.0
1411542000, 102670.0
1411628400, 109866.0
1411714800, 100160.0
1411801200, 86901.0
1411887600, 87828.0
1411974000, 105191.0
1412060400, 112875.0
1412146800, 118585.0
1412233200, 105515.0
1412319600, 83659.0
1412406000, 72466.0
1412492400, 91111.0
1412578800, 100037.0
1412665200, 113070.0
1412751600, 113310.0
1412838000, 109872.0
1412924400, 110683.0
1413010800, 88637.0
1413097200, 85627.0
1413183600, 113401.0
1413270000, 118874.0
1413356400, 119307.0
1413442800, 110687.0
1413529200, 108298.0
1413615600, 89906.0
1413702000, 86021.0
1413788400, 111747.0
1413874800, 121074.0
1413961200, 113937.0
1414047600, 116895.0
1414134000, 110902.0
1414220400, 94938.0
1414306800, 90874.0
1414393200, 120481.0
1414479600, 116286.0
1414566000, 120325.0
1414652400, 122142.0
1414738800, 116450.0
1414825200, 91752.0
1414911600, 104704.0
1415001600, 120093.0
1415088000, 118824.0
1415174400, 119283.0
1415260800, 123500.0
1415347200, 107898.0
1415433600, 89108.0
1415520000, 98938.0
1415606400, 113323.0
1415692800, 115676.0
1415779200, 135907.0
1415865600, 125294.0
1415952000, 120629.0
1416038400, 97046.0
1416124800, 95864.0
1416211200, 117512.0
1416297600, 118772.0
1416384000, 115653.0
1416470400, 124668.0
1416556800, 112156.0
1416643200, 98407.0
1416729600, 94227.0
1416816000, 107330.0
1416902400, 118726.0
1416988800, 115973.0
1417075200, 118251.0
1417161600, 113328.0
1417248000, 99249.0
1417334400, 107481.0
1417420800, 117566.0
1417507200, 145224.0
1417593600, 131184.0
1417680000, 128820.0
1417766400, 121754.0
1417852800, 99827.0
1417939200, 96643.0
1418025600, 131855.0
1418112000, 126693.0
1418198400, 126715.0
1418284800, 119161.0
1418371200, 120538.0
1418457600, 105893.0
1418544000, 114714.0
1418630400, 131786.0
1418716800, 150978.0
1418803200, 148876.0
1418889600, 132915.0
1418976000, 116281.0
1419062400, 125004.0
1419148800, 107899.0
1419235200, 138773.0
1419321600, 136946.0
1419408000, 107953.0
1419494400, 84753.0
1419580800, 98342.0
1419667200, 103351.0
1419753600, 101217.0
1419840000, 107999.0
1419926400, 113692.0
1420012800, 100999.0
1420099200, 72664.0
1420185600, 103720.0
1420272000, 106578.0
1420358400, 110342.0
1420444800, 126621.0
1420531200, 121178.0
1420617600, 119484.0
1420704000, 131084.0
1420790400, 128006.0
1420876800, 123857.0
1420963200, 109729.0
1421049600, 123379.0
1421136000, 145993.0
1421222400, 156762.0
1421308800, 159763.0
1421395200, 138897.0
1421481600, 134072.0
1421568000, 113261.0
1421654400, 130520.0
1421740800, 130643.0
1421827200, 131529.0
1421913600, 129292.0
1422000000, 116122.0
1422086400, 103949.0
1422172800, 123216.0
1422259200, 140372.0
1422345600, 140577.0
1422432000, 97415.0
1422518400, 110806.0
1422604800, 97192.0
1422691200, 133516.0
1422777600, 109435.0
1422864000, 118011.0
1422950400, 135815.0
1423036800, 131406.0
1423123200, 119817.0
1423209600, 121049.0
1423296000, 105258.0
1423382400, 107706.0
1423468800, 126280.0
1423555200, 123045.0
1423641600, 128422.0
1423728000, 127667.0
1423814400, 166283.0
1423900800, 123335.0
1423987200, 123625.0
1424073600, 133094.0
1424160000, 143961.0
1424246400, 133047.0
1424332800, 116455.0
1424419200, 125051.0
1424505600, 117751.0
1424592000, 110312.0
1424678400, 130891.0
1424764800, 132210.0
1424851200, 132681.0
1424937600, 130692.0
1425024000, 130923.0
1425110400, 109986.0
1425196800, 113435.0
1425283200, 143092.0
1425369600, 148477.0
1425456000, 131591.0
1425542400, 144518.0
1425628800, 125664.0
1425715200, 109741.0
1425801600, 100649.0
1425884400, 129485.0
1425970800, 140374.0
1426057200, 139903.0
1426143600, 132752.0
1426230000, 127789.0
1426316400, 118578.0
1426402800, 101154.0
1426489200, 129458.0
1426575600, 124383.0
1426662000, 120642.0
1426748400, 128360.0
1426834800, 129792.0
1426921200, 111481.0
1427007600, 111474.0
1427094000, 131146.0
1427180400, 120840.0
1427266800, 124864.0
1427353200, 122448.0
1427439600, 126392.0
1427526000, 106354.0
1427612400, 108581.0
1427698800, 137821.0
1427785200, 146916.0
1427871600, 159525.0
1427958000, 146114.0
1428044400, 128777.0
1428130800, 111835.0
1428217200, 103469.0
1428303600, 128342.0
1428390000, 142618.0
1428476400, 145482.0
1428562800, 142055.0
1428649200, 141588.0
1428735600, 123213.0
1428822000, 108137.0
1428908400, 144022.0
1428994800, 137788.0
1429081200, 124103.0
1429167600, 122985.0
1429254000, 120813.0
1429340400, 106696.0
1429426800, 104636.0
1429513200, 129362.0
1429599600, 135240.0
1429686000, 138976.0
1429772400, 137060.0
1429858800, 133476.0
1429945200, 118976.0
1430031600, 113346.0
1430118000, 137472.0
1430204400, 138545.0
1430290800, 144958.0
1430377200, 139255.0
1430463600, 123134.0
1430550000, 118787.0
1430636400, 98678.0
1430722800, 128119.0
1430809200, 145680.0
1430895600, 148279.0
1430982000, 142936.0
1431068400, 141550.0
1431154800, 115675.0
1431241200, 107245.0
1431327600, 142695.0
1431414000, 147187.0
1431500400, 136658.0
1431586800, 133661.0
1431673200, 133515.0
1431759600, 125209.0
1431846000, 105549.0
1431932400, 124088.0
1432018800, 141253.0
1432105200, 139865.0
1432191600, 129349.0
1432278000, 130979.0
1432364400, 106097.0
1432450800, 116514.0
1432537200, 128919.0
1432623600, 140502.0
1432710000, 142086.0
1432796400, 139781.0
1432882800, 159282.0
1432969200, 160993.0
1433055600, 136967.0
1433142000, 170258.0
1433228400, 169462.0
1433314800, 168175.0
1433401200, 156257.0
1433487600, 147883.0
1433574000, 125138.0
1433660400, 106583.0
1433746800, 115655.0
1433833200, 155583.0
1433919600, 192179.0
1434006000, 161375.0
1434092400, 167060.0
1434178800, 128853.0
1434265200, 139626.0
1434351600, 174587.0
1434438000, 156838.0
1434524400, 182925.0
1434610800, 162109.0
1434697200, 167735.0
1434783600, 126755.0
1434870000, 118509.0
1434956400, 143615.0
1435042800, 168762.0
1435129200, 150374.0
1435215600, 117495.0
1435302000, 169851.0
1435388400, 148464.0
1435474800, 123764.0
1435561200, 153232.0
1435647600, 186965.0
1435734000, 171080.0
1435820400, 186620.0
1435906800, 170140.0
1435993200, 134176.0
1436079600, 153099.0
1436166000, 208032.0
1436252400, 208491.0
1436338800, 211859.0
1436425200, 188815.0
1436511600, 189447.0
1436598000, 170609.0
1436684400, 163315.0
1436770800, 162439.0
1436857200, 157093.0
1436943600, 151153.0
1437030000, 147466.0
1437116400, 140737.0
1437202800, 126538.0
1437289200, 116011.0
1437375600, 162703.0
1437462000, 183960.0
1437548400, 174101.0
1437634800, 145794.0
1437721200, 145654.0
1437807600, 123665.0
1437894000, 125831.0
1437980400, 149290.0
1438066800, 154783.0
1438153200, 186619.0
1438239600, 160999.0
1438326000, 171234.0
1438412400, 149374.0
1438498800, 124291.0
1438585200, 148096.0
1438671600, 169240.0
1438758000, 175297.0
1438844400, 164772.0
1438930800, 146629.0
1439017200, 135220.0
1439103600, 107993.0
1439190000, 145184.0
1439276400, 148866.0
1439362800, 156360.0
1439449200, 153130.0
1439535600, 149527.0
1439622000, 133245.0
1439708400, 120302.0
1439794800, 152449.0
1439881200, 162291.0
1439967600, 160427.0
1440054000, 151063.0
1440140400, 163896.0
1440226800, 160902.0
1440313200, 131395.0
1440399600, 162213.0
1440486000, 156167.0
1440572400, 155823.0
1440658800, 157602.0
1440745200, 161359.0
1440831600, 142874.0
1440918000, 127786.0
1441004400, 158147.0
1441090800, 166786.0
1441177200, 177409.0
1441263600, 165943.0
1441350000, 140596.0
1441436400, 159322.0
1441522800, 137930.0
1441609200, 172928.0
1441695600, 184310.0
1441782000, 182766.0
1441868400, 166616.0
1441954800, 202529.0
1442041200, 157096.0
1442127600, 137437.0
1442214000, 164822.0
1442300400, 173786.0
1442386800, 167170.0
1442473200, 173238.0
1442559600, 170661.0
1442646000, 143758.0
1442732400, 162848.0
1442818800, 206311.0
1442905200, 206993.0
1442991600, 164046.0
1443078000, 161832.0
1443164400, 164229.0
1443250800, 141410.0
1443337200, 132671.0
1443423600, 164891.0
1443510000, 179681.0
1443596400, 164744.0
1443682800, 158894.0
1443769200, 165235.0
1443855600, 138533.0
1443942000, 118104.0
1444028400, 135459.0
1444114800, 151409.0
1444201200, 160838.0
1444287600, 180543.0
1444374000, 130353.0
1444460400, 144781.0
1444546800, 114856.0
1444633200, 141606.0
1444719600, 146265.0
1444806000, 166926.0
1444892400, 200358.0
1444978800, 177803.0
1445065200, 171241.0
1445151600, 150760.0
1445238000, 183285.0
1445324400, 192185.0
1445410800, 190387.0
1445497200, 185525.0
1445583600, 183279.0
1445670000, 186463.0
1445756400, 168589.0
1445842800, 164771.0
1445929200, 177129.0
1446015600, 181343.0
1446102000, 186015.0
1446188400, 191034.0
1446274800, 181870.0
1446361200, 170884.0
1446451200, 204848.0
1446537600, 238164.0
1446624000, 265518.0
1446710400, 228712.0
1446796800, 211920.0
1446883200, 193079.0
1446969600, 183092.0
1447056000, 197478.0
1447142400, 199110.0
1447228800, 195548.0
1447315200, 190771.0
1447401600, 188884.0
1447488000, 180114.0
1447574400, 176004.0
1447660800, 194803.0
1447747200, 200263.0
1447833600, 215184.0
1447920000, 191714.0
1448006400, 187336.0
1448092800, 182513.0
1448179200, 162383.0
1448265600, 177508.0
1448352000, 195980.0
1448438400, 188986.0
1448524800, 194472.0
1448611200, 181399.0
1448697600, 193341.0
1448784000, 146404.0
1448870400, 232132.0
1448956800, 221054.0
1449043200, 225520.0
1449129600, 190060.0
1449216000, 218981.0
1449302400, 225096.0
1449388800, 200293.0
1449475200, 221611.0
1449561600, 230144.0
1449648000, 270462.0
1449734400, 280826.0
1449820800, 262290.0
1449907200, 278110.0
1449993600, 223901.0
1450080000, 268221.0
1450166400, 262442.0
1450252800, 254828.0
1450339200, 245976.0
1450425600, 245379.0
1450512000, 253395.0
1450598400, 225648.0
1450684800, 255395.0
1450771200, 248985.0
1450857600, 254673.0
1450944000, 237590.0
1451030400, 195488.0
1451116800, 187326.0
1451203200, 172459.0
1451289600, 202435.0
1451376000, 212184.0
1451462400, 207283.0
1451548800, 183067.0
1451635200, 145929.0
1451721600, 182152.0
1451808000, 173602.0
1451894400, 215838.0
1451980800, 222472.0
1452067200, 206177.0
1452153600, 227654.0
1452240000, 217243.0
1452326400, 223188.0
1452412800, 205563.0
1452499200, 232856.0
1452585600, 238902.0
1452672000, 224621.0
1452758400, 225226.0
1452844800, 223698.0
1452931200, 255698.0
1453017600, 250181.0
1453104000, 256535.0
1453190400, 211515.0
1453276800, 270255.0
1453363200, 274042.0
1453449600, 260437.0
1453536000, 236969.0
1453622400, 236758.0
1453708800, 275657.0
1453795200, 289180.0
1453881600, 280153.0
1453968000, 294514.0
1454054400, 294252.0
1454140800, 250275.0
1454227200, 224143.0
1454313600, 281213.0
1454400000, 323084.0
1454486400, 248231.0
1454572800, 250339.0
1454659200, 273965.0
1454745600, 266980.0
1454832000, 277747.0
1454918400, 263646.0
1455004800, 278139.0
1455091200, 278063.0
1455177600, 283993.0
1455264000, 270711.0
1455350400, 239134.0
1455436800, 227285.0
1455523200, 261953.0
1455609600, 259668.0
1455696000, 291921.0
1455782400, 270175.0
1455868800, 267219.0
1455955200, 257773.0
1456041600, 238669.0
1456128000, 282663.0
1456214400, 282449.0
1456300800, 246796.0
1456387200, 266077.0
1456473600, 244287.0
1456560000, 234817.0
1456646400, 270660.0
1456732800, 280470.0
1456819200, 288929.0
1456905600, 301110.0
1456992000, 238493.0
1457078400, 232633.0
1457164800, 249549.0
1457251200, 180529.0
1457337600, 206320.0
1457424000, 236261.0
1457510400, 222083.0
1457596800, 224858.0
1457683200, 221708.0
1457769600, 197289.0
1457856000, 182140.0
1457938800, 219874.0
1458025200, 229215.0
1458111600, 245727.0
1458198000, 242486.0
1458284400, 235448.0
1458370800, 207297.0
1458457200, 208722.0
1458543600, 224431.0
1458630000, 237074.0
1458716400, 222554.0
1458802800, 216768.0
1458889200, 201824.0
1458975600, 180217.0
1459062000, 176067.0
1459148400, 213211.0
1459234800, 221561.0
1459321200, 227802.0
1459407600, 222865.0
1459494000, 230839.0
1459580400, 206679.0
1459666800, 202481.0
1459753200, 240041.0
1459839600, 238636.0
1459926000, 242854.0
1460012400, 234562.0
1460098800, 228588.0
1460185200, 214239.0
1460271600, 202730.0
1460358000, 232531.0
1460444400, 259991.0
1460530800, 243134.0
1460617200, 241728.0
1460703600, 221808.0
1460790000, 200640.0
1460876400, 213303.0
1460962800, 231174.0
1461049200, 242554.0
1461135600, 237738.0
1461222000, 240430.0
1461308400, 229774.0
1461394800, 202502.0
1461481200, 200768.0
1461567600, 238537.0
1461654000, 266299.0
1461740400, 247243.0
1461826800, 233887.0
1461913200, 249809.0
1461999600, 221451.0
1462086000, 191672.0
1462172400, 217154.0
1462258800, 223507.0
1462345200, 218131.0
1462431600, 215402.0
1462518000, 216013.0
1462604400, 193735.0
1462690800, 184117.0
1462777200, 225308.0
1462863600, 233419.0
1462950000, 225774.0
1463036400, 221393.0
1463122800, 220727.0
1463209200, 202527.0
1463295600, 187339.0
1463382000, 234643.0
1463468400, 229349.0
1463554800, 235513.0
1463641200, 219757.0
1463727600, 205922.0
1463814000, 191776.0
1463900400, 177748.0
1463986800, 221393.0
1464073200, 235931.0
1464159600, 236493.0
1464246000, 224001.0
1464332400, 232559.0
1464418800, 213759.0
1464505200, 188747.0
1464591600, 222247.0
1464678000, 227715.0
1464764400, 243061.0
1464850800, 234262.0
1464937200, 242696.0
1465023600, 201844.0
1465110000, 197159.0
1465196400, 236936.0
1465282800, 246725.0
1465369200, 238742.0
1465455600, 254369.0
1465542000, 244680.0
1465628400, 220374.0
1465714800, 218744.0
1465801200, 262927.0
1465887600, 258102.0
1465974000, 274156.0
1466060400, 278927.0
1466146800, 271923.0
1466233200, 245516.0
1466319600, 223799.0
1466406000, 266083.0
1466492400, 269876.0
1466578800, 250578.0
1466665200, 262570.0
1466751600, 257554.0
1466838000, 222765.0
1466924400, 195779.0
1467010800, 235894.0
1467097200, 249914.0
1467183600, 240984.0
1467270000, 253660.0
1467356400, 232779.0
1467442800, 217044.0
1467529200, 195951.0
1467615600, 234875.0
1467702000, 237979.0
1467788400, 240717.0
1467874800, 243636.0
1467961200, 226411.0
1468047600, 209455.0
1468134000, 184132.0
1468220400, 233681.0
1468306800, 243986.0
1468393200, 234010.0
1468479600, 235016.0
1468566000, 231038.0
1468652400, 207215.0
1468738800, 187676.0
1468825200, 235775.0
1468911600, 229851.0
1468998000, 240413.0
1469084400, 225933.0
1469170800, 230750.0
1469257200, 204209.0
1469343600, 191670.0
1469430000, 242603.0
1469516400, 248577.0
1469602800, 242655.0
1469689200, 241587.0
1469775600, 231249.0
1469862000, 205896.0
1469948400, 199332.0
1470034800, 241814.0
1470121200, 270592.0
1470207600, 260074.0
1470294000, 246635.0
1470380400, 246433.0
1470466800, 214642.0
1470553200, 193997.0
1470639600, 243511.0
1470726000, 251990.0
1470812400, 262728.0
1470898800, 270320.0
1470985200, 249797.0
1471071600, 227911.0
1471158000, 207003.0
1471244400, 218318.0
1471330800, 271553.0
1471417200, 263687.0
1471503600, 263583.0
1471590000, 263578.0
1471676400, 246652.0
1471762800, 212268.0
1471849200, 255094.0
1471935600, 268956.0
1472022000, 266856.0
1472108400, 256572.0
1472194800, 254300.0
1472281200, 231040.0
1472367600, 203254.0
1472454000, 240084.0
1472540400, 281276.0
1472626800, 263565.0
1472713200, 258776.0
1472799600, 249576.0
1472886000, 233000.0
1472972400, 218525.0
1473058800, 263546.0
1473145200, 268533.0
1473231600, 282027.0
1473318000, 272812.0
1473404400, 265645.0
1473490800, 240742.0
1473577200, 234664.0
1473663600, 257448.0
1473750000, 278596.0
1473836400, 273299.0
1473922800, 271388.0
1474009200, 249675.0
1474095600, 261732.0
1474182000, 228942.0
1474268400, 266479.0
1474354800, 288481.0
1474441200, 280791.0
1474527600, 269072.0
1474614000, 269208.0
1474700400, 246468.0
1474786800, 236007.0
1474873200, 284831.0
1474959600, 297345.0
1475046000, 294782.0
1475132400, 302985.0
1475218800, 305241.0
1475305200, 268157.0
1475391600, 236960.0
1475478000, 320758.0
1475564400, 332186.0
1475650800, 323962.0
1475737200, 338672.0
1475823600, 322955.0
1475910000, 303290.0
1475996400, 257085.0
1476082800, 270960.0
1476169200, 316686.0
1476255600, 284227.0
1476342000, 285432.0
1476428400, 298392.0
1476514800, 267228.0
1476601200, 249664.0
1476687600, 296365.0
1476774000, 311572.0
1476860400, 244952.0
1476946800, 340122.0
1477033200, 318640.0
1477119600, 267383.0
1477206000, 238326.0
1477292400, 278446.0
1477378800, 297420.0
1477465200, 285724.0
1477551600, 380594.0
1477638000, 306953.0
1477724400, 280552.0
1477810800, 249859.0
1477897200, 291605.0
1477983600, 300293.0
1478070000, 334047.0
1478156400, 334991.0
1478242800, 314239.0
1478329200, 302784.0
1478415600, 275771.0
1478505600, 338747.0
1478592000, 363689.0
1478678400, 331591.0
1478764800, 338355.0
1478851200, 315331.0
1478937600, 293301.0
1479024000, 277405.0
1479110400, 337178.0
1479196800, 354584.0
1479283200, 340444.0
1479369600, 341611.0
1479456000, 341659.0
1479542400, 314001.0
1479628800, 296434.0
1479715200, 349226.0
1479801600, 351866.0
1479888000, 338445.0
1479974400, 394765.0
1480060800, 370565.0
1480147200, 335906.0
1480233600, 288513.0
1480320000, 371155.0
1480406400, 357736.0
1480492800, 364604.0
1480579200, 298155.0
1480665600, 415455.0
1480752000, 360116.0
1480838400, 307545.0
1480924800, 362205.0
1481011200, 422373.0
1481097600, 400185.0
1481184000, 358384.0
1481270400, 338660.0
1481356800, 319092.0
1481443200, 293150.0
1481529600, 342664.0
1481616000, 363678.0
1481702400, 355824.0
1481788800, 349416.0
1481875200, 348040.0
1481961600, 302987.0
1482048000, 285529.0
1482134400, 350349.0
1482220800, 362955.0
1482307200, 396392.0
1482393600, 389715.0
1482480000, 377032.0
1482566400, 295341.0
1482652800, 232979.0
1482739200, 297341.0
1482825600, 362002.0
1482912000, 374579.0
1482998400, 374898.0
1483084800, 355091.0
1483171200, 307454.0
1483257600, 213250.0
1483344000, 350947.0
1483430400, 363271.0
1483516800, 394821.0
1483603200, 352053.0
1483689600, 400985.0
1483776000, 333774.0
1483862400, 306235.0
1483948800, 329282.0
1484035200, 374316.0
1484121600, 345718.0
1484208000, 343554.0
1484294400, 329747.0
1484380800, 296965.0
1484467200, 280554.0
1484553600, 327094.0
1484640000, 356626.0
1484726400, 355202.0
1484812800, 366046.0
1484899200, 363522.0
1484985600, 324778.0
1485072000, 287680.0
1485158400, 287499.0
1485244800, 366682.0
1485331200, 366058.0
1485417600, 375470.0
1485504000, 328978.0
1485590400, 315485.0
1485676800, 301685.0
1485763200, 308524.0
1485849600, 381107.0
1485936000, 432139.0
1486022400, 315879.0
1486108800, 410668.0
1486195200, 350152.0
1486281600, 358210.0
1486368000, 284945.0
1486454400, 411980.0
1486540800, 363132.0
1486627200, 412800.0
1486713600, 355483.0
1486800000, 314575.0
1486886400, 280785.0
1486972800, 342844.0
1487059200, 372368.0
1487145600, 348671.0
1487232000, 335505.0
1487318400, 381097.0
1487404800, 342604.0
1487491200, 308350.0
1487577600, 335668.0
1487664000, 334289.0
1487750400, 336614.0
1487836800, 390041.0
1487923200, 413748.0
1488009600, 382134.0
1488096000, 308267.0
1488182400, 334565.0
1488268800, 388607.0
1488355200, 380706.0
1488441600, 399678.0
1488528000, 410087.0
1488614400, 328814.0
1488700800, 350253.0
1488787200, 367806.0
1488873600, 419029.0
1488960000, 373132.0
1489046400, 385431.0
1489132800, 386669.0
1489219200, 353769.0
1489305600, 281094.0
1489388400, 344887.0
1489474800, 393328.0
1489561200, 368244.0
1489647600, 423031.0
1489734000, 371019.0
1489820400, 336654.0
1489906800, 341478.0
1489993200, 354901.0
1490079600, 376551.0
1490166000, 404843.0
1490252400, 371566.0
1490338800, 374938.0
1490425200, 331020.0
1490511600, 306803.0
1490598000, 310598.0
1490684400, 390105.0
1490770800, 377289.0
1490857200, 373575.0
1490943600, 347695.0
1491030000, 338162.0
1491116400, 323180.0
1491202800, 380158.0
1491289200, 347593.0
1491375600, 409004.0
1491462000, 387099.0
1491548400, 389130.0
1491634800, 310645.0
1491721200, 326717.0
1491807600, 379219.0
1491894000, 418568.0
1491980400, 387092.0
1492066800, 319012.0
1492153200, 390738.0
1492239600, 351501.0
1492326000, 281446.0
1492412400, 327864.0
1492498800, 397274.0
1492585200, 402215.0
1492671600, 354951.0
1492758000, 428573.0
1492844400, 357776.0
1492930800, 325705.0
1493017200, 307479.0
1493103600, 427292.0
1493190000, 442549.0
1493276400, 391359.0
1493362800, 409901.0
1493449200, 437993.0
1493535600, 364703.0
1493622000, 382582.0
1493708400, 433944.0
1493794800, 395280.0
1493881200, 472782.0
1493967600, 358746.0
1494054000, 478804.0
1494140400, 393895.0
1494226800, 475684.0
1494313200, 445840.0
1494399600, 410376.0
1494486000, 397895.0
1494572400, 418888.0
1494658800, 431414.0
1494745200, 486050.0
1494831600, 425856.0
1494918000, 318915.0
1495004400, 419463.0
1495090800, 390780.0
1495177200, 432953.0
1495263600, 480468.0
1495350000, 435004.0
1495436400, 442174.0
1495522800, 488675.0
1495609200, 454303.0
1495695600, 475656.0
1495782000, 472200.0
1495868400, 449196.0
1495954800, 397839.0
1496041200, 422472.0
1496127600, 460110.0
1496214000, 437600.0
1496300400, 438932.0
1496386800, 373033.0
1496473200, 410185.0
1496559600, 361643.0
1496646000, 408452.0
1496732400, 432840.0
1496818800, 481470.0
1496905200, 430667.0
1496991600, 406451.0
1497078000, 357663.0
1497164400, 318005.0
1497250800, 386332.0
1497337200, 425666.0
1497423600, 407307.0
1497510000, 410042.0
1497596400, 378334.0
1497682800, 331843.0
1497769200, 292699.0
1497855600, 381989.0
1497942000, 404626.0
1498028400, 416294.0
1498114800, 377621.0
1498201200, 357162.0
1498287600, 316443.0
1498374000, 253033.0
1498460400, 358116.0
1498546800, 366815.0
1498633200, 393840.0
1498719600, 334750.0
1498806000, 371959.0
1498892400, 305606.0
1498978800, 271357.0
1499065200, 350583.0
1499151600, 365138.0
1499238000, 332381.0
1499324400, 329591.0
1499410800, 389979.0
1499497200, 310523.0
1499583600, 268135.0
1499670000, 359724.0
1499756400, 373011.0
1499842800, 364671.0
1499929200, 353727.0
1500015600, 325304.0
1500102000, 308403.0
1500188400, 282613.0
1500274800, 337569.0
1500361200, 378940.0
1500447600, 369237.0
1500534000, 339972.0
1500620400, 383898.0
1500706800, 307874.0
1500793200, 255531.0
1500879600, 339377.0
1500966000, 352504.0
1501052400, 342551.0
1501138800, 326267.0
1501225200, 359512.0
1501311600, 301193.0
1501398000, 288538.0
1501484400, 357937.0
1501570800, 217072.0
1501657200, 307992.0
1501743600, 317709.0
1501830000, 337020.0
1501916400, 344471.0
1502002800, 293365.0
1502089200, 373683.0
1502175600, 406415.0
1502262000, 391955.0
1502348400, 389641.0
1502434800, 429103.0
1502521200, 374741.0
1502607600, 379736.0
1502694000, 389826.0
1502780400, 453093.0
1502866800, 403616.0
1502953200, 477120.0
1503039600, 434447.0
1503126000, 374495.0
1503212400, 309322.0
1503298800, 356514.0
1503385200, 302435.0
1503471600, 453510.0
1503558000, 310576.0
1503644400, 320268.0
1503730800, 338919.0
1503817200, 367729.0
1503903600, 340958.0
1503990000, 422442.0
1504076400, 404170.0
1504162800, 418126.0
1504249200, 417533.0
1504335600, 353304.0
1504422000, 291048.0
1504508400, 389420.0
1504594800, 410385.0
1504681200, 414359.0
1504767600, 380302.0
1504854000, 400827.0
1504940400, 316252.0
1505026800, 282156.0
1505113200, 371093.0
1505199600, 382316.0
1505286000, 381852.0
1505372400, 389204.0
1505458800, 427284.0
1505545200, 336542.0
1505631600, 294773.0
1505718000, 336401.0
1505804400, 415717.0
1505890800, 354013.0
1505977200, 374970.0
1506063600, 341669.0
1506150000, 294844.0
1506236400, 270205.0
1506322800, 341728.0
1506409200, 386735.0
1506495600, 381141.0
1506582000, 404339.0
1506668400, 377361.0
1506754800, 319482.0
1506841200, 298934.0
1506927600, 414863.0
1507014000, 412875.0
1507100400, 347746.0
1507186800, 392839.0
1507273200, 405316.0
1507359600, 354753.0
1507446000, 333342.0
1507532400, 412757.0
1507618800, 425473.0
1507705200, 424546.0
1507791600, 427745.0
1507878000, 451395.0
1507964400, 411226.0
1508050800, 399502.0
1508137200, 452219.0
1508223600, 479556.0
1508310000, 464802.0
1508396400, 491150.0
1508482800, 428203.0
1508569200, 426826.0
1508655600, 386945.0
1508742000, 460565.0
1508828400, 506179.0
1508914800, 452332.0
1509001200, 390313.0
1509087600, 372198.0
1509174000, 305120.0
1509260400, 473143.0
1509346800, 480952.0
1509433200, 432844.0
1509519600, 525217.0
1509606000, 519318.0
1509692400, 441605.0
1509778800, 436465.0
1509865200, 381930.0
1509955200, 421339.0
1510041600, 501992.0
1510128000, 456720.0
1510214400, 514320.0
1510300800, 422106.0
1510387200, 301246.0
1510473600, 307344.0
1510560000, 478631.0
1510646400, 417996.0
1510732800, 489029.0
1510819200, 463246.0
1510905600, 452931.0
1510992000, 414360.0
1511078400, 398339.0
1511164800, 501260.0
1511251200, 540967.0
1511337600, 467244.0
1511424000, 522310.0
1511510400, 460156.0
1511596800, 494423.0
1511683200, 506249.0
1511769600, 593352.0
1511856000, 581913.0
1511942400, 642558.0
1512028800, 592982.0
1512115200, 608987.0
1512201600, 488452.0
1512288000, 539832.0
1512374400, 621360.0
1512460800, 636945.0
1512547200, 709669.0
1512633600, 644619.0
1512720000, 660595.0
1512806400, 635439.0
1512892800, 527765.0
1512979200, 600837.0
1513065600, 613581.0
1513152000, 685727.0
1513238400, 803928.0
1513324800, 664095.0
1513411200, 583551.0
1513497600, 629546.0
1513584000, 651771.0
1513670400, 640876.0
1513756800, 611511.0
1513843200, 579200.0
1513929600, 617784.0
1514016000, 490328.0
1514102400, 421412.0
1514188800, 350431.0
1514275200, 395269.0
1514361600, 511064.0
1514448000, 499384.0
1514534400, 567593.0
1514620800, 551991.0
1514707200, 444094.0
1514793600, 379241.0
1514880000, 568404.0
1514966400, 654027.0
1515052800, 710847.0
1515139200, 596335.0
1515225600, 595420.0
1515312000, 624892.0
1515398400, 583580.0
1515484800, 621623.0
1515571200, 587791.0
1515657600, 556785.0
1515744000, 494790.0
1515830400, 437144.0
1515916800, 384009.0
1516003200, 453119.0
1516089600, 481690.0
1516176000, 506537.0
1516262400, 491648.0
1516348800, 383020.0
1516435200, 377608.0
1516521600, 327693.0
1516608000, 374319.0
1516694400, 387170.0
1516780800, 387171.0
1516867200, 356669.0
1516953600, 340977.0
1517040000, 391457.0
1517126400, 318026.0
1517212800, 348155.0
1517299200, 358267.0
1517385600, 317139.0
1517472000, 389554.0
1517558400, 354220.0
1517644800, 282609.0
1517731200, 252651.0
1517817600, 312931.0
1517904000, 364513.0
1517990400, 318995.0
1518076800, 260103.0
1518163200, 279922.0
1518249600, 277035.0
1518336000, 229488.0
1518422400, 289180.0
1518508800, 281760.0
1518595200, 297680.0
1518681600, 305202.0
1518768000, 281209.0
1518854400, 265420.0
1518940800, 245015.0
1519027200, 288048.0
1519113600, 308994.0
1519200000, 309081.0
1519286400, 280655.0
1519372800, 273190.0
1519459200, 225200.0
1519545600, 220622.0
1519632000, 282680.0
1519718400, 333757.0
1519804800, 275526.0
1519891200, 347148.0
1519977600, 302934.0
1520064000, 269581.0
1520150400, 246814.0
1520236800, 308787.0
1520323200, 300339.0
1520409600, 306933.0
1520496000, 285506.0
1520582400, 285833.0
1520668800, 229996.0
1520755200, 222171.0
1520838000, 271331.0
1520924400, 274886.0
1521010800, 280331.0
1521097200, 299208.0
1521183600, 274394.0
1521270000, 226201.0
1521356400, 241296.0
1521442800, 279835.0
1521529200, 289135.0
1521615600, 285142.0
1521702000, 274044.0
1521788400, 264636.0
1521874800, 233433.0
1521961200, 203095.0
1522047600, 275556.0
1522134000, 274038.0
1522220400, 261092.0
1522306800, 276520.0
1522393200, 265701.0
1522479600, 214064.0
1522566000, 197905.0
1522652400, 243270.0
1522738800, 290235.0
1522825200, 271350.0
1522911600, 265785.0
1522998000, 261542.0
1523084400, 219715.0
1523170800, 200074.0
1523257200, 254398.0
1523343600, 272300.0
1523430000, 266358.0
1523516400, 300156.0
1523602800, 318436.0
1523689200, 241899.0
1523775600, 268085.0
1523862000, 291785.0
1523948400, 302354.0
1524034800, 299567.0
1524121200, 318474.0
1524207600, 308303.0
1524294000, 287228.0
1524380400, 254998.0
1524466800, 319886.0
1524553200, 369215.0
1524639600, 315486.0
1524726000, 318006.0
1524812400, 309392.0
1524898800, 272702.0
1524985200, 262187.0
1525071600, 317140.0
1525158000, 323507.0
1525244400, 313889.0
1525330800, 340365.0
1525417200, 323346.0
1525503600, 298722.0
1525590000, 246595.0
1525676400, 300995.0
1525762800, 316938.0
1525849200, 307721.0
1525935600, 310142.0
1526022000, 307017.0
1526108400, 261506.0
1526194800, 234173.0
1526281200, 311208.0
1526367600, 319209.0
1526454000, 299838.0
1526540400, 278422.0
1526626800, 304620.0
1526713200, 248870.0
1526799600, 236190.0
1526886000, 295636.0
1526972400, 296652.0
1527058800, 315092.0
1527145200, 294606.0
1527231600, 282866.0
1527318000, 228766.0
1527404400, 210665.0
1527490800, 264010.0
1527577200, 291481.0
1527663600, 298554.0
1527750000, 307251.0
1527836400, 302536.0
1527922800, 252755.0
1528009200, 235419.0
1528095600, 300278.0
1528182000, 308225.0
1528268400, 301755.0
1528354800, 292995.0
1528441200, 289627.0
1528527600, 242852.0
1528614000, 246498.0
1528700400, 293629.0
1528786800, 302180.0
1528873200, 295202.0
1528959600, 294992.0
1529046000, 289815.0
1529132400, 225525.0
1529218800, 207134.0
1529305200, 285090.0
1529391600, 276495.0
1529478000, 288861.0
1529564400, 281662.0
1529650800, 284873.0
1529737200, 235258.0
1529823600, 219576.0
1529910000, 217726.0
