date,nb_tx
09/01/2009,14
10/01/2009,61
11/01/2009,93
12/01/2009,101
13/01/2009,123
14/01/2009,130
15/01/2009,134
16/01/2009,110
17/01/2009,109
18/01/2009,108
19/01/2009,117
20/01/2009,115
21/01/2009,103
22/01/2009,92
23/01/2009,86
24/01/2009,202
25/01/2009,192
26/01/2009,97
27/01/2009,98
28/01/2009,112
29/01/2009,122
30/01/2009,117
31/01/2009,139
01/02/2009,114
02/02/2009,129
03/02/2009,155
04/02/2009,119
05/02/2009,126
06/02/2009,122
07/02/2009,133
08/02/2009,133
09/02/2009,135
10/02/2009,120
11/02/2009,135
12/02/2009,119
13/02/2009,124
14/02/2009,136
15/02/2009,131
16/02/2009,123
17/02/2009,117
18/02/2009,118
19/02/2009,125
20/02/2009,122
21/02/2009,114
22/02/2009,125
23/02/2009,108
24/02/2009,106
25/02/2009,105
26/02/2009,107
27/02/2009,116
28/02/2009,100
01/03/2009,105
02/03/2009,108
03/03/2009,107
04/03/2009,106
05/03/2009,113
06/03/2009,117
07/03/2009,109
08/03/2009,118
09/03/2009,108
10/03/2009,107
11/03/2009,114
12/03/2009,119
13/03/2009,114
14/03/2009,110
15/03/2009,123
16/03/2009,122
17/03/2009,114
18/03/2009,116
19/03/2009,122
20/03/2009,119
21/03/2009,50
22/03/2009,121
23/03/2009,130
24/03/2009,105
25/03/2009,117
26/03/2009,118
27/03/2009,106
28/03/2009,122
29/03/2009,116
30/03/2009,120
31/03/2009,111
01/04/2009,114
02/04/2009,115
03/04/2009,116
04/04/2009,113
05/04/2009,132
06/04/2009,109
07/04/2009,100
08/04/2009,105
09/04/2009,99
10/04/2009,108
11/04/2009,121
12/04/2009,120
13/04/2009,116
14/04/2009,124
15/04/2009,113
16/04/2009,123
17/04/2009,112
18/04/2009,130
19/04/2009,120
20/04/2009,121
21/04/2009,124
22/04/2009,121
23/04/2009,75
24/04/2009,115
25/04/2009,118
26/04/2009,114
27/04/2009,104
28/04/2009,117
29/04/2009,129
30/04/2009,131
01/05/2009,121
02/05/2009,128
03/05/2009,109
04/05/2009,129
05/05/2009,136
06/05/2009,135
07/05/2009,122
08/05/2009,107
09/05/2009,78
10/05/2009,85
11/05/2009,121
12/05/2009,130
13/05/2009,116
14/05/2009,142
15/05/2009,137
16/05/2009,119
17/05/2009,127
18/05/2009,118
19/05/2009,86
20/05/2009,120
21/05/2009,82
22/05/2009,61
23/05/2009,32
24/05/2009,100
25/05/2009,109
26/05/2009,125
27/05/2009,119
28/05/2009,95
29/05/2009,107
30/05/2009,109
31/05/2009,96
01/06/2009,72
02/06/2009,111
03/06/2009,71
04/06/2009,66
05/06/2009,30
06/06/2009,28
07/06/2009,16
08/06/2009,82
09/06/2009,91
10/06/2009,82
11/06/2009,89
12/06/2009,86
13/06/2009,78
14/06/2009,72
15/06/2009,84
16/06/2009,71
17/06/2009,79
18/06/2009,80
19/06/2009,87
20/06/2009,78
21/06/2009,81
22/06/2009,77
23/06/2009,76
24/06/2009,97
25/06/2009,69
26/06/2009,90
27/06/2009,84
28/06/2009,47
29/06/2009,84
30/06/2009,86
01/07/2009,75
02/07/2009,84
03/07/2009,82
04/07/2009,89
05/07/2009,79
06/07/2009,84
07/07/2009,69
08/07/2009,74
09/07/2009,86
10/07/2009,81
11/07/2009,83
12/07/2009,77
13/07/2009,78
14/07/2009,69
15/07/2009,45
16/07/2009,71
17/07/2009,47
18/07/2009,4
19/07/2009,70
20/07/2009,71
21/07/2009,82
22/07/2009,60
23/07/2009,76
24/07/2009,73
25/07/2009,32
26/07/2009,21
27/07/2009,74
28/07/2009,41
29/07/2009,20
30/07/2009,16
31/07/2009,17
01/08/2009,28
02/08/2009,23
03/08/2009,12
04/08/2009,81
05/08/2009,87
06/08/2009,90
07/08/2009,81
08/08/2009,80
09/08/2009,101
10/08/2009,75
11/08/2009,70
12/08/2009,63
13/08/2009,85
14/08/2009,63
15/08/2009,26
16/08/2009,19
17/08/2009,17
18/08/2009,10
19/08/2009,18
20/08/2009,22
21/08/2009,14
22/08/2009,7
23/08/2009,15
24/08/2009,15
25/08/2009,50
26/08/2009,51
27/08/2009,29
28/08/2009,75
29/08/2009,78
30/08/2009,98
31/08/2009,87
01/09/2009,78
02/09/2009,66
03/09/2009,62
04/09/2009,64
05/09/2009,76
06/09/2009,68
07/09/2009,79
08/09/2009,69
09/09/2009,54
10/09/2009,67
11/09/2009,67
12/09/2009,69
13/09/2009,75
14/09/2009,74
15/09/2009,44
16/09/2009,73
17/09/2009,85
18/09/2009,78
19/09/2009,74
20/09/2009,78
21/09/2009,70
22/09/2009,26
23/09/2009,36
24/09/2009,97
25/09/2009,93
26/09/2009,100
27/09/2009,88
28/09/2009,85
29/09/2009,90
30/09/2009,85
01/10/2009,82
02/10/2009,73
03/10/2009,58
04/10/2009,53
05/10/2009,55
06/10/2009,45
07/10/2009,60
08/10/2009,70
09/10/2009,79
10/10/2009,77
11/10/2009,74
12/10/2009,59
13/10/2009,57
14/10/2009,69
15/10/2009,71
16/10/2009,61
17/10/2009,57
18/10/2009,75
19/10/2009,112
20/10/2009,96
21/10/2009,81
22/10/2009,91
23/10/2009,89
24/10/2009,63
25/10/2009,76
26/10/2009,71
27/10/2009,65
28/10/2009,66
29/10/2009,48
30/10/2009,60
31/10/2009,46
01/11/2009,25
02/11/2009,33
03/11/2009,62
04/11/2009,64
05/11/2009,57
06/11/2009,62
07/11/2009,69
08/11/2009,73
09/11/2009,64
10/11/2009,78
11/11/2009,73
12/11/2009,66
13/11/2009,83
14/11/2009,79
15/11/2009,96
16/11/2009,97
17/11/2009,92
18/11/2009,79
19/11/2009,72
20/11/2009,86
21/11/2009,73
22/11/2009,106
23/11/2009,96
24/11/2009,93
25/11/2009,90
26/11/2009,84
27/11/2009,74
28/11/2009,71
29/11/2009,60
30/11/2009,75
01/12/2009,74
02/12/2009,94
03/12/2009,88
04/12/2009,36
05/12/2009,65
06/12/2009,105
07/12/2009,112
08/12/2009,107
09/12/2009,109
10/12/2009,104
11/12/2009,112
12/12/2009,112
13/12/2009,114
14/12/2009,107
15/12/2009,112
16/12/2009,137
17/12/2009,172
18/12/2009,225
19/12/2009,199
20/12/2009,175
21/12/2009,176
22/12/2009,162
23/12/2009,154
24/12/2009,154
25/12/2009,150
26/12/2009,174
27/12/2009,168
28/12/2009,137
29/12/2009,171
30/12/2009,141
31/12/2009,138
01/01/2010,134
02/01/2010,126
03/01/2010,186
04/01/2010,183
05/01/2010,198
06/01/2010,163
07/01/2010,154
08/01/2010,153
09/01/2010,151
10/01/2010,190
11/01/2010,159
12/01/2010,161
13/01/2010,166
14/01/2010,145
15/01/2010,142
16/01/2010,126
17/01/2010,131
18/01/2010,126
19/01/2010,124
20/01/2010,158
21/01/2010,184
22/01/2010,136
23/01/2010,162
24/01/2010,155
25/01/2010,215
26/01/2010,201
27/01/2010,166
28/01/2010,179
29/01/2010,201
30/01/2010,214
31/01/2010,167
01/02/2010,193
02/02/2010,146
03/02/2010,272
04/02/2010,234
05/02/2010,227
06/02/2010,206
07/02/2010,222
08/02/2010,208
09/02/2010,210
10/02/2010,173
11/02/2010,174
12/02/2010,188
13/02/2010,235
14/02/2010,219
15/02/2010,185
16/02/2010,201
17/02/2010,250
18/02/2010,215
19/02/2010,195
20/02/2010,210
21/02/2010,227
22/02/2010,265
23/02/2010,251
24/02/2010,177
25/02/2010,158
26/02/2010,176
27/02/2010,175
28/02/2010,159
01/03/2010,199
02/03/2010,193
03/03/2010,158
04/03/2010,188
05/03/2010,173
06/03/2010,183
07/03/2010,183
08/03/2010,130
09/03/2010,148
10/03/2010,169
11/03/2010,136
12/03/2010,123
13/03/2010,154
14/03/2010,127
15/03/2010,140
16/03/2010,129
17/03/2010,139
18/03/2010,149
19/03/2010,162
20/03/2010,204
21/03/2010,190
22/03/2010,186
23/03/2010,220
24/03/2010,182
25/03/2010,202
26/03/2010,213
27/03/2010,184
28/03/2010,192
29/03/2010,207
30/03/2010,221
31/03/2010,214
01/04/2010,179
02/04/2010,161
03/04/2010,166
04/04/2010,183
05/04/2010,181
06/04/2010,174
07/04/2010,204
08/04/2010,195
09/04/2010,224
10/04/2010,298
11/04/2010,265
12/04/2010,247
13/04/2010,209
14/04/2010,223
15/04/2010,290
16/04/2010,234
17/04/2010,250
18/04/2010,3351
19/04/2010,276
20/04/2010,243
21/04/2010,251
22/04/2010,199
23/04/2010,200
24/04/2010,202
25/04/2010,205
26/04/2010,211
27/04/2010,233
28/04/2010,227
29/04/2010,180
30/04/2010,170
01/05/2010,210
02/05/2010,180
03/05/2010,188
04/05/2010,177
05/05/2010,162
06/05/2010,177
07/05/2010,158
08/05/2010,182
09/05/2010,183
10/05/2010,157
11/05/2010,130
12/05/2010,159
13/05/2010,167
14/05/2010,153
15/05/2010,113
16/05/2010,133
17/05/2010,178
18/05/2010,223
19/05/2010,207
20/05/2010,237
21/05/2010,235
22/05/2010,226
23/05/2010,309
24/05/2010,250
25/05/2010,254
26/05/2010,287
27/05/2010,267
28/05/2010,277
29/05/2010,239
30/05/2010,200
31/05/2010,194
01/06/2010,183
02/06/2010,194
03/06/2010,235
04/06/2010,173
05/06/2010,190
06/06/2010,200
07/06/2010,209
08/06/2010,223
09/06/2010,220
10/06/2010,217
11/06/2010,247
12/06/2010,213
13/06/2010,239
14/06/2010,257
15/06/2010,269
16/06/2010,192
17/06/2010,204
18/06/2010,193
19/06/2010,214
20/06/2010,228
21/06/2010,242
22/06/2010,227
23/06/2010,257
24/06/2010,240
25/06/2010,210
26/06/2010,201
27/06/2010,234
28/06/2010,230
29/06/2010,264
30/06/2010,273
01/07/2010,284
02/07/2010,241
03/07/2010,286
04/07/2010,224
05/07/2010,252
06/07/2010,208
07/07/2010,218
08/07/2010,223
09/07/2010,268
10/07/2010,240
11/07/2010,353
12/07/2010,2300
13/07/2010,1479
14/07/2010,6132
15/07/2010,1330
16/07/2010,1181
17/07/2010,408
18/07/2010,420
19/07/2010,528
20/07/2010,594
21/07/2010,463
22/07/2010,397
23/07/2010,411
24/07/2010,894
25/07/2010,1823
26/07/2010,467
27/07/2010,426
28/07/2010,1951
29/07/2010,1867
30/07/2010,325
31/07/2010,295
01/08/2010,364
02/08/2010,398
03/08/2010,648
04/08/2010,439
05/08/2010,515
06/08/2010,359
07/08/2010,273
08/08/2010,391
09/08/2010,424
10/08/2010,340
11/08/2010,412
12/08/2010,392
13/08/2010,516
14/08/2010,434
15/08/2010,315
16/08/2010,453
17/08/2010,318
18/08/2010,377
19/08/2010,325
20/08/2010,423
21/08/2010,342
22/08/2010,366
23/08/2010,369
24/08/2010,379
25/08/2010,365
26/08/2010,368
27/08/2010,294
28/08/2010,339
29/08/2010,260
30/08/2010,329
31/08/2010,441
01/09/2010,380
02/09/2010,321
03/09/2010,319
04/09/2010,274
05/09/2010,311
06/09/2010,278
07/09/2010,282
08/09/2010,339
09/09/2010,324
10/09/2010,360
11/09/2010,305
12/09/2010,379
13/09/2010,436
14/09/2010,424
15/09/2010,430
16/09/2010,438
17/09/2010,361
18/09/2010,399
19/09/2010,355
20/09/2010,465
21/09/2010,810
22/09/2010,673
23/09/2010,655
24/09/2010,501
25/09/2010,532
26/09/2010,400
27/09/2010,603
28/09/2010,491
29/09/2010,975
30/09/2010,365
01/10/2010,584
02/10/2010,501
03/10/2010,377
04/10/2010,407
05/10/2010,371
06/10/2010,407
07/10/2010,340
08/10/2010,363
09/10/2010,401
10/10/2010,363
11/10/2010,342
12/10/2010,352
13/10/2010,364
14/10/2010,367
15/10/2010,328
16/10/2010,441
17/10/2010,457
18/10/2010,579
19/10/2010,924
20/10/2010,713
21/10/2010,552
22/10/2010,602
23/10/2010,517
24/10/2010,552
25/10/2010,410
26/10/2010,518
27/10/2010,568
28/10/2010,486
29/10/2010,467
30/10/2010,426
31/10/2010,307
01/11/2010,351
02/11/2010,286
03/11/2010,347
04/11/2010,342
05/11/2010,442
06/11/2010,394
07/11/2010,451
08/11/2010,515
09/11/2010,409
10/11/2010,397
11/11/2010,395
12/11/2010,286
13/11/2010,343
14/11/2010,416
15/11/2010,4871
16/11/2010,9105
17/11/2010,435
18/11/2010,1494
19/11/2010,9632
20/11/2010,9731
21/11/2010,10044
22/11/2010,343
23/11/2010,341
24/11/2010,3936
25/11/2010,4983
26/11/2010,1314
27/11/2010,445
28/11/2010,454
29/11/2010,454
30/11/2010,454
01/12/2010,512
02/12/2010,460
03/12/2010,384
04/12/2010,418
05/12/2010,434
06/12/2010,465
07/12/2010,573
08/12/2010,523
09/12/2010,486
10/12/2010,373
11/12/2010,550
12/12/2010,643
13/12/2010,646
14/12/2010,653
15/12/2010,642
16/12/2010,531
17/12/2010,462
18/12/2010,499
19/12/2010,551
20/12/2010,932
21/12/2010,629
22/12/2010,660
23/12/2010,519
24/12/2010,531
25/12/2010,634
26/12/2010,584
27/12/2010,526
28/12/2010,661
29/12/2010,513
30/12/2010,593
31/12/2010,555
01/01/2011,659
02/01/2011,569
03/01/2011,1128
04/01/2011,979
05/01/2011,1310
06/01/2011,694
07/01/2011,1020
08/01/2011,1436
09/01/2011,1223
10/01/2011,1312
11/01/2011,1362
12/01/2011,1162
13/01/2011,1266
14/01/2011,1262
15/01/2011,962
16/01/2011,931
17/01/2011,830
18/01/2011,818
19/01/2011,917
20/01/2011,924
21/01/2011,1166
22/01/2011,1422
23/01/2011,1081
24/01/2011,1319
25/01/2011,889
26/01/2011,1005
27/01/2011,841
28/01/2011,1081
29/01/2011,1347
30/01/2011,2592
31/01/2011,1393
01/02/2011,1013
02/02/2011,896
03/02/2011,789
04/02/2011,954
05/02/2011,832
06/02/2011,909
07/02/2011,892
08/02/2011,846
09/02/2011,1227
10/02/2011,2034
11/02/2011,2355
12/02/2011,1912
13/02/2011,1822
14/02/2011,2006
15/02/2011,2224
16/02/2011,2090
17/02/2011,2250
18/02/2011,2056
19/02/2011,1583
20/02/2011,1939
21/02/2011,1970
22/02/2011,2196
23/02/2011,2263
24/02/2011,2109
25/02/2011,2060
26/02/2011,1952
27/02/2011,2269
28/02/2011,1720
01/03/2011,2729
02/03/2011,2009
03/03/2011,3204
04/03/2011,1982
05/03/2011,2048
06/03/2011,2031
07/03/2011,1926
08/03/2011,2440
09/03/2011,1834
10/03/2011,1661
11/03/2011,1884
12/03/2011,2956
13/03/2011,2711
14/03/2011,2643
15/03/2011,2854
16/03/2011,3183
17/03/2011,3367
18/03/2011,2371
19/03/2011,3189
20/03/2011,4076
21/03/2011,5855
22/03/2011,2238
23/03/2011,4570
24/03/2011,2164
25/03/2011,1999
26/03/2011,3335
27/03/2011,2463
28/03/2011,2931
29/03/2011,2718
30/03/2011,1756
31/03/2011,2095
01/04/2011,1579
02/04/2011,1772
03/04/2011,1805
04/04/2011,2309
05/04/2011,2119
06/04/2011,1864
07/04/2011,1677
08/04/2011,1767
09/04/2011,1733
10/04/2011,1744
11/04/2011,1943
12/04/2011,2077
13/04/2011,2371
14/04/2011,2881
15/04/2011,2018
16/04/2011,2154
17/04/2011,2257
18/04/2011,3035
19/04/2011,3598
20/04/2011,2969
21/04/2011,1915
22/04/2011,2097
23/04/2011,2310
24/04/2011,2273
25/04/2011,2592
26/04/2011,3455
27/04/2011,4580
28/04/2011,3035
29/04/2011,3534
30/04/2011,4473
01/05/2011,3949
02/05/2011,3095
03/05/2011,2935
04/05/2011,2800
05/05/2011,3464
06/05/2011,3290
07/05/2011,3887
08/05/2011,2898
09/05/2011,3516
10/05/2011,3151
11/05/2011,3090
12/05/2011,3361
13/05/2011,4064
14/05/2011,4414
15/05/2011,3770
16/05/2011,4349
17/05/2011,4464
18/05/2011,5581
19/05/2011,4663
20/05/2011,4795
21/05/2011,4964
22/05/2011,5282
23/05/2011,5745
24/05/2011,5865
25/05/2011,6258
26/05/2011,6967
27/05/2011,4853
28/05/2011,5013
29/05/2011,4753
30/05/2011,5337
31/05/2011,6063
01/06/2011,6540
02/06/2011,7136
03/06/2011,8441
04/06/2011,8811
05/06/2011,8592
06/06/2011,9703
07/06/2011,9002
08/06/2011,11815
09/06/2011,12176
10/06/2011,11269
11/06/2011,10897
12/06/2011,12440
13/06/2011,11246
14/06/2011,14158
15/06/2011,12605
16/06/2011,12746
17/06/2011,11296
18/06/2011,11563
19/06/2011,11472
20/06/2011,11225
21/06/2011,9704
22/06/2011,11519
23/06/2011,10418
24/06/2011,10922
25/06/2011,9693
26/06/2011,9985
27/06/2011,11751
28/06/2011,10719
29/06/2011,10002
30/06/2011,9636
01/07/2011,10603
02/07/2011,8018
03/07/2011,8364
04/07/2011,9604
05/07/2011,8965
06/07/2011,10519
07/07/2011,9180
08/07/2011,8528
09/07/2011,7851
10/07/2011,8392
11/07/2011,10523
12/07/2011,8147
13/07/2011,9193
14/07/2011,8716
15/07/2011,7998
16/07/2011,8876
17/07/2011,8379
18/07/2011,8976
19/07/2011,9185
20/07/2011,8863
21/07/2011,8163
22/07/2011,8991
23/07/2011,7415
24/07/2011,8219
25/07/2011,9485
26/07/2011,8370
27/07/2011,7995
28/07/2011,8119
29/07/2011,7315
30/07/2011,6209
31/07/2011,8099
01/08/2011,8195
02/08/2011,8817
03/08/2011,7737
04/08/2011,8307
05/08/2011,7360
06/08/2011,6834
07/08/2011,6710
08/08/2011,7267
09/08/2011,9219
10/08/2011,8335
11/08/2011,7596
12/08/2011,7165
13/08/2011,7398
14/08/2011,7471
15/08/2011,8379
16/08/2011,9640
17/08/2011,7722
18/08/2011,7415
19/08/2011,7614
20/08/2011,7191
21/08/2011,7667
22/08/2011,7815
23/08/2011,7277
24/08/2011,7367
25/08/2011,7241
26/08/2011,7421
27/08/2011,6361
28/08/2011,5589
29/08/2011,8094
30/08/2011,7804
31/08/2011,7292
01/09/2011,7203
02/09/2011,7026
03/09/2011,5925
04/09/2011,7258
05/09/2011,7039
06/09/2011,7830
07/09/2011,7090
08/09/2011,6497
09/09/2011,7376
10/09/2011,5993
11/09/2011,6443
12/09/2011,6575
13/09/2011,6519
14/09/2011,6200
15/09/2011,6474
16/09/2011,6209
17/09/2011,5454
18/09/2011,5986
19/09/2011,6653
20/09/2011,8145
21/09/2011,7684
22/09/2011,6139
23/09/2011,6328
24/09/2011,5728
25/09/2011,5722
26/09/2011,5639
27/09/2011,6101
28/09/2011,6017
29/09/2011,5589
30/09/2011,5865
01/10/2011,5374
02/10/2011,5035
03/10/2011,6521
04/10/2011,5809
05/10/2011,5771
06/10/2011,5912
07/10/2011,5674
08/10/2011,5402
09/10/2011,5457
10/10/2011,5882
11/10/2011,5930
12/10/2011,5949
13/10/2011,4984
14/10/2011,6111
15/10/2011,5579
16/10/2011,4981
17/10/2011,5781
18/10/2011,4863
19/10/2011,5130
20/10/2011,4649
21/10/2011,5206
22/10/2011,5114
23/10/2011,5608
24/10/2011,5934
25/10/2011,5226
26/10/2011,5272
27/10/2011,4677
28/10/2011,5118
29/10/2011,5596
30/10/2011,4980
31/10/2011,5182
01/11/2011,5777
02/11/2011,5991
03/11/2011,6253
04/11/2011,6540
05/11/2011,5928
06/11/2011,5034
07/11/2011,5496
08/11/2011,5994
09/11/2011,6448
10/11/2011,6541
11/11/2011,5093
12/11/2011,5127
13/11/2011,5374
14/11/2011,5908
15/11/2011,6106
16/11/2011,6048
17/11/2011,4959
18/11/2011,5169
19/11/2011,4724
20/11/2011,5125
21/11/2011,4770
22/11/2011,5491
23/11/2011,5598
24/11/2011,5018
25/11/2011,5486
26/11/2011,4752
27/11/2011,5061
28/11/2011,5930
29/11/2011,6414
30/11/2011,6857
01/12/2011,6352
02/12/2011,6318
03/12/2011,5631
04/12/2011,5385
05/12/2011,6237
06/12/2011,7978
07/12/2011,6135
08/12/2011,5820
09/12/2011,5588
10/12/2011,5678
11/12/2011,5261
12/12/2011,4862
13/12/2011,5406
14/12/2011,5692
15/12/2011,4850
16/12/2011,5164
17/12/2011,4993
18/12/2011,4632
19/12/2011,5844
20/12/2011,6295
21/12/2011,5577
22/12/2011,5859
23/12/2011,5682
24/12/2011,4658
25/12/2011,5286
26/12/2011,5641
27/12/2011,5211
28/12/2011,5000
29/12/2011,5212
30/12/2011,5051
31/12/2011,5137
01/01/2012,5001
02/01/2012,5410
03/01/2012,5773
04/01/2012,5731
05/01/2012,6994
06/01/2012,6644
07/01/2012,5905
08/01/2012,6404
09/01/2012,6112
10/01/2012,6677
11/01/2012,7139
12/01/2012,6696
13/01/2012,6847
14/01/2012,6807
15/01/2012,6312
16/01/2012,6974
17/01/2012,6752
18/01/2012,6647
19/01/2012,6902
20/01/2012,6780
21/01/2012,6366
22/01/2012,5325
23/01/2012,6100
24/01/2012,7268
25/01/2012,7961
26/01/2012,6598
27/01/2012,6337
28/01/2012,5910
29/01/2012,6426
30/01/2012,6153
31/01/2012,6925
01/02/2012,6502
02/02/2012,7164
03/02/2012,7050
04/02/2012,7237
05/02/2012,6774
06/02/2012,6136
07/02/2012,7012
08/02/2012,7024
09/02/2012,7488
10/02/2012,8456
11/02/2012,7679
12/02/2012,7030
13/02/2012,7992
14/02/2012,9489
15/02/2012,9337
16/02/2012,9537
17/02/2012,6778
18/02/2012,6516
19/02/2012,5958
20/02/2012,6339
21/02/2012,6420
22/02/2012,7194
23/02/2012,8014
24/02/2012,6930
25/02/2012,6306
26/02/2012,5821
27/02/2012,6735
28/02/2012,6725
29/02/2012,6719
01/03/2012,6811
02/03/2012,7645
03/03/2012,5187
04/03/2012,6591
05/03/2012,6979
06/03/2012,6368
07/03/2012,6635
08/03/2012,6637
09/03/2012,6502
10/03/2012,5370
11/03/2012,5223
12/03/2012,6141
13/03/2012,7395
14/03/2012,6895
15/03/2012,6284
16/03/2012,6935
17/03/2012,6876
18/03/2012,6039
19/03/2012,6652
20/03/2012,6834
21/03/2012,7000
22/03/2012,6587
23/03/2012,6156
24/03/2012,6375
25/03/2012,6212
26/03/2012,6619
27/03/2012,6666
28/03/2012,7239
29/03/2012,7518
30/03/2012,6828
31/03/2012,6192
01/04/2012,5563
02/04/2012,6472
03/04/2012,7739
04/04/2012,7143
05/04/2012,7028
06/04/2012,6699
07/04/2012,6080
08/04/2012,5915
09/04/2012,6617
10/04/2012,8468
11/04/2012,7858
12/04/2012,8290
13/04/2012,7041
14/04/2012,8027
15/04/2012,7371
16/04/2012,8577
17/04/2012,7805
18/04/2012,8580
19/04/2012,7900
20/04/2012,8285
21/04/2012,7201
22/04/2012,6354
23/04/2012,7104
24/04/2012,7660
25/04/2012,7557
26/04/2012,10099
27/04/2012,7195
28/04/2012,7427
29/04/2012,7729
30/04/2012,9413
01/05/2012,10208
02/05/2012,9978
03/05/2012,14002
04/05/2012,14098
05/05/2012,12998
06/05/2012,11150
07/05/2012,18247
08/05/2012,17719
09/05/2012,17245
10/05/2012,11782
11/05/2012,19061
12/05/2012,18326
13/05/2012,14737
14/05/2012,28349
15/05/2012,22235
16/05/2012,18078
17/05/2012,16935
18/05/2012,24481
19/05/2012,35404
20/05/2012,31460
21/05/2012,31604
22/05/2012,23480
23/05/2012,27432
24/05/2012,26589
25/05/2012,28999
26/05/2012,23279
27/05/2012,26447
28/05/2012,29888
29/05/2012,29816
30/05/2012,25580
31/05/2012,21013
01/06/2012,27069
02/06/2012,12800
03/06/2012,33601
04/06/2012,45938
05/06/2012,44364
06/06/2012,15937
07/06/2012,33203
08/06/2012,23897
09/06/2012,33050
10/06/2012,40721
11/06/2012,32531
12/06/2012,18243
13/06/2012,56794
14/06/2012,61938
15/06/2012,54986
16/06/2012,43282
17/06/2012,43909
18/06/2012,39071
19/06/2012,35962
20/06/2012,32246
21/06/2012,26782
22/06/2012,23565
23/06/2012,22303
24/06/2012,22392
25/06/2012,28713
26/06/2012,30235
27/06/2012,30875
28/06/2012,26522
29/06/2012,22877
30/06/2012,22618
01/07/2012,19276
02/07/2012,25147
03/07/2012,22667
04/07/2012,23164
05/07/2012,21643
06/07/2012,23916
07/07/2012,25615
08/07/2012,20799
09/07/2012,25129
10/07/2012,35080
11/07/2012,31250
12/07/2012,24303
13/07/2012,24556
14/07/2012,22787
15/07/2012,26345
16/07/2012,31379
17/07/2012,35201
18/07/2012,32588
19/07/2012,31035
20/07/2012,36794
21/07/2012,34593
22/07/2012,34860
23/07/2012,32698
24/07/2012,28369
25/07/2012,27327
26/07/2012,30707
27/07/2012,27155
28/07/2012,35230
29/07/2012,34483
30/07/2012,34395
31/07/2012,41507
01/08/2012,30538
02/08/2012,33211
03/08/2012,27780
04/08/2012,29010
05/08/2012,33283
06/08/2012,35400
07/08/2012,29603
08/08/2012,40168
09/08/2012,29942
10/08/2012,28375
11/08/2012,33139
12/08/2012,34636
13/08/2012,48872
14/08/2012,34506
15/08/2012,52969
16/08/2012,46477
17/08/2012,40554
18/08/2012,37162
19/08/2012,36951
20/08/2012,35837
21/08/2012,42415
22/08/2012,37874
23/08/2012,31818
24/08/2012,32275
25/08/2012,33439
26/08/2012,29520
27/08/2012,33096
28/08/2012,29838
29/08/2012,34209
30/08/2012,33914
31/08/2012,40624
01/09/2012,40774
02/09/2012,33588
03/09/2012,38238
04/09/2012,39946
05/09/2012,41135
06/09/2012,42790
07/09/2012,33483
08/09/2012,31173
09/09/2012,31464
10/09/2012,33632
11/09/2012,38225
12/09/2012,28096
13/09/2012,29025
14/09/2012,36118
15/09/2012,27248
16/09/2012,28415
17/09/2012,24446
18/09/2012,32821
19/09/2012,32231
20/09/2012,31282
21/09/2012,30347
22/09/2012,22014
23/09/2012,27999
24/09/2012,29190
25/09/2012,24177
26/09/2012,32413
27/09/2012,28347
28/09/2012,32768
29/09/2012,23992
30/09/2012,20668
01/10/2012,24727
02/10/2012,32878
03/10/2012,26669
04/10/2012,32615
05/10/2012,36371
06/10/2012,32672
07/10/2012,34726
08/10/2012,38211
09/10/2012,35450
10/10/2012,31226
11/10/2012,27684
12/10/2012,28693
13/10/2012,33090
14/10/2012,27414
15/10/2012,30998
16/10/2012,34533
17/10/2012,31813
18/10/2012,28257
19/10/2012,25353
20/10/2012,30442
21/10/2012,40833
22/10/2012,43154
23/10/2012,32031
24/10/2012,32194
25/10/2012,26998
26/10/2012,21927
27/10/2012,16313
28/10/2012,17965
29/10/2012,21500
30/10/2012,30747
31/10/2012,27755
01/11/2012,23638
02/11/2012,28990
03/11/2012,23899
04/11/2012,24304
05/11/2012,32184
06/11/2012,31986
07/11/2012,36480
08/11/2012,32415
09/11/2012,25157
10/11/2012,27109
11/11/2012,23555
12/11/2012,23903
13/11/2012,27131
14/11/2012,29901
15/11/2012,37604
16/11/2012,39446
17/11/2012,32538
18/11/2012,34136
19/11/2012,36923
20/11/2012,36858
21/11/2012,39066
22/11/2012,30900
23/11/2012,32347
24/11/2012,29718
25/11/2012,36736
26/11/2012,35898
27/11/2012,27632
28/11/2012,37256
29/11/2012,37423
30/11/2012,29758
01/12/2012,33492
02/12/2012,20606
03/12/2012,21659
04/12/2012,32356
05/12/2012,33744
06/12/2012,37163
07/12/2012,32145
08/12/2012,33174
09/12/2012,32059
10/12/2012,36221
11/12/2012,36779
12/12/2012,36736
13/12/2012,42515
14/12/2012,39014
15/12/2012,32365
16/12/2012,35476
17/12/2012,41040
18/12/2012,49812
19/12/2012,44765
20/12/2012,35922
21/12/2012,44580
22/12/2012,51258
23/12/2012,36738
24/12/2012,36111
25/12/2012,28743
26/12/2012,36586
27/12/2012,43787
28/12/2012,47105
29/12/2012,38110
30/12/2012,45447
31/12/2012,30064
01/01/2013,31896
02/01/2013,39433
03/01/2013,42309
04/01/2013,48589
05/01/2013,39596
06/01/2013,33026
07/01/2013,40288
08/01/2013,38624
09/01/2013,43190
10/01/2013,52539
11/01/2013,52749
12/01/2013,45671
13/01/2013,49441
14/01/2013,44560
15/01/2013,45022
16/01/2013,53629
17/01/2013,48100
18/01/2013,49139
19/01/2013,56170
20/01/2013,41371
21/01/2013,40441
22/01/2013,43752
23/01/2013,46678
24/01/2013,46221
25/01/2013,48511
26/01/2013,52366
27/01/2013,55413
28/01/2013,52180
29/01/2013,51703
30/01/2013,41219
31/01/2013,51633
01/02/2013,59382
02/02/2013,54465
03/02/2013,61164
04/02/2013,55005
05/02/2013,53420
06/02/2013,42555
07/02/2013,61237
08/02/2013,60921
09/02/2013,57750
10/02/2013,56443
11/02/2013,57594
12/02/2013,58551
13/02/2013,59090
14/02/2013,50928
15/02/2013,55647
16/02/2013,51433
17/02/2013,49635
18/02/2013,50374
19/02/2013,54519
20/02/2013,59748
21/02/2013,55916
22/02/2013,62171
23/02/2013,57886
24/02/2013,57164
25/02/2013,67144
26/02/2013,63438
27/02/2013,60949
28/02/2013,63021
01/03/2013,64535
02/03/2013,55825
03/03/2013,54459
04/03/2013,64044
05/03/2013,56868
06/03/2013,62760
07/03/2013,66770
08/03/2013,55857
09/03/2013,55546
10/03/2013,73844
11/03/2013,59289
12/03/2013,48484
13/03/2013,56690
14/03/2013,58069
15/03/2013,62776
16/03/2013,34187
17/03/2013,35348
18/03/2013,43485
19/03/2013,46108
20/03/2013,46276
21/03/2013,55564
22/03/2013,60584
23/03/2013,52914
24/03/2013,51335
25/03/2013,48993
26/03/2013,49061
27/03/2013,53207
28/03/2013,60989
29/03/2013,62259
30/03/2013,59196
31/03/2013,43986
01/04/2013,52770
02/04/2013,63276
03/04/2013,63941
04/04/2013,66892
05/04/2013,61373
06/04/2013,51718
07/04/2013,63541
08/04/2013,61680
09/04/2013,66979
10/04/2013,63881
11/04/2013,68407
12/04/2013,58690
13/04/2013,53517
14/04/2013,55471
15/04/2013,54496
16/04/2013,67785
17/04/2013,56706
18/04/2013,46631
19/04/2013,59528
20/04/2013,48302
21/04/2013,44224
22/04/2013,47194
23/04/2013,61668
24/04/2013,65023
25/04/2013,62566
26/04/2013,55264
27/04/2013,44369
28/04/2013,41879
29/04/2013,51776
30/04/2013,47599
01/05/2013,55327
02/05/2013,55429
03/05/2013,51412
04/05/2013,50261
05/05/2013,50332
06/05/2013,53340
07/05/2013,56735
08/05/2013,50439
09/05/2013,66774
10/05/2013,67881
11/05/2013,73402
12/05/2013,65428
13/05/2013,60998
14/05/2013,66470
15/05/2013,64171
16/05/2013,61158
17/05/2013,58731
18/05/2013,52215
19/05/2013,47820
20/05/2013,48821
21/05/2013,53942
22/05/2013,51990
23/05/2013,59789
24/05/2013,55401
25/05/2013,51280
26/05/2013,40722
27/05/2013,52758
28/05/2013,57070
29/05/2013,55060
30/05/2013,57426
31/05/2013,54346
01/06/2013,54311
02/06/2013,49947
03/06/2013,55874
04/06/2013,57622
05/06/2013,56560
06/06/2013,54638
07/06/2013,52188
08/06/2013,48218
09/06/2013,44471
10/06/2013,45000
11/06/2013,49663
12/06/2013,45907
13/06/2013,43193
14/06/2013,50172
15/06/2013,35826
16/06/2013,42966
17/06/2013,45943
18/06/2013,46017
19/06/2013,47031
20/06/2013,52515
21/06/2013,47027
22/06/2013,44594
23/06/2013,38507
24/06/2013,44245
25/06/2013,44629
26/06/2013,45627
27/06/2013,46128
28/06/2013,49552
29/06/2013,36545
30/06/2013,30953
01/07/2013,39128
02/07/2013,39650
03/07/2013,35531
04/07/2013,35292
05/07/2013,37037
06/07/2013,33372
07/07/2013,30356
08/07/2013,39629
09/07/2013,40832
10/07/2013,39238
11/07/2013,43434
12/07/2013,48260
13/07/2013,37970
14/07/2013,34933
15/07/2013,36754
16/07/2013,39392
17/07/2013,40643
18/07/2013,41170
19/07/2013,36759
20/07/2013,33702
21/07/2013,35456
22/07/2013,39979
23/07/2013,38432
24/07/2013,42361
25/07/2013,42530
26/07/2013,37373
27/07/2013,36892
28/07/2013,37302
29/07/2013,41812
30/07/2013,42133
31/07/2013,49524
01/08/2013,50904
02/08/2013,51681
03/08/2013,45746
04/08/2013,42946
05/08/2013,51001
06/08/2013,54369
07/08/2013,57606
08/08/2013,58022
09/08/2013,49658
10/08/2013,51695
11/08/2013,38422
12/08/2013,50228
13/08/2013,53080
14/08/2013,51660
15/08/2013,58129
16/08/2013,71119
17/08/2013,56546
18/08/2013,56397
19/08/2013,71314
20/08/2013,63228
21/08/2013,60531
22/08/2013,66812
23/08/2013,55195
24/08/2013,51817
25/08/2013,44447
26/08/2013,56093
27/08/2013,62187
28/08/2013,64747
29/08/2013,58992
30/08/2013,62603
31/08/2013,47505
01/09/2013,46598
02/09/2013,51266
03/09/2013,52163
04/09/2013,52979
05/09/2013,60730
06/09/2013,60850
07/09/2013,51967
08/09/2013,46452
09/09/2013,57676
10/09/2013,53283
11/09/2013,49210
12/09/2013,52300
13/09/2013,44834
14/09/2013,43560
15/09/2013,53672
16/09/2013,51885
17/09/2013,67931
18/09/2013,60551
19/09/2013,59815
20/09/2013,58994
21/09/2013,52498
22/09/2013,50903
23/09/2013,65328
24/09/2013,62592
25/09/2013,54548
26/09/2013,57545
27/09/2013,46920
28/09/2013,42580
29/09/2013,41181
30/09/2013,47156
01/10/2013,57171
02/10/2013,61964
03/10/2013,59551
04/10/2013,51940
05/10/2013,45479
06/10/2013,42857
07/10/2013,44547
08/10/2013,45131
09/10/2013,50673
10/10/2013,56853
11/10/2013,51922
12/10/2013,49474
13/10/2013,51304
14/10/2013,57452
15/10/2013,55826
16/10/2013,50826
17/10/2013,46870
18/10/2013,59661
19/10/2013,55311
20/10/2013,49418
21/10/2013,60451
22/10/2013,65048
23/10/2013,55314
24/10/2013,63634
25/10/2013,57471
26/10/2013,47747
27/10/2013,43691
28/10/2013,51104
29/10/2013,49930
30/10/2013,48446
31/10/2013,58181
01/11/2013,45371
02/11/2013,39181
03/11/2013,35947
04/11/2013,45523
05/11/2013,51597
06/11/2013,55008
07/11/2013,60535
08/11/2013,59223
09/11/2013,55204
10/11/2013,57538
11/11/2013,57405
12/11/2013,58307
13/11/2013,64870
14/11/2013,69413
15/11/2013,60914
16/11/2013,47175
17/11/2013,51323
18/11/2013,79032
19/11/2013,92907
20/11/2013,77558
21/11/2013,71822
22/11/2013,76947
23/11/2013,72545
24/11/2013,60861
25/11/2013,71793
26/11/2013,83383
27/11/2013,95531
28/11/2013,98921
29/11/2013,90084
30/11/2013,75190
01/12/2013,72142
02/12/2013,75570
03/12/2013,77667
04/12/2013,79624
05/12/2013,83283
06/12/2013,72099
07/12/2013,67712
08/12/2013,47477
09/12/2013,63625
10/12/2013,67623
11/12/2013,67305
12/12/2013,58219
13/12/2013,60115
14/12/2013,54057
15/12/2013,52308
16/12/2013,69382
17/12/2013,67740
18/12/2013,81510
19/12/2013,70278
20/12/2013,65083
21/12/2013,56083
22/12/2013,52897
23/12/2013,54267
24/12/2013,55865
25/12/2013,55428
26/12/2013,51276
27/12/2013,52674
28/12/2013,48009
29/12/2013,51325
30/12/2013,55613
31/12/2013,48847
01/01/2014,43070
02/01/2014,54770
03/01/2014,60980
04/01/2014,52052
05/01/2014,58662
06/01/2014,67358
07/01/2014,62911
08/01/2014,61439
09/01/2014,59031
10/01/2014,54166
11/01/2014,55856
12/01/2014,50537
13/01/2014,53461
14/01/2014,57378
15/01/2014,61612
16/01/2014,56703
17/01/2014,59026
18/01/2014,51573
19/01/2014,48005
20/01/2014,63003
21/01/2014,72577
22/01/2014,65835
23/01/2014,63576
24/01/2014,65600
25/01/2014,53864
26/01/2014,53582
27/01/2014,64374
28/01/2014,65762
29/01/2014,59682
30/01/2014,60799
31/01/2014,60269
01/02/2014,54838
02/02/2014,52483
03/02/2014,57600
04/02/2014,69799
05/02/2014,67529
06/02/2014,70160
07/02/2014,70514
08/02/2014,65009
09/02/2014,56579
10/02/2014,66850
11/02/2014,67229
12/02/2014,62126
13/02/2014,67339
14/02/2014,74889
15/02/2014,61896
16/02/2014,57531
17/02/2014,60853
18/02/2014,65408
19/02/2014,70142
20/02/2014,71144
21/02/2014,69390
22/02/2014,58673
23/02/2014,60074
24/02/2014,73796
25/02/2014,80082
26/02/2014,73176
27/02/2014,70859
28/02/2014,70290
01/03/2014,63402
02/03/2014,56635
03/03/2014,81264
04/03/2014,84600
05/03/2014,72392
06/03/2014,70527
07/03/2014,72345
08/03/2014,64590
09/03/2014,62161
10/03/2014,70884
11/03/2014,76204
12/03/2014,76339
13/03/2014,72805
14/03/2014,70615
15/03/2014,60308
16/03/2014,59332
17/03/2014,66396
18/03/2014,54142
19/03/2014,73804
20/03/2014,71002
21/03/2014,73091
22/03/2014,66673
23/03/2014,57811
24/03/2014,70983
25/03/2014,71883
26/03/2014,68315
27/03/2014,71719
28/03/2014,67079
29/03/2014,53270
30/03/2014,56853
31/03/2014,65042
01/04/2014,64136
02/04/2014,66913
03/04/2014,67024
04/04/2014,65692
05/04/2014,55795
06/04/2014,50010
07/04/2014,65810
08/04/2014,67841
09/04/2014,65153
10/04/2014,68027
11/04/2014,65732
12/04/2014,47740
13/04/2014,51168
14/04/2014,70219
15/04/2014,72809
16/04/2014,68594
17/04/2014,65190
18/04/2014,56996
19/04/2014,53515
20/04/2014,49043
21/04/2014,58110
22/04/2014,78042
23/04/2014,73954
24/04/2014,72694
25/04/2014,72650
26/04/2014,52175
27/04/2014,52629
28/04/2014,64546
29/04/2014,65057
30/04/2014,63638
01/05/2014,59658
02/05/2014,59981
03/05/2014,54157
04/05/2014,51769
05/05/2014,67763
06/05/2014,77228
07/05/2014,69825
08/05/2014,68937
09/05/2014,66293
10/05/2014,56416
11/05/2014,52590
12/05/2014,74418
13/05/2014,69357
14/05/2014,69808
15/05/2014,74893
16/05/2014,65433
17/05/2014,53511
18/05/2014,49912
19/05/2014,64094
20/05/2014,71520
21/05/2014,68905
22/05/2014,73343
23/05/2014,72810
24/05/2014,52872
25/05/2014,57566
26/05/2014,67007
27/05/2014,68524
28/05/2014,72338
29/05/2014,65362
30/05/2014,65127
31/05/2014,52172
01/06/2014,55222
02/06/2014,64434
03/06/2014,69695
04/06/2014,65054
05/06/2014,66945
06/06/2014,62342
07/06/2014,51210
08/06/2014,48308
09/06/2014,59875
10/06/2014,63316
11/06/2014,62827
12/06/2014,64744
13/06/2014,64739
14/06/2014,53596
15/06/2014,53916
16/06/2014,68262
17/06/2014,70077
18/06/2014,63888
19/06/2014,62454
20/06/2014,57381
21/06/2014,51173
22/06/2014,50104
23/06/2014,60216
24/06/2014,64883
25/06/2014,64397
26/06/2014,61432
27/06/2014,62966
28/06/2014,54392
29/06/2014,49094
30/06/2014,70231
01/07/2014,69443
02/07/2014,66728
03/07/2014,62849
04/07/2014,59494
05/07/2014,49954
06/07/2014,52139
07/07/2014,64686
08/07/2014,70117
09/07/2014,68518
10/07/2014,64605
11/07/2014,59077
12/07/2014,53454
13/07/2014,52417
14/07/2014,62761
15/07/2014,72316
16/07/2014,65571
17/07/2014,66233
18/07/2014,64062
19/07/2014,59553
20/07/2014,52001
21/07/2014,64190
22/07/2014,66858
23/07/2014,66883
24/07/2014,66276
25/07/2014,61498
26/07/2014,56333
27/07/2014,51991
28/07/2014,64744
29/07/2014,61607
30/07/2014,66153
31/07/2014,69761
01/08/2014,67915
02/08/2014,54989
03/08/2014,53621
04/08/2014,67847
05/08/2014,72823
06/08/2014,80402
07/08/2014,69913
08/08/2014,68297
09/08/2014,60599
10/08/2014,57913
11/08/2014,75575
12/08/2014,76982
13/08/2014,75738
14/08/2014,79082
15/08/2014,73193
16/08/2014,67974
17/08/2014,60223
18/08/2014,72758
19/08/2014,74740
20/08/2014,73842
21/08/2014,73164
22/08/2014,66998
23/08/2014,57593
24/08/2014,56695
25/08/2014,69894
26/08/2014,72660
27/08/2014,74581
28/08/2014,68628
29/08/2014,68614
30/08/2014,61214
31/08/2014,57755
01/09/2014,70383
02/09/2014,71909
03/09/2014,71868
04/09/2014,70810
05/09/2014,68038
06/09/2014,63369
07/09/2014,60352
08/09/2014,75766
09/09/2014,81812
10/09/2014,72558
11/09/2014,66026
12/09/2014,68384
13/09/2014,61246
14/09/2014,67655
15/09/2014,78666
16/09/2014,87234
17/09/2014,80305
18/09/2014,77364
19/09/2014,69437
20/09/2014,63482
21/09/2014,59800
22/09/2014,73289
23/09/2014,77283
24/09/2014,74974
25/09/2014,78523
26/09/2014,72555
27/09/2014,63138
28/09/2014,62440
29/09/2014,77924
30/09/2014,78006
01/10/2014,78779
02/10/2014,72086
03/10/2014,75094
04/10/2014,66632
05/10/2014,67330
06/10/2014,78049
07/10/2014,79069
08/10/2014,78818
09/10/2014,82789
10/10/2014,81058
11/10/2014,65020
12/10/2014,63509
13/10/2014,77942
14/10/2014,81364
15/10/2014,76257
16/10/2014,75737
17/10/2014,70839
18/10/2014,66477
19/10/2014,63255
20/10/2014,82700
21/10/2014,81651
22/10/2014,79987
23/10/2014,80638
24/10/2014,77906
25/10/2014,72515
26/10/2014,70762
27/10/2014,83977
28/10/2014,87980
29/10/2014,93667
30/10/2014,92622
31/10/2014,85703
01/11/2014,69591
02/11/2014,77170
03/11/2014,90351
04/11/2014,87617
05/11/2014,89460
06/11/2014,94296
07/11/2014,83957
08/11/2014,72717
09/11/2014,72212
10/11/2014,88994
11/11/2014,85618
12/11/2014,95579
13/11/2014,92958
14/11/2014,86307
15/11/2014,73242
16/11/2014,76009
17/11/2014,88354
18/11/2014,87524
19/11/2014,85271
20/11/2014,89388
21/11/2014,82179
22/11/2014,74725
23/11/2014,77283
24/11/2014,85807
25/11/2014,86134
26/11/2014,85111
27/11/2014,84682
28/11/2014,85912
29/11/2014,79098
30/11/2014,85013
01/12/2014,97623
02/12/2014,99419
03/12/2014,99348
04/12/2014,98348
05/12/2014,90900
06/12/2014,81230
07/12/2014,74792
08/12/2014,90746
09/12/2014,90220
10/12/2014,88798
11/12/2014,84005
12/12/2014,81297
13/12/2014,76207
14/12/2014,79703
15/12/2014,94459
16/12/2014,101064
17/12/2014,98444
18/12/2014,95207
19/12/2014,95405
20/12/2014,86901
21/12/2014,78963
22/12/2014,96511
23/12/2014,99469
24/12/2014,82347
25/12/2014,67918
26/12/2014,76198
27/12/2014,76814
28/12/2014,75715
29/12/2014,83447
30/12/2014,85049
31/12/2014,77411
01/01/2015,59344
02/01/2015,79287
03/01/2015,82227
04/01/2015,85694
05/01/2015,95585
06/01/2015,87821
07/01/2015,89916
08/01/2015,107132
09/01/2015,102275
10/01/2015,104874
11/01/2015,90630
12/01/2015,98969
13/01/2015,102309
14/01/2015,104765
15/01/2015,120390
16/01/2015,104699
17/01/2015,90499
18/01/2015,83186
19/01/2015,98485
20/01/2015,98925
21/01/2015,96959
22/01/2015,93698
23/01/2015,92011
24/01/2015,83557
25/01/2015,86558
26/01/2015,108181
27/01/2015,99393
28/01/2015,85232
29/01/2015,90879
30/01/2015,81199
31/01/2015,86312
01/02/2015,78994
02/02/2015,85987
03/02/2015,91793
04/02/2015,90814
05/02/2015,86567
06/02/2015,85705
07/02/2015,85699
08/02/2015,82679
09/02/2015,104758
10/02/2015,102975
11/02/2015,97048
12/02/2015,87427
13/02/2015,113660
14/02/2015,98773
15/02/2015,85267
16/02/2015,104632
17/02/2015,102988
18/02/2015,105719
19/02/2015,94552
20/02/2015,98714
21/02/2015,87827
22/02/2015,84942
23/02/2015,101515
24/02/2015,105125
25/02/2015,105394
26/02/2015,100817
27/02/2015,101474
28/02/2015,89632
01/03/2015,88728
02/03/2015,104937
03/03/2015,110981
04/03/2015,98529
05/03/2015,101115
06/03/2015,93869
07/03/2015,91505
08/03/2015,87527
09/03/2015,105536
10/03/2015,105541
11/03/2015,100765
12/03/2015,97095
13/03/2015,96036
14/03/2015,89511
15/03/2015,84934
16/03/2015,105218
17/03/2015,99561
18/03/2015,99607
19/03/2015,106297
20/03/2015,103532
21/03/2015,92836
22/03/2015,90586
23/03/2015,106019
24/03/2015,92927
25/03/2015,97138
26/03/2015,101181
27/03/2015,99491
28/03/2015,87374
29/03/2015,90516
30/03/2015,106355
31/03/2015,115111
01/04/2015,119343
02/04/2015,112070
03/04/2015,104546
04/04/2015,89651
05/04/2015,95023
06/04/2015,107449
07/04/2015,108714
08/04/2015,110751
09/04/2015,116620
10/04/2015,112826
11/04/2015,99429
12/04/2015,86999
13/04/2015,115407
14/04/2015,110150
15/04/2015,107606
16/04/2015,99046
17/04/2015,102755
18/04/2015,97709
19/04/2015,91134
20/04/2015,116746
21/04/2015,112502
22/04/2015,111878
23/04/2015,109838
24/04/2015,108776
25/04/2015,98465
26/04/2015,92999
27/04/2015,113775
28/04/2015,113193
29/04/2015,117260
30/04/2015,112958
01/05/2015,99560
02/05/2015,95102
03/05/2015,84602
04/05/2015,104000
05/05/2015,115348
06/05/2015,111733
07/05/2015,111125
08/05/2015,109145
09/05/2015,94716
10/05/2015,89409
11/05/2015,111374
12/05/2015,110101
13/05/2015,108858
14/05/2015,101584
15/05/2015,105160
16/05/2015,90686
17/05/2015,87162
18/05/2015,98578
19/05/2015,107346
20/05/2015,106888
21/05/2015,98302
22/05/2015,102770
23/05/2015,86279
24/05/2015,94044
25/05/2015,106086
26/05/2015,108384
27/05/2015,108089
28/05/2015,110980
29/05/2015,124052
30/05/2015,127801
31/05/2015,98784
01/06/2015,128696
02/06/2015,128207
03/06/2015,127600
04/06/2015,118346
05/06/2015,110201
06/06/2015,92696
07/06/2015,83627
08/06/2015,108173
09/06/2015,121638
10/06/2015,131279
11/06/2015,120624
12/06/2015,126945
13/06/2015,105843
14/06/2015,103036
15/06/2015,129389
16/06/2015,121541
17/06/2015,133122
18/06/2015,124929
19/06/2015,125222
20/06/2015,102012
21/06/2015,96654
22/06/2015,119345
23/06/2015,125560
24/06/2015,113093
25/06/2015,111468
26/06/2015,116432
27/06/2015,106004
28/06/2015,99145
29/06/2015,124180
30/06/2015,155869
01/07/2015,144112
02/07/2015,142153
03/07/2015,129719
04/07/2015,104582
05/07/2015,115084
06/07/2015,174070
07/07/2015,190747
08/07/2015,201747
09/07/2015,191163
10/07/2015,193020
11/07/2015,186200
12/07/2015,208685
13/07/2015,159695
14/07/2015,122618
15/07/2015,115570
16/07/2015,114387
17/07/2015,116906
18/07/2015,130695
19/07/2015,120887
20/07/2015,125258
21/07/2015,133785
22/07/2015,131259
23/07/2015,109620
24/07/2015,109918
25/07/2015,100544
26/07/2015,92776
27/07/2015,115226
28/07/2015,118350
29/07/2015,143200
30/07/2015,123577
31/07/2015,147503
01/08/2015,147481
02/08/2015,103600
03/08/2015,119844
04/08/2015,132547
05/08/2015,133758
06/08/2015,134838
07/08/2015,111345
08/08/2015,101512
09/08/2015,90534
10/08/2015,116841
11/08/2015,114741
12/08/2015,117898
13/08/2015,117507
14/08/2015,111255
15/08/2015,94944
16/08/2015,89498
17/08/2015,115049
18/08/2015,119798
19/08/2015,120151
20/08/2015,118230
21/08/2015,113792
22/08/2015,105665
23/08/2015,94529
24/08/2015,125368
25/08/2015,121973
26/08/2015,122852
27/08/2015,120079
28/08/2015,120385
29/08/2015,107489
30/08/2015,98339
31/08/2015,127260
01/09/2015,130410
02/09/2015,150066
03/09/2015,128682
04/09/2015,103973
05/09/2015,124218
06/09/2015,106293
07/09/2015,125467
08/09/2015,125379
09/09/2015,126457
10/09/2015,124951
11/09/2015,180002
12/09/2015,137740
13/09/2015,146048
14/09/2015,166715
15/09/2015,162999
16/09/2015,167269
17/09/2015,259279
18/09/2015,161504
19/09/2015,114851
20/09/2015,109158
21/09/2015,131679
22/09/2015,136784
23/09/2015,131400
24/09/2015,125367
25/09/2015,128166
26/09/2015,115622
27/09/2015,108749
28/09/2015,138570
29/09/2015,140664
30/09/2015,139848
01/10/2015,134327
02/10/2015,139746
03/10/2015,119567
04/10/2015,103531
05/10/2015,125548
06/10/2015,144510
07/10/2015,134931
08/10/2015,140348
09/10/2015,114644
10/10/2015,127005
11/10/2015,104550
12/10/2015,134410
13/10/2015,134878
14/10/2015,141985
15/10/2015,153495
16/10/2015,143286
17/10/2015,135911
18/10/2015,119706
19/10/2015,143969
20/10/2015,146349
21/10/2015,150199
22/10/2015,147402
23/10/2015,143468
24/10/2015,140128
25/10/2015,131488
26/10/2015,116400
27/10/2015,153740
28/10/2015,160175
29/10/2015,161062
30/10/2015,166695
31/10/2015,155400
01/11/2015,152488
02/11/2015,172108
03/11/2015,186362
04/11/2015,204198
05/11/2015,182809
06/11/2015,166893
07/11/2015,151497
08/11/2015,132550
09/11/2015,159836
10/11/2015,161962
11/11/2015,158929
12/11/2015,157847
13/11/2015,154827
14/11/2015,150474
15/11/2015,143369
16/11/2015,158316
17/11/2015,156688
18/11/2015,165269
19/11/2015,154483
20/11/2015,155774
21/11/2015,151035
22/11/2015,129659
23/11/2015,145272
24/11/2015,152324
25/11/2015,151861
26/11/2015,164671
27/11/2015,160235
28/11/2015,165676
29/11/2015,129850
30/11/2015,182648
01/12/2015,178112
02/12/2015,183523
03/12/2015,164774
04/12/2015,173586
05/12/2015,186194
06/12/2015,179712
07/12/2015,192830
08/12/2015,195221
09/12/2015,220323
10/12/2015,212036
11/12/2015,210259
12/12/2015,204141
13/12/2015,189914
14/12/2015,231477
15/12/2015,223998
16/12/2015,220420
17/12/2015,216297
18/12/2015,213847
19/12/2015,213876
20/12/2015,193847
21/12/2015,229444
22/12/2015,222717
23/12/2015,221075
24/12/2015,210228
25/12/2015,180383
26/12/2015,179363
27/12/2015,160271
28/12/2015,173129
29/12/2015,184618
30/12/2015,176447
31/12/2015,155362
01/01/2016,124092
02/01/2016,149038
03/01/2016,142608
04/01/2016,181354
05/01/2016,182371
06/01/2016,172090
07/01/2016,190234
08/01/2016,181407
09/01/2016,179968
10/01/2016,161317
11/01/2016,191196
12/01/2016,194874
13/01/2016,188131
14/01/2016,183182
15/01/2016,183642
16/01/2016,191300
17/01/2016,204128
18/01/2016,213905
19/01/2016,186858
20/01/2016,209071
21/01/2016,222743
22/01/2016,213683
23/01/2016,190400
24/01/2016,201425
25/01/2016,222150
26/01/2016,230523
27/01/2016,229677
28/01/2016,225025
29/01/2016,224394
30/01/2016,194794
31/01/2016,176045
01/02/2016,222398
02/02/2016,241722
03/02/2016,191224
04/02/2016,200661
05/02/2016,225488
06/02/2016,224156
07/02/2016,212190
08/02/2016,224755
09/02/2016,231240
10/02/2016,235527
11/02/2016,220934
12/02/2016,202527
13/02/2016,184675
14/02/2016,186088
15/02/2016,220349
16/02/2016,215940
17/02/2016,227235
18/02/2016,212979
19/02/2016,217436
20/02/2016,215728
21/02/2016,206617
22/02/2016,237696
23/02/2016,244748
24/02/2016,224927
25/02/2016,216290
26/02/2016,203635
27/02/2016,182177
28/02/2016,233436
29/02/2016,265320
01/03/2016,277094
02/03/2016,270206
03/03/2016,221652
04/03/2016,207485
05/03/2016,234992
06/03/2016,161739
07/03/2016,183255
08/03/2016,200298
09/03/2016,190388
10/03/2016,188726
11/03/2016,189816
12/03/2016,168013
13/03/2016,149803
14/03/2016,191341
15/03/2016,202426
16/03/2016,211992
17/03/2016,208319
18/03/2016,206022
19/03/2016,177478
20/03/2016,178143
21/03/2016,199006
22/03/2016,205208
23/03/2016,186808
24/03/2016,190094
25/03/2016,172309
26/03/2016,159049
27/03/2016,160266
28/03/2016,196080
29/03/2016,197409
30/03/2016,201028
31/03/2016,206476
01/04/2016,211922
02/04/2016,183503
03/04/2016,178429
04/04/2016,208929
05/04/2016,216176
06/04/2016,219290
07/04/2016,218463
08/04/2016,214191
09/04/2016,196441
10/04/2016,186954
11/04/2016,230040
12/04/2016,240206
13/04/2016,223506
14/04/2016,227928
15/04/2016,212178
16/04/2016,182004
17/04/2016,192428
18/04/2016,220395
19/04/2016,226511
20/04/2016,216780
21/04/2016,212795
22/04/2016,210976
23/04/2016,185216
24/04/2016,183155
25/04/2016,217564
26/04/2016,250744
27/04/2016,239435
28/04/2016,247957
29/04/2016,261884
30/04/2016,215712
01/05/2016,191430
02/05/2016,223785
03/05/2016,235609
04/05/2016,233691
05/05/2016,229573
06/05/2016,233232
07/05/2016,202062
08/05/2016,189025
09/05/2016,226449
10/05/2016,245721
11/05/2016,234412
12/05/2016,228409
13/05/2016,232146
14/05/2016,211280
15/05/2016,200171
16/05/2016,239809
17/05/2016,238626
18/05/2016,235083
19/05/2016,219145
20/05/2016,209396
21/05/2016,191461
22/05/2016,184348
23/05/2016,222754
24/05/2016,246517
25/05/2016,247841
26/05/2016,220091
27/05/2016,215296
28/05/2016,193054
29/05/2016,178742
30/05/2016,211368
31/05/2016,215249
01/06/2016,234384
02/06/2016,231099
03/06/2016,234669
04/06/2016,196665
05/06/2016,189802
06/06/2016,221171
07/06/2016,231016
08/06/2016,229933
09/06/2016,236353
10/06/2016,228367
11/06/2016,213159
12/06/2016,210711
13/06/2016,251354
14/06/2016,246829
15/06/2016,259202
16/06/2016,267870
17/06/2016,253752
18/06/2016,235317
19/06/2016,218298
20/06/2016,249334
21/06/2016,248164
22/06/2016,235641
23/06/2016,241300
24/06/2016,237625
25/06/2016,206919
26/06/2016,181348
27/06/2016,217029
28/06/2016,212607
29/06/2016,224112
30/06/2016,231960
01/07/2016,205801
02/07/2016,198875
03/07/2016,177127
04/07/2016,213900
05/07/2016,214959
06/07/2016,214691
07/07/2016,215548
08/07/2016,210701
09/07/2016,185405
10/07/2016,162608
11/07/2016,218089
12/07/2016,219034
13/07/2016,216503
14/07/2016,217695
15/07/2016,216081
16/07/2016,182192
17/07/2016,171013
18/07/2016,222835
19/07/2016,222146
20/07/2016,227429
21/07/2016,217606
22/07/2016,221404
23/07/2016,195796
24/07/2016,183890
25/07/2016,239715
26/07/2016,237673
27/07/2016,235603
28/07/2016,234863
29/07/2016,231414
30/07/2016,199484
31/07/2016,192254
01/08/2016,225049
02/08/2016,251098
03/08/2016,241782
04/08/2016,231835
05/08/2016,228244
06/08/2016,195669
07/08/2016,192414
08/08/2016,235295
09/08/2016,231400
10/08/2016,244740
11/08/2016,254515
12/08/2016,232973
13/08/2016,214569
14/08/2016,200174
15/08/2016,202896
16/08/2016,254431
17/08/2016,238003
18/08/2016,239541
19/08/2016,246095
20/08/2016,208224
21/08/2016,184904
22/08/2016,228373
23/08/2016,239021
24/08/2016,235130
25/08/2016,234009
26/08/2016,226767
27/08/2016,191098
28/08/2016,174489
29/08/2016,225282
30/08/2016,252002
31/08/2016,225360
01/09/2016,237466
02/09/2016,225856
03/09/2016,182204
04/09/2016,183244
05/09/2016,227683
06/09/2016,232118
07/09/2016,250809
08/09/2016,227006
09/09/2016,220534
10/09/2016,193320
11/09/2016,180391
12/09/2016,208649
13/09/2016,239886
14/09/2016,231800
15/09/2016,233488
16/09/2016,211128
17/09/2016,215529
18/09/2016,191603
19/09/2016,223540
20/09/2016,244315
21/09/2016,239216
22/09/2016,231227
23/09/2016,223187
24/09/2016,208650
25/09/2016,195642
26/09/2016,230769
27/09/2016,240335
28/09/2016,234995
29/09/2016,242730
30/09/2016,250943
01/10/2016,213930
02/10/2016,192683
03/10/2016,258805
04/10/2016,264662
05/10/2016,266811
06/10/2016,274486
07/10/2016,266324
08/10/2016,250672
09/10/2016,210548
10/10/2016,222996
11/10/2016,263565
12/10/2016,233440
13/10/2016,229703
14/10/2016,239724
15/10/2016,210448
16/10/2016,197876
17/10/2016,237232
18/10/2016,251521
19/10/2016,199083
20/10/2016,270380
21/10/2016,265355
22/10/2016,216708
23/10/2016,191578
24/10/2016,226980
25/10/2016,237030
26/10/2016,223316
27/10/2016,326388
28/10/2016,250876
29/10/2016,229689
30/10/2016,207982
31/10/2016,241778
01/11/2016,246650
02/11/2016,268418
03/11/2016,271998
04/11/2016,248043
05/11/2016,238215
06/11/2016,225786
07/11/2016,274281
08/11/2016,296060
09/11/2016,270095
10/11/2016,271374
11/11/2016,254619
12/11/2016,228886
13/11/2016,219657
14/11/2016,270506
15/11/2016,280352
16/11/2016,289789
17/11/2016,277460
18/11/2016,275925
19/11/2016,249760
20/11/2016,243591
21/11/2016,285793
22/11/2016,285635
23/11/2016,276924
24/11/2016,328538
25/11/2016,315387
26/11/2016,277608
27/11/2016,237389
28/11/2016,298530
29/11/2016,289650
30/11/2016,292654
01/12/2016,239682
02/12/2016,315478
03/12/2016,287988
04/12/2016,245650
05/12/2016,278001
06/12/2016,319762
07/12/2016,310754
08/12/2016,282711
09/12/2016,268815
10/12/2016,250241
11/12/2016,229933
12/12/2016,268662
13/12/2016,291757
14/12/2016,286328
15/12/2016,282685
16/12/2016,279361
17/12/2016,238130
18/12/2016,235789
19/12/2016,282129
20/12/2016,296473
21/12/2016,325677
22/12/2016,314644
23/12/2016,304997
24/12/2016,240820
25/12/2016,197364
26/12/2016,244914
27/12/2016,296546
28/12/2016,305394
29/12/2016,304605
30/12/2016,286818
31/12/2016,250273
01/01/2017,180502
02/01/2017,290951
03/01/2017,301664
04/01/2017,328642
05/01/2017,288501
06/01/2017,346405
07/01/2017,282060
08/01/2017,260101
09/01/2017,269947
10/01/2017,323888
11/01/2017,303058
12/01/2017,295125
13/01/2017,272747
14/01/2017,242269
15/01/2017,235999
16/01/2017,267640
17/01/2017,292697
18/01/2017,297100
19/01/2017,300605
20/01/2017,298377
21/01/2017,263562
22/01/2017,236886
23/01/2017,235530
24/01/2017,278177
25/01/2017,304727
26/01/2017,313755
27/01/2017,263332
28/01/2017,246395
29/01/2017,241627
30/01/2017,247408
31/01/2017,307683
01/02/2017,350560
02/02/2017,259559
03/02/2017,323563
04/02/2017,284778
05/02/2017,292101
06/02/2017,230027
07/02/2017,325268
08/02/2017,308316
09/02/2017,346544
10/02/2017,301789
11/02/2017,262686
12/02/2017,237744
13/02/2017,288290
14/02/2017,315084
15/02/2017,294786
16/02/2017,283203
17/02/2017,319767
18/02/2017,286143
19/02/2017,251721
20/02/2017,282728
21/02/2017,279090
22/02/2017,282194
23/02/2017,325913
24/02/2017,343805
25/02/2017,326521
26/02/2017,265203
27/02/2017,284555
28/02/2017,325414
01/03/2017,315883
02/03/2017,329428
03/03/2017,337310
04/03/2017,265780
05/03/2017,280739
06/03/2017,287731
07/03/2017,327902
08/03/2017,297108
09/03/2017,303632
10/03/2017,308482
11/03/2017,280681
12/03/2017,221110
13/03/2017,273079
14/03/2017,310395
15/03/2017,292434
16/03/2017,327034
17/03/2017,292196
18/03/2017,263530
19/03/2017,269336
20/03/2017,277033
21/03/2017,288055
22/03/2017,316593
23/03/2017,287871
24/03/2017,289521
25/03/2017,242975
26/03/2017,221915
27/03/2017,232291
28/03/2017,294001
29/03/2017,283931
30/03/2017,288788
31/03/2017,259403
01/04/2017,255871
02/04/2017,244203
03/04/2017,288141
04/04/2017,256015
05/04/2017,316555
06/04/2017,290465
07/04/2017,295463
08/04/2017,226959
09/04/2017,238286
10/04/2017,273384
11/04/2017,307893
12/04/2017,278093
13/04/2017,228679
14/04/2017,290208
15/04/2017,270705
16/04/2017,211829
17/04/2017,245184
18/04/2017,303091
19/04/2017,310104
20/04/2017,267915
21/04/2017,330354
22/04/2017,268712
23/04/2017,245039
24/04/2017,222671
25/04/2017,325387
26/04/2017,334471
27/04/2017,297884
28/04/2017,305271
29/04/2017,341319
30/04/2017,281489
01/05/2017,294786
02/05/2017,333161
03/05/2017,295149
04/05/2017,354737
05/05/2017,267193
06/05/2017,363022
07/05/2017,316011
08/05/2017,365096
09/05/2017,332879
10/05/2017,311391
11/05/2017,294743
12/05/2017,317698
13/05/2017,329266
14/05/2017,369098
15/05/2017,329229
16/05/2017,233977
17/05/2017,317527
18/05/2017,288904
19/05/2017,319502
20/05/2017,352805
21/05/2017,326057
22/05/2017,327868
23/05/2017,367710
24/05/2017,338642
25/05/2017,350114
26/05/2017,333340
27/05/2017,331914
28/05/2017,308143
29/05/2017,321638
30/05/2017,347961
31/05/2017,321634
01/06/2017,319709
02/06/2017,271539
03/06/2017,305320
04/06/2017,266044
05/06/2017,289930
06/06/2017,297416
07/06/2017,339720
08/06/2017,307377
09/06/2017,282184
10/06/2017,254993
11/06/2017,222892
12/06/2017,269098
13/06/2017,291776
14/06/2017,287644
15/06/2017,293141
16/06/2017,269937
17/06/2017,236554
18/06/2017,209359
19/06/2017,269774
20/06/2017,269438
21/06/2017,280203
22/06/2017,269685
23/06/2017,259938
24/06/2017,227127
25/06/2017,180719
26/06/2017,261906
27/06/2017,259737
28/06/2017,279811
29/06/2017,231054
30/06/2017,267360
01/07/2017,221856
02/07/2017,196539
03/07/2017,253244
04/07/2017,255483
05/07/2017,237008
06/07/2017,225106
07/07/2017,243614
08/07/2017,220835
09/07/2017,188124
10/07/2017,251722
11/07/2017,265759
12/07/2017,257138
13/07/2017,245895
14/07/2017,227903
15/07/2017,221851
16/07/2017,203165
17/07/2017,230315
18/07/2017,260575
19/07/2017,253768
20/07/2017,230199
21/07/2017,268443
22/07/2017,223358
23/07/2017,181031
24/07/2017,240072
25/07/2017,244036
26/07/2017,237853
27/07/2017,225369
28/07/2017,247207
29/07/2017,211134
30/07/2017,184145
31/07/2017,231012
01/08/2017,131875
02/08/2017,209321
03/08/2017,213017
04/08/2017,235792
05/08/2017,239771
06/08/2017,199627
07/08/2017,249002
08/08/2017,275574
09/08/2017,260955
10/08/2017,257965
11/08/2017,284001
12/08/2017,260521
13/08/2017,263310
14/08/2017,255362
15/08/2017,311002
16/08/2017,274866
17/08/2017,347319
18/08/2017,312250
19/08/2017,266832
20/08/2017,210852
21/08/2017,236772
22/08/2017,196283
23/08/2017,315734
24/08/2017,203805
25/08/2017,208169
26/08/2017,226485
27/08/2017,261891
28/08/2017,223771
29/08/2017,281116
30/08/2017,271466
31/08/2017,280724
01/09/2017,283670
02/09/2017,236811
03/09/2017,195289
04/09/2017,269280
05/09/2017,277948
06/09/2017,276225
07/09/2017,256374
08/09/2017,279488
09/09/2017,217890
10/09/2017,193240
11/09/2017,253492
12/09/2017,256230
13/09/2017,263320
14/09/2017,268068
15/09/2017,292079
16/09/2017,228257
17/09/2017,197683
18/09/2017,218204
19/09/2017,282917
20/09/2017,235723
21/09/2017,255257
22/09/2017,227615
23/09/2017,203861
24/09/2017,185277
25/09/2017,226603
26/09/2017,263648
27/09/2017,257961
28/09/2017,275976
29/09/2017,254438
30/09/2017,212678
01/10/2017,203653
02/10/2017,295002
03/10/2017,282132
04/10/2017,232826
05/10/2017,273243
06/10/2017,283699
07/10/2017,231226
08/10/2017,238385
09/10/2017,296946
10/10/2017,303101
11/10/2017,292459
12/10/2017,293164
13/10/2017,309819
14/10/2017,293140
15/10/2017,283473
16/10/2017,314725
17/10/2017,334438
18/10/2017,329579
19/10/2017,356985
20/10/2017,312409
21/10/2017,312257
22/10/2017,289131
23/10/2017,316096
24/10/2017,347220
25/10/2017,315415
26/10/2017,265827
27/10/2017,246692
28/10/2017,207066
29/10/2017,334025
30/10/2017,316077
31/10/2017,277535
01/11/2017,351529
02/11/2017,341474
03/11/2017,277598
04/11/2017,294121
05/11/2017,251728
06/11/2017,271029
07/11/2017,335636
08/11/2017,301346
09/11/2017,341281
10/11/2017,271745
11/11/2017,194634
12/11/2017,185966
13/11/2017,309299
14/11/2017,271995
15/11/2017,321788
16/11/2017,310396
17/11/2017,306617
18/11/2017,270874
19/11/2017,264855
20/11/2017,336204
21/11/2017,371091
22/11/2017,312033
23/11/2017,352207
24/11/2017,305735
25/11/2017,336689
26/11/2017,329677
27/11/2017,379256
28/11/2017,365977
29/11/2017,398090
30/11/2017,384386
01/12/2017,412908
02/12/2017,326354
03/12/2017,353044
04/12/2017,400686
05/12/2017,405709
06/12/2017,443587
07/12/2017,374917
08/12/2017,385092
09/12/2017,403399
10/12/2017,341420
11/12/2017,368598
12/12/2017,372977
13/12/2017,424579
14/12/2017,490644
15/12/2017,405676
16/12/2017,364222
17/12/2017,391910
18/12/2017,394239
19/12/2017,378622
20/12/2017,370277
21/12/2017,335482
22/12/2017,380648
23/12/2017,308211
24/12/2017,279523
25/12/2017,228926
26/12/2017,247440
27/12/2017,307642
28/12/2017,305053
29/12/2017,353824
30/12/2017,344407
31/12/2017,290422
01/01/2018,241757
02/01/2018,340980
03/01/2018,395963
04/01/2018,425008
05/01/2018,342707
06/01/2018,358847
07/01/2018,368187
08/01/2018,345672
09/01/2018,360265
10/01/2018,347393
11/01/2018,337959
12/01/2018,300091
13/01/2018,265735
14/01/2018,235045
15/01/2018,273623
16/01/2018,303725
17/01/2018,315771
18/01/2018,309495
19/01/2018,243619
20/01/2018,240611
21/01/2018,215622
22/01/2018,245562
23/01/2018,271936
24/01/2018,250423
25/01/2018,236580
26/01/2018,220459
27/01/2018,193578
28/01/2018,213446
29/01/2018,232176
30/01/2018,236609
31/01/2018,204276
01/02/2018,257664
02/02/2018,235918
03/02/2018,194891
04/02/2018,173687
05/02/2018,216363
06/02/2018,244120
07/02/2018,213719
08/02/2018,173289
09/02/2018,177860
10/02/2018,181783
11/02/2018,147208
12/02/2018,186918
13/02/2018,182984
14/02/2018,196417
15/02/2018,198183
16/02/2018,187738
17/02/2018,173789
18/02/2018,159495
19/02/2018,187367
20/02/2018,198455
21/02/2018,205201
22/02/2018,183235
23/02/2018,185193
24/02/2018,68231
