1231488000, 0.0
1231574400, 0.0
1231660800, 0.0
1231747200, 170.147800925926
1231833600, 0.0
1231920000, 76.6742476851852
1232006400, 679.261574074074
1232092800, 408.681712962963
1232179200, 0.0
1232265600, 336.080439814815
1232352000, 3080.10648148148
1232438400, 1507.12905092593
1232524800, 352.490162037037
1232611200, 1967.48148148148
1232697600, 1635.07175925926
1232784000, 2365.34201388889
1232870400, 88.8460648148148
1232956800, 3058.69039351852
1233043200, 281.228009259259
1233129600, 0.0
1233216000, 1498.52662037037
1233302400, 0.0
1233388800, 12310.6984953704
1233475200, 115.096643518519
1233561600, 868.109953703704
1233648000, 881.150729050926
1233734400, 0.0
1233820800, 0.0
1233907200, 0.0
1233993600, 10986.8449074074
1234080000, 7863.28703703704
1234166400, 13623.1400462963
1234252800, 0.0
1234339200, 1198.41475462963
1234425600, 0.0
1234512000, 0.0
1234598400, 0.0
1234684800, 3699.90162037037
1234771200, 6324.31076388889
1234857600, 0.0
1234944000, 0.0
1235030400, 2564.72280092593
1235116800, 0.0
1235203200, 0.0
1235289600, 1983.46469907407
1235376000, 0.0
1235462400, 0.0
1235548800, 0.0
1235635200, 0.0
1235721600, 9944.00868055556
1235808000, 1336.94733796296
1235894400, 0.0
1235980800, 0.0
1236067200, 1611.05844907407
1236153600, 5196.07696759259
1236240000, 932.19212962963
1236326400, 0.0
1236412800, 0.0
1236499200, 5575.09490740741
1236582000, 0.0
1236668400, 0.0
1236754800, 0.0
1236841200, 547.550347222222
1236927600, 2762.87731481481
1237014000, 0.0
1237100400, 0.0
1237186800, 19224.5908564815
1237273200, 0.0
1237359600, 2777.24884259259
1237446000, 0.0
1237532400, 1525.20138888889
1237618800, 0.0
1237705200, 4037.93113425926
1237791600, 0.0
1237878000, 0.0
1237964400, 0.0
1238050800, 5804.42824074074
1238137200, 0.0
1238223600, 4746.96759259259
1238310000, 0.0
1238396400, 0.0
1238482800, 5384.4212962963
1238569200, 0.0
1238655600, 0.0
1238742000, 0.0
1238828400, 0.0
1238914800, 3399.01967592593
1239001200, 0.0
1239087600, 0.0
1239174000, 0.0
1239260400, 0.0
1239346800, 0.0
1239433200, 957.322337962963
1239519600, 3819.06886574074
1239606000, 53.6238425925926
1239692400, 0.0
1239778800, 0.0
1239865200, 0.0
1239951600, 0.0
1240038000, 2922.32757719907
1240124400, 2720.96990740741
1240210800, 102354.090277778
1240297200, 174.462962962963
1240383600, 0.0
1240470000, 0.0
1240556400, 0.0
1240642800, 0.0
1240729200, 3163.94502314815
1240815600, 0.0
1240902000, 0.0
1240988400, 5300.38368055556
1241074800, 0.0
1241161200, 0.0
1241247600, 4874.7433787037
1241334000, 83.7731481481481
1241420400, 5524.18171296296
1241506800, 1266.83217592593
1241593200, 0.0
1241679600, 0.0
1241766000, 0.0
1241852400, 0.0
1241938800, 0.0
1242025200, 191.289930555556
1242111600, 0.0
1242198000, 468.597349537037
1242284400, 442.691550925926
1242370800, 4031.70949074074
1242457200, 0.0
1242543600, 0.0
1242630000, 0.0
1242716400, 0.0
1242802800, 0.0
1242889200, 0.0
1242975600, 0.0
1243062000, 0.0
1243148400, 0.0
1243234800, 0.0
1243321200, 0.0
1243407600, 0.0
1243494000, 0.0
1243580400, 26583.3668981481
1243666800, 0.0
1243753200, 0.0
1243839600, 2101.53587962963
1243926000, 0.0
1244012400, 0.0
1244098800, 0.0
1244185200, 0.0
1244271600, 0.0
1244358000, 0.0
1244444400, 0.0
1244530800, 0.0
1244617200, 0.0
1244703600, 0.0
1244790000, 0.0
1244876400, 0.0
1244962800, 0.0
1245049200, 0.0
1245135600, 0.0
1245222000, 0.0
1245308400, 0.0
1245394800, 0.0
1245481200, 0.0
1245567600, 0.0
1245654000, 45720.5625
1245740400, 0.0
1245826800, 6472.53587326389
1245913200, 6954.55150462963
1245999600, 0.0
1246086000, 0.0
1246172400, 84.0295138888889
1246258800, 98.5260416666667
1246345200, 146.308101851852
1246431600, 159.990740740741
1246518000, 109.809027777778
1246604400, 0.0
1246690800, 0.0
1246777200, 0.0
1246863600, 0.0
1246950000, 0.0
1247036400, 0.0
1247122800, 0.0
1247209200, 0.0
1247295600, 0.0
1247382000, 0.0
1247468400, 0.0
1247554800, 0.0
1247641200, 0.0
1247727600, 0.0
1247814000, 0.0
1247900400, 0.0
1247986800, 0.0
1248073200, 98568.8019901621
1248159600, 0.0
1248246000, 0.0
1248332400, 0.0
1248418800, 0.0
1248505200, 0.0
1248591600, 0.0
1248678000, 0.0
1248764400, 0.0
1248850800, 312.236111111111
1248937200, 297.997106481481
1249023600, 0.0
1249110000, 0.0
1249196400, 0.0
1249282800, 0.0
1249369200, 0.0
1249455600, 0.0
1249542000, 0.0
1249628400, 67908.8304344907
1249714800, 0.0
1249801200, 0.0
1249887600, 0.0
1249974000, 0.0
1250060400, 0.0
1250146800, 0.0
1250233200, 0.0
1250319600, 0.0
1250406000, 0.0
1250492400, 0.0
1250578800, 0.0
1250665200, 0.0
1250751600, 0.0
1250838000, 0.0
1250924400, 0.0
1251010800, 0.0
1251097200, 0.0
1251183600, 0.0
1251270000, 39468.9003644676
1251356400, 0.0
1251442800, 0.0
1251529200, 0.0
1251615600, 73.4675925925926
1251702000, 682.984375
1251788400, 0.0
1251874800, 0.0
1251961200, 2465.81712962963
1252047600, 0.0
1252134000, 0.0
1252220400, 0.0
1252306800, 1642.45081018519
1252393200, 0.0
1252479600, 0.0
1252566000, 0.0
1252652400, 0.0
1252738800, 0.0
1252825200, 0.0
1252911600, 0.0
1252998000, 0.0
1253084400, 20.8709606481481
1253170800, 61479.1030092593
1253257200, 0.0
1253343600, 0.0
1253430000, 0.0
1253516400, 3796.66608796296
1253602800, 19552.5480324074
1253689200, 0.0
1253775600, 0.0
1253862000, 3807.45891203704
1253948400, 0.0
1254034800, 1499.59780092593
1254121200, 0.0
1254207600, 6755.83622685185
1254294000, 0.0
1254380400, 0.0
1254466800, 2080.30787037037
1254553200, 0.0
1254639600, 0.0
1254726000, 0.0
1254812400, 3113.43113425926
1254898800, 0.0
1254985200, 0.0
1255071600, 0.0
1255158000, 0.0
1255244400, 0.0
1255330800, 326966.690972222
1255417200, 0.0
1255503600, 0.0
1255590000, 0.0
1255676400, 56682.9768518519
1255762800, 0.0
1255849200, 963.270833333333
1255935600, 0.0
1256022000, 66485.6796074074
1256108400, 10059.7537583333
1256194800, 70999.369212963
1256281200, 0.0
1256367600, 27049.1064814815
1256454000, 0.0
1256540400, 0.0
1256626800, 34618.5943287037
1256713200, 0.0
1256799600, 10881.2413194444
1256886000, 0.0
1256972400, 0.0
1257058800, 0.0
1257148800, 0.0
1257235200, 0.0
1257321600, 125227.684027778
1257408000, 0.0
1257494400, 0.0
1257580800, 0.0
1257667200, 0.0
1257753600, 0.0
1257840000, 0.0
1257926400, 108418.97974537
1258012800, 0.0
1258099200, 1708.6255787037
1258185600, 0.0
1258272000, 0.0
1258358400, 0.0
1258444800, 0.0
1258531200, 0.0
1258617600, 179235.667824074
1258704000, 0.0
1258790400, 0.0
1258876800, 0.0
1258963200, 0.0
1259049600, 0.0
1259136000, 0.0
1259222400, 0.0
1259308800, 0.0
1259395200, 0.0
1259481600, 0.0
1259568000, 0.0
1259654400, 1114377.50983796
1259740800, 0.0
1259827200, 0.0
1259913600, 0.0
1260000000, 9204.39409722222
1260086400, 235.195949074074
1260172800, 0.0
1260259200, 3015.57060185185
1260345600, 2907.89465277778
1260432000, 0.0
1260518400, 0.0
1260604800, 14103.021412037
1260691200, 0.0
1260777600, 206689.853176505
1260864000, 17219.4121759259
1260950400, 2091.12326388889
1261036800, 41768.4951267361
1261123200, 0.0
1261209600, 163.924189814815
1261296000, 0.0
1261382400, 154.009837962963
1261468800, 0.0
1261555200, 0.0
1261641600, 0.0
1261728000, 3712.69907407407
1261814400, 0.0
1261900800, 1349.08622685185
1261987200, 0.0
1262073600, 0.0
1262160000, 0.0
1262246400, 0.0
1262332800, 155.747106481481
1262419200, 0.0
1262505600, 0.0
1262592000, 434320.668803819
1262678400, 0.0
1262764800, 0.0
1262851200, 0.0
1262937600, 0.0
1263024000, 0.0
1263110400, 0.0
1263196800, 0.0
1263283200, 483458.907407407
1263369600, 2053.06215277778
1263456000, 5815.15706018519
1263542400, 766.819664351852
1263628800, 1253.51123842593
1263715200, 0.0
1263801600, 231.970486111111
1263888000, 0.0
1263974400, 0.0
1264060800, 162.228587962963
1264147200, 237.920138888889
1264233600, 51.7216550925926
1264320000, 58.5115740740741
1264406400, 9122.61168981481
1264492800, 895.626261574074
1264579200, 1038.92766203704
1264665600, 1112.66724537037
1264752000, 1333.953125
1264838400, 16530.3258101852
1264924800, 1214.44675925926
1265011200, 1368.90625
1265097600, 1802.95891203704
1265184000, 562.732638888889
1265270400, 3937.65322337963
1265356800, 193470.579282407
1265443200, 6423.97453703704
1265529600, 1025.23637731482
1265616000, 193555.206655093
1265702400, 1275604.83564815
1265788800, 853241.565393519
1265875200, 14534.3153935185
1265961600, 14459.9739583333
1266048000, 36281.8322222222
1266134400, 8166.59523194445
1266220800, 23303.3245166667
1266307200, 2245.37945532407
1266393600, 176705.809974421
1266480000, 9796.02150462963
1266566400, 198.740265856481
1266652800, 1257.66319444444
1266739200, 24390.9202577546
1266825600, 196287.851851852
1266912000, 42.4797453703704
1266998400, 121526.553240741
1267084800, 48458.4965277778
1267171200, 48109.7204861111
1267257600, 2022.94043981481
1267344000, 80893.9479166667
1267430400, 5835.68402777778
1267516800, 5684.4849537037
1267603200, 44781.7950462963
1267689600, 1094322.41840278
1267776000, 2120.85763888889
1267862400, 73700.1965394676
1267948800, 32086.6857638889
1268035200, 385236.887875463
1268121600, 32117.2199074074
1268208000, 19133.3443287037
1268294400, 63136.3784722222
1268380800, 1697.53298611111
1268467200, 30081.0520833333
1268553600, 3886.30613425926
1268636400, 889.020787037037
1268722800, 98508.7168171296
1268809200, 74022.2853009259
1268895600, 39575.506712963
1268982000, 61174.2966898148
1269068400, 59441.2655671296
1269154800, 759.699108796296
1269241200, 9635.15914351852
1269327600, 135867.121307755
1269414000, 9635.54861111111
1269500400, 208707.269479167
1269586800, 14971.4155092593
1269673200, 18614.296875
1269759600, 62780.0162037037
1269846000, 15360.15625
1269932400, 3725.86111111111
1270018800, 7051.88770717593
1270105200, 3961.51967592593
1270191600, 2501.40219907407
1270278000, 6849.54348935185
1270364400, 41873.9155092593
1270450800, 207100.795634259
1270537200, 209243.097777778
1270623600, 285746.287641435
1270710000, 36695.9238981481
1270796400, 198265.157502778
1270882800, 761699.214434954
1270969200, 267250.198566551
1271055600, 155195.23045625
1271142000, 3394.1166087963
1271228400, 29265.2218886574
1271314800, 8985456.9135809
1271401200, 459858.509212384
1271487600, 13829.0757513889
1271574000, 60347.0737569445
1271660400, 169851.404577662
1271746800, 340992.120666204
1271833200, 72531.839650463
1271919600, 117273.858983565
1272006000, 4288.77489305556
1272092400, 118302.163759491
1272178800, 322261.362059028
1272265200, 206731.654725579
1272351600, 16058.4031630787
1272438000, 58123.9705778935
1272524400, 7550.96370868056
1272610800, 1294608.99708692
1272697200, 11699.9232731481
1272783600, 5784.45405092593
1272870000, 45654.2052083333
1272956400, 193607.021570602
1273042800, 283741.755808333
1273129200, 390834.993843403
1273215600, 303519.669941319
1273302000, 282996.765223611
1273388400, 113514.85758206
1273474800, 99969.3887037037
1273561200, 5352.52154421296
1273647600, 305866.018547106
1273734000, 94765.3498020833
1273820400, 172596.961724769
1273906800, 22160.0302271991
1273993200, 9225.70318101852
1274079600, 298483.542398611
1274166000, 45019.2508784722
1274252400, 135816.171987616
1274338800, 6591.025275
1274425200, 378183.697541898
1274511600, 428777.674934375
1274598000, 32780.415712963
1274684400, 13506.3209953704
1274770800, 13571.9716435185
1274857200, 206601.164925926
1274943600, 117897.079625
1275030000, 2982459.53330058
1275116400, 227138.031758102
1275202800, 39686.1623969907
1275289200, 33100.7104745371
1275375600, 146060.563295833
1275462000, 89613.9650724537
1275548400, 83749.1546811343
1275634800, 756230.791367477
1275721200, 15125.1524907407
1275807600, 26315.8667717593
1275894000, 703607.594434491
1275980400, 122460.987268519
1276066800, 1330273.76510799
1276153200, 388317.392590046
1276239600, 181721.099390509
1276326000, 34668.7268013889
1276412400, 57868.8645045139
1276498800, 681348.568626852
1276585200, 128251.913125
1276671600, 258956.05517662
1276758000, 675753.309867361
1276844400, 79791.727293287
1276930800, 1504449.46978044
1277017200, 130656.809914583
1277103600, 9722.84789375
1277190000, 72466.1896145834
1277276400, 270327.335069444
1277362800, 495372.729716551
1277449200, 325367.676875
1277535600, 284780.970765046
1277622000, 10052.8877314815
1277708400, 86100.0262418982
1277794800, 600818.434556482
1277881200, 1320187.206936
1277967600, 75846.3506021991
1278054000, 667753.037496296
1278140400, 114661.048587963
1278226800, 378192.483130787
1278313200, 404371.483246065
1278399600, 51392.3473206019
1278486000, 643662.405129746
1278572400, 211570.736821528
1278658800, 11971.9589351852
1278745200, 145222.312428472
1278831600, 263861.839214931
1278918000, 2596378.31519491
1279004400, 259536.057009607
1279090800, 340778.688716435
1279177200, 3151102.23436111
1279263600, 287899.795632986
1279350000, 574967.329451852
1279436400, 1692913.69019607
1279522800, 447356.116313426
1279609200, 90581.1916010417
1279695600, 896695.25749456
1279782000, 270840.86602037
1279868400, 347782.872629282
1279954800, 2596750.00439502
1280041200, 664891.564482292
1280127600, 5093997.53353993
1280214000, 1549222.68021667
1280300400, 281036.918403356
1280386800, 68182.1977814815
1280473200, 119612.502898727
1280559600, 495954.815294097
1280646000, 736577.631123842
1280732400, 103238.283404167
1280818800, 367078.956567477
1280905200, 826105.006780671
1280991600, 145182.433360995
1281078000, 289827.38291412
1281164400, 1028990.73025544
1281250800, 512071.890491204
1281337200, 671842.65850081
1281423600, 500797.278909607
1281510000, 309473.752959491
1281596400, 63177.4840407407
1281682800, 406083.948898727
1281769200, 45541.6799361111
1281855600, 154419.183133565
1281942000, 453348.509043982
1282028400, 165923.791072107
1282114800, 518934.704102315
1282201200, 103069.411222106
1282287600, 114130.800010069
1282374000, 484765.623255093
1282460400, 512537.475505671
1282546800, 50252.5424171296
1282633200, 137237.241207523
1282719600, 48910.6222929398
1282806000, 50960.6379894676
1282892400, 472908.776229398
1282978800, 65881.9912957395
1283065200, 87953.4609832176
1283151600, 95110.3985159785
1283238000, 1024619.38650174
1283324400, 300110.472419478
1283410800, 139697.785142581
1283497200, 434800.783894792
1283583600, 114442.392736343
1283670000, 2232365.05896632
1283756400, 379047.702338195
1283842800, 326472.862739815
1283929200, 98229.3170681803
1284015600, 962060.023594846
1284102000, 43005.2462392831
1284188400, 95922.2380744213
1284274800, 369866.082066641
1284361200, 528332.906623051
1284447600, 187087.580361458
1284534000, 805943.835834476
1284620400, 893233.831433102
1284706800, 10098698.5902179
1284793200, 320951.159634606
1284879600, 245996.718713233
1284966000, 369070.194362153
1285052400, 131528.243003798
1285138800, 329826.042373032
1285225200, 933676.541948495
1285311600, 96387.2829585648
1285398000, 376561.202008218
1285484400, 146018.781577546
1285570800, 3199318.36267593
1285657200, 19180034.7140039
1285743600, 839804.853342014
1285830000, 437017.656608333
1285916400, 7810695.22711959
1286002800, 11241848.6947032
1286089200, 346449.840351485
1286175600, 1596530.61414022
1286262000, 6542295.00615992
1286348400, 423593.920641414
1286434800, 771559.058454745
1286521200, 1966636.0913397
1286607600, 1428747.35065393
1286694000, 1183754.28952465
1286780400, 533748.745700769
1286866800, 392659.525839121
1286953200, 3918422.602925
1287039600, 895310.089710648
1287126000, 1826192.52696944
1287212400, 4054634.16252501
1287298800, 247099.650134491
1287385200, 178290.785039815
1287471600, 306096.820562847
1287558000, 376376.957521412
1287644400, 1375548.118151
1287730800, 276404.301569676
1287817200, 667506.351555208
1287903600, 1277594.64573356
1287990000, 667153.155195833
1288076400, 515444.890601157
1288162800, 1142355.10362095
1288249200, 2977623.6343184
1288335600, 483660.503920486
1288422000, 578705.307574653
1288508400, 547478.99278125
1288594800, 541385.601970371
1288681200, 783142.145373032
1288767600, 314226.22900787
1288854000, 2217693.89177515
1288940400, 1345116.71218414
1289026800, 6681816.82507928
1289113200, 396466.830896991
1289203200, 6369683.15317743
1289289600, 796149.216072454
1289376000, 156484.876298148
1289462400, 137950.968091667
1289548800, 84635.7032621528
1289635200, 603587.688456712
1289721600, 1054242.07280081
1289808000, 9174228.48341123
1289894400, 503216.535359722
1289980800, 210678.306851968
1290067200, 248991.779980965
1290153600, 1006378.89720243
1290240000, 724796.575412732
1290326400, 220346.728245486
1290412800, 207346.131618171
1290499200, 793463.502951736
1290585600, 901035.325522106
1290672000, 1278533.90342292
1290758400, 1211665.05749248
1290844800, 567420.79449676
1290931200, 182082.315439583
1291017600, 271722.215045139
1291104000, 1102714.8727669
1291190400, 495243.348506597
1291276800, 2241034.00842269
1291363200, 216760.211734722
1291449600, 584115.701567994
1291536000, 472289.809351852
1291622400, 3744927.14602785
1291708800, 2100434.80055007
1291795200, 168804.072704399
1291881600, 456374.860695529
1291968000, 563305.005614352
1292054400, 791089.901646853
1292140800, 205147.915145999
1292227200, 1644298.54943001
1292313600, 136848.501253987
1292400000, 824346.064891663
1292486400, 219146.369902617
1292572800, 113458.602089532
1292659200, 579569.903518677
1292745600, 732864.575468046
1292832000, 3126578.93628062
1292918400, 7991553.29287733
1293004800, 193057.672213228
1293091200, 226595.088552662
1293177600, 205012.303410475
1293264000, 453373.556011667
1293350400, 376767.279348426
1293436800, 1297094.37227472
1293523200, 350401.12307424
1293609600, 1506117.29782352
1293696000, 477292.947058802
1293782400, 585431.460504466
1293868800, 118666.816251208
1293955200, 1469862.9988262
1294041600, 532790.29341312
1294128000, 133619.19895386
1294214400, 351778.625766515
1294300800, 537014.863393128
1294387200, 613064.394140073
1294473600, 884666.081255555
1294560000, 386254.276351971
1294646400, 2064268.43875417
1294732800, 9101736.82965112
1294819200, 275739.85840108
1294905600, 2216776.25227802
1294992000, 1410380.83576049
1295078400, 270223.96268444
1295164800, 1776900.58390562
1295251200, 718078.416521941
1295337600, 818363.18954872
1295424000, 3771322.83139906
1295510400, 618661.159247889
1295596800, 612959.98919048
1295683200, 711948.45962428
1295769600, 2239381.83895091
1295856000, 1555813.13139905
1295942400, 435098.215662094
1296028800, 3091889.70160799
1296115200, 29651878.0717592
1296201600, 1658237.52469514
1296288000, 2974154.57899861
1296374400, 451173.291852654
1296460800, 2116575.90267056
1296547200, 1643225.17660265
1296633600, 1894288.4110396
1296720000, 652903.818085248
1296806400, 981066.159074735
1296892800, 637012.050674267
1296979200, 1866740.46648345
1297065600, 4828258.3464633
1297152000, 367015.259363542
1297238400, 2046037.30999099
1297324800, 984804.13585621
1297411200, 2592324.64096497
1297497600, 579765.777115809
1297584000, 538034.432851573
1297670400, 7802094.22221168
1297756800, 556034.410849755
1297843200, 425352.504278664
1297929600, 270731.53477164
1298016000, 1040999.08396074
1298102400, 607772.032948727
1298188800, 903840.940094792
1298275200, 553941.743898033
1298361600, 962621.704055097
1298448000, 392352.903039668
1298534400, 1435748.85089185
1298620800, 665448.390841868
1298707200, 4315577.83443907
1298793600, 2455561.09529596
1298880000, 1577842.47546706
1298966400, 20050844.5370434
1299052800, 817502.115525877
1299139200, 280568.612365745
1299225600, 930097.145910048
1299312000, 1366925.06950206
1299398400, 234002.451362325
1299484800, 313822.60804737
1299571200, 940685.015195867
1299657600, 133634.029981915
1299744000, 382868.030113069
1299830400, 673338.99110337
1299916800, 1858915.99085321
1300003200, 867176.910474
1300086000, 3344991.11210238
1300172400, 1394562.72753979
1300258800, 5558007.43260888
1300345200, 1254091.14846851
1300431600, 380615.112478857
1300518000, 376730.241535567
1300604400, 201472.528895572
1300690800, 1108804.36204038
1300777200, 748875.573262696
1300863600, 1483247.57989684
1300950000, 3630053.24934043
1301036400, 414416.012386953
1301122800, 3124900.68214666
1301209200, 1546173.45500524
1301295600, 689847.124909379
1301382000, 386257.826599235
1301468400, 335125.162755797
1301554800, 515150.063379222
1301641200, 480140.211333054
1301727600, 253693.877412193
1301814000, 277654.29446302
1301900400, 3101387.98941298
1301986800, 2204996.18330752
1302073200, 889458.359692526
1302159600, 634825.355186072
1302246000, 1055637.73000149
1302332400, 215577.669512082
1302418800, 244612.16019458
1302505200, 485307.491017479
1302591600, 1619413.30015824
1302678000, 1492287.50633047
1302764400, 1133425.36530438
1302850800, 2939981.4628745
1302937200, 2703667.09747703
1303023600, 802436.019216957
1303110000, 2960356.4094007
1303196400, 1835988.52456152
1303282800, 1371112.85864712
1303369200, 832636.620727729
1303455600, 2878718.63999591
1303542000, 4547554.97334894
1303628400, 1793595.01304965
1303714800, 2013774.22502026
1303801200, 1697521.79329642
1303887600, 2139226.86720836
1303974000, 3628268.18291366
1304060400, 27491948.2262959
1304146800, 3629602.85514075
1304233200, 2456166.92973887
1304319600, 2651926.63229219
1304406000, 3853682.19723053
1304492400, 9058473.29364623
1304578800, 1345705.47960629
1304665200, 4031443.80595443
1304751600, 1694090.66966038
1304838000, 2915026.84697716
1304924400, 1850254.47320067
1305010800, 4245492.4895352
1305097200, 5808562.60317354
1305183600, 10312234.902355
1305270000, 7713855.40640977
1305356400, 4080828.71138414
1305442800, 2987539.02071123
1305529200, 14614932.2225217
1305615600, 1907446.83319732
1305702000, 2170005.4327314
1305788400, 5373105.93600959
1305874800, 2987541.27786222
1305961200, 4012969.98986285
1306047600, 1277156.36432462
1306134000, 1613605.61124268
1306220400, 3686666.94757248
1306306800, 2479900.96461995
1306393200, 2014747.26975038
1306479600, 2798138.37105388
1306566000, 1567523.7122406
1306652400, 876355.607648623
1306738800, 2901681.67796097
1306825200, 1995654.08242089
1306911600, 1843619.62966626
1306998000, 12683566.2827756
1307084400, 16300488.6749822
1307170800, 2640581.12046521
1307257200, 9300500.76067461
1307343600, 10379207.014396
1307430000, 4442648.64222394
1307516400, 22160532.4185657
1307602800, 10682904.3435781
1307689200, 15127681.5229304
1307775600, 18537447.3768142
1307862000, 12028951.8770704
1307948400, 15939757.1852317
1308034800, 52413656.2660238
1308121200, 21754307.1427494
1308207600, 20030425.6314006
1308294000, 7660537.04808808
1308380400, 1615513.88363576
1308466800, 18526649.2288885
1308553200, 2561634.89453122
1308639600, 2275754.22784348
1308726000, 748912.377528495
1308812400, 2523442.4472291
1308898800, 3041655.88609277
1308985200, 1101974.00260854
1309071600, 6669370.44697775
1309158000, 13038996.7885676
1309244400, 8427359.52994526
1309330800, 2825745.85437944
1309417200, 2458623.15621107
1309503600, 1603688.98218801
1309590000, 892204.87945639
1309676400, 1262126.95100307
1309762800, 1244505.6261101
1309849200, 5841837.25313054
1309935600, 1274183.6803514
1310022000, 1115668.09601137
1310108400, 1259025.39578881
1310194800, 569300.415159402
1310281200, 5011481.8069544
1310367600, 2313660.54831055
1310454000, 990879.586124823
1310540400, 711975.679500736
1310626800, 1012598.99742768
1310713200, 700539.514230472
1310799600, 504449.393222734
1310886000, 1156621.73132811
1310972400, 13255713.8165274
1311058800, 1782705.58184431
1311145200, 4741687.79763449
1311231600, 366529.614995508
1311318000, 607045.303081039
1311404400, 430777.501543746
1311490800, 812149.449923939
1311577200, 973686.439850433
1311663600, 700702.067572424
1311750000, 744197.653428961
1311836400, 1622644.16182314
1311922800, 959221.642917501
1312009200, 1670420.72532631
1312095600, 1790242.47489805
1312182000, 1463089.47454761
1312268400, 1491918.90133255
1312354800, 2181882.3308033
1312441200, 2667653.3949221
1312527600, 1987291.63537469
1312614000, 2938785.29464955
1312700400, 1854745.93013042
1312786800, 3050238.2445686
1312873200, 599186.172355446
1312959600, 847535.091539839
1313046000, 950278.533698559
1313132400, 401771.453209891
1313218800, 1020271.60567014
1313305200, 709171.718374888
1313391600, 1190448.99961249
1313478000, 796303.970334996
1313564400, 922336.733273362
1313650800, 1214997.86725837
1313737200, 863055.732084614
1313823600, 900694.27265837
1313910000, 408405.44731019
1313996400, 961356.758375703
1314082800, 573771.24147844
1314169200, 801438.156103849
1314255600, 13712020.1480663
1314342000, 6126519.86096184
1314428400, 22720930.1735135
1314514800, 1267270.06785018
1314601200, 3108797.8719676
1314687600, 403994.722222618
1314774000, 531635.382556018
1314860400, 565338.15867229
1314946800, 2273553.03551277
1315033200, 454337.376268944
1315119600, 596288.461375683
1315206000, 2742398.86894677
1315292400, 2881808.09090884
1315378800, 3039267.96768303
1315465200, 2617320.86980953
1315551600, 6909292.41706137
1315638000, 425521.717921155
1315724400, 10899042.6955166
1315810800, 2087910.52372507
1315897200, 6495641.36518846
1315983600, 3635517.58738559
1316070000, 457050.097927281
1316156400, 1477604.11123494
1316242800, 1475937.56087891
1316329200, 415717.146357164
1316415600, 765995.348844844
1316502000, 2099398.74267176
1316588400, 558703.39753068
1316674800, 666458.031330012
1316761200, 1655921.36642626
1316847600, 221731.198103016
1316934000, 2740121.02918309
1317020400, 568067.188870772
1317106800, 1592439.0105128
1317193200, 699919.947086333
1317279600, 239698.345886496
1317366000, 1445577.04046272
1317452400, 1399376.81293772
1317538800, 813050.64733158
1317625200, 502820.260585128
1317711600, 937846.67965551
1317798000, 601461.965789733
1317884400, 8343930.60157164
1317970800, 1223928.91809275
1318057200, 548993.738785089
1318143600, 2255319.92172445
1318230000, 1090739.45282571
1318316400, 1519792.23044863
1318402800, 1438591.89243885
1318489200, 737659.71037645
1318575600, 1292626.93800855
1318662000, 794175.43343331
1318748400, 2203807.77108434
1318834800, 6899796.1276643
1318921200, 3006366.01878313
1319007600, 3119635.0950784
1319094000, 527974.920543519
1319180400, 656259.356798247
1319266800, 2975862.96225348
1319353200, 751139.051835167
1319439600, 431607.375634683
1319526000, 456909.064263611
1319612400, 1569455.21727255
1319698800, 2197593.73272572
1319785200, 740286.127403759
1319871600, 789066.041321492
1319958000, 2210615.17867852
1320044400, 407924.211605476
1320130800, 2213391.39800912
1320217200, 366116.539005192
1320303600, 3660220.45353632
1320390000, 2650667.48908646
1320476400, 394852.408002656
1320562800, 259108.201991419
1320652800, 801629.053241178
1320739200, 1151089.25277981
1320825600, 16453149.960505
1320912000, 4733364.06704559
1320998400, 958848.070230694
1321084800, 4074405.08757375
1321171200, 565393.52652768
1321257600, 4456170.66036848
1321344000, 4205182.74470273
1321430400, 52330807.468903
1321516800, 6703786.9376443
1321603200, 3650229.91305658
1321689600, 1203247.92928798
1321776000, 3633753.48884537
1321862400, 3627415.30939812
1321948800, 5594164.95476588
1322035200, 1386871.4028773
1322121600, 6648295.25689716
1322208000, 1912700.81047453
1322294400, 3739668.96671101
1322380800, 1027149.76139243
1322467200, 8525086.42365022
1322553600, 5851023.43797254
1322640000, 4864127.28982697
1322726400, 3123926.5435252
1322812800, 1198790.2448101
1322899200, 1129207.81013769
1322985600, 4563815.58879393
1323072000, 3000197.10532341
1323158400, 1377342.02989341
1323244800, 3857164.54781609
1323331200, 5480753.13715732
1323417600, 820756.477954817
1323504000, 892716.741823886
1323590400, 6252150.71554605
1323676800, 1040406.27049474
1323763200, 851017.545349719
1323849600, 1602219.30444141
1323936000, 1288924.19393501
1324022400, 2880964.24661792
1324108800, 743373.887043638
1324195200, 626125.490556842
1324281600, 6975368.09753149
1324368000, 6274049.18936953
1324454400, 1176552.87705371
1324540800, 1112959.05861407
1324627200, 1001998.69902775
1324713600, 1589188.85915673
1324800000, 1720685.50681695
1324886400, 2177738.72757425
1324972800, 762599.308759239
1325059200, 2634064.58537964
1325145600, 1828352.33960393
1325232000, 1251983.89919584
1325318400, 1091669.61872254
1325404800, 7208922.5739613
1325491200, 3407030.14493398
1325577600, 2041959.17992084
1325664000, 1833087.05927956
1325750400, 4127534.93950157
1325836800, 2617844.67056333
1325923200, 2111372.72307266
1326009600, 2665984.28055051
1326096000, 2947959.5694583
1326182400, 4251239.84999156
1326268800, 1395130.08746621
1326355200, 10164744.7981069
1326441600, 2525905.14641202
1326528000, 1903096.87752484
1326614400, 2284326.60967793
1326700800, 1964047.18603829
1326787200, 3506945.23389048
1326873600, 2247919.81900761
1326960000, 2970498.12415991
1327046400, 1580320.83914695
1327132800, 1093266.61467333
1327219200, 952294.250166736
1327305600, 1113634.2072207
1327392000, 1635937.41795401
1327478400, 2007348.09987526
1327564800, 3367293.47890006
1327651200, 1684887.54817503
1327737600, 2031026.99927166
1327824000, 1623262.24464593
1327910400, 1259025.89098797
1327996800, 1812193.02491193
1328083200, 2152986.96020198
1328169600, 1636358.59034168
1328256000, 1318061.54402744
1328342400, 1939862.68761225
1328428800, 1125852.00856716
1328515200, 1855765.95305855
1328601600, 1665957.74811239
1328688000, 1209749.7419109
1328774400, 780154.638045636
1328860800, 2234811.3612074
1328947200, 13429999.6514397
1329033600, 1415060.07328964
1329120000, 12513328.1216595
1329206400, 18509342.9174548
1329292800, 1760693.00190683
1329379200, 2537530.86618807
1329465600, 1173457.64001246
1329552000, 2612773.4216525
1329638400, 954239.047201765
1329724800, 1315289.96655874
1329811200, 1238209.59170213
1329897600, 1762942.47796338
1329984000, 1692696.70117171
1330070400, 3133598.81011954
1330156800, 1452869.9999492
1330243200, 1072050.06160078
1330329600, 1364113.4905933
1330416000, 1600622.8872409
1330502400, 6242948.29457891
1330588800, 2297229.66430856
1330675200, 2366720.17821529
1330761600, 2940688.0797124
1330848000, 2075269.71435048
1330934400, 1422969.88744631
1331020800, 1295988.54971299
1331107200, 1305780.68273954
1331193600, 1869099.64230434
1331280000, 1658776.66966404
1331366400, 1863358.28003385
1331452800, 2020052.82912302
1331535600, 1212798.28597429
1331622000, 2079592.04800175
1331708400, 2697058.30207709
1331794800, 1375573.61148169
1331881200, 4356668.24687207
1331967600, 1496606.455718
1332054000, 4204096.78436415
1332140400, 1886471.17076297
1332226800, 2067565.34171149
1332313200, 3060848.48896445
1332399600, 1571181.70467157
1332486000, 4337362.30619864
1332572400, 1774827.55366137
1332658800, 1447794.62220805
1332745200, 1474635.59980604
1332831600, 1802803.88729846
1332918000, 1564969.38016893
1333004400, 1701972.37287612
1333090800, 15695821.5173398
1333177200, 1142546.24070314
1333263600, 1086014.21990665
1333350000, 1490765.45239946
1333436400, 4863564.20793747
1333522800, 3358201.21200542
1333609200, 2199787.38736859
1333695600, 3317286.18508626
1333782000, 1661341.44710054
1333868400, 863315.633305557
1333954800, 5302222.47723085
1334041200, 1512259.07159493
1334127600, 5808240.93170675
1334214000, 5394845.21691908
1334300400, 2457776.61858934
1334386800, 1496572.1256508
1334473200, 2895346.5915728
1334559600, 3268799.57946367
1334646000, 1778989.20888053
1334732400, 2475232.99567381
1334818800, 2028545.03345114
1334905200, 2808246.24017537
1334991600, 1617619.04344944
1335078000, 2865790.2832025
1335164400, 2074613.94025636
1335250800, 2428958.75145358
1335337200, 20592772.3125815
1335423600, 2545291.37408876
1335510000, 1165945.23970516
1335596400, 1232648.41296074
1335682800, 953825.524246419
1335769200, 4437052.45777143
1335855600, 2528604.57470133
1335942000, 1565779.26573884
1336028400, 1750820.15584383
1336114800, 2581740.19207782
1336201200, 1202795.52410499
1336287600, 7044112.93647045
1336374000, 1642526.63814839
1336460400, 2214659.6646847
1336546800, 2499762.83259586
1336633200, 2705164.03219791
1336719600, 2521199.33144705
1336806000, 15787910.6887148
1336892400, 3070364.97162652
1336978800, 6927801.91342035
1337065200, 3108558.64385414
1337151600, 3114550.02826905
1337238000, 5440928.98717389
1337324400, 2763403.7700733
1337410800, 3525673.92764379
1337497200, 4030417.02229382
1337583600, 3748689.58586569
1337670000, 4657986.972969
1337756400, 2668365.18307621
1337842800, 2998171.16991237
1337929200, 1441578.12039996
1338015600, 3166483.00369459
1338102000, 2320952.41300967
1338188400, 2101840.13896626
1338274800, 2024196.74795909
1338361200, 1642449.01595551
1338447600, 14626673.4562801
1338534000, 1984148.7120511
1338620400, 1525683.02366112
1338706800, 1926792.6191685
1338793200, 5249548.84128689
1338879600, 2174397.71683945
1338966000, 3085396.67447693
1339052400, 1864867.25816387
1339138800, 1949572.03248286
1339225200, 1269632.98741919
1339311600, 967820.966438123
1339398000, 2303495.39653728
1339484400, 3946450.96701309
1339570800, 1685170.43123028
1339657200, 2115084.25980235
1339743600, 2094428.21017744
1339830000, 2181807.10856723
1339916400, 2534889.02987122
1340002800, 2122790.0621719
1340089200, 2767455.06968061
1340175600, 6873114.5645657
1340262000, 1476052.35981299
1340348400, 2911425.52189853
1340434800, 1609403.0039374
1340521200, 6652181.35386593
1340607600, 2372346.13564803
1340694000, 3180443.38837154
1340780400, 2035953.49652236
1340866800, 1766625.40439754
1340953200, 1522925.99402874
1341039600, 1838714.80051904
1341126000, 1193252.44652806
1341212400, 2231369.19137526
1341298800, 2198874.48629185
1341385200, 3269675.27513819
1341471600, 1438265.67328748
1341558000, 2826600.91847454
1341644400, 5254284.93117274
1341730800, 2777136.26912668
1341817200, 3084016.45789251
1341903600, 20759074.0314222
1341990000, 4565720.08152498
1342076400, 1361789.4039132
1342162800, 4419014.17060855
1342249200, 15673558.3745127
1342335600, 1696515.67659254
1342422000, 4569583.67996778
1342508400, 16021309.16658
1342594800, 4264788.4133942
1342681200, 3764819.93096396
1342767600, 3346179.62466909
1342854000, 3112345.51073097
1342940400, 1961108.21545714
1343026800, 3098464.64815725
1343113200, 2032494.67276179
1343199600, 2578255.43113512
1343286000, 3258382.59069179
1343372400, 2482297.74125431
1343458800, 2544290.1411337
1343545200, 2916066.54398056
1343631600, 2210790.90579014
1343718000, 3644367.61442384
1343804400, 2911987.03905935
1343890800, 4628391.92773635
1343977200, 3700793.56918545
1344063600, 4277455.16384483
1344150000, 2920109.93543593
1344236400, 2799460.49869698
1344322800, 3698139.47553958
1344409200, 7078880.43413978
1344495600, 2378542.68531396
1344582000, 2441584.71045831
1344668400, 1692237.12606092
1344754800, 1728779.78723675
1344841200, 2701279.48071751
1344927600, 3733461.60054541
1345014000, 4050039.63235398
1345100400, 4192365.55602533
1345186800, 15591563.1902517
1345273200, 8071322.36497425
1345359600, 20657118.3280977
1345446000, 5889362.47903352
1345532400, 3376998.55857799
1345618800, 5210620.69263442
1345705200, 4488739.0884315
1345791600, 1360685.30787725
1345878000, 1633501.79607049
1345964400, 1884957.99941055
1346050800, 14748820.1354262
1346137200, 6326342.81270711
1346223600, 1901360.98536749
1346310000, 1568654.46380103
1346396400, 21266437.795919
1346482800, 1385983.91547566
1346569200, 2231767.70199942
1346655600, 1472731.93655744
1346742000, 2538735.26757757
1346828400, 1465182.83669007
1346914800, 3245850.44658502
1347001200, 1785927.44982993
1347087600, 1642180.35164567
1347174000, 3550566.7356391
1347260400, 21630355.7291397
1347346800, 1133909.82165225
1347433200, 2596221.18425588
1347519600, 1803088.6270544
1347606000, 1599402.71695648
1347692400, 3585556.98314908
1347778800, 2015891.06699517
1347865200, 8200666.03161936
1347951600, 10211565.8768822
1348038000, 3777798.53949259
1348124400, 6835974.06761938
1348210800, 5894883.52828403
1348297200, 4214706.55667969
1348383600, 1933946.13146528
1348470000, 6382868.02162298
1348556400, 4847590.02417289
1348642800, 3023903.48428169
1348729200, 3143634.90147441
1348815600, 10987955.6738297
1348902000, 2964367.40225943
1348988400, 2085350.60016712
1349074800, 2821931.65778561
1349161200, 3054825.15732558
1349247600, 8008582.86486026
1349334000, 4361088.26074976
1349420400, 1956377.33580401
1349506800, 1402815.92991821
1349593200, 1613957.29482197
1349679600, 11157125.4140309
1349766000, 2226259.94915823
1349852400, 3660567.32501704
1349938800, 2458056.69030005
1350025200, 3165370.39490252
1350111600, 1174162.6260419
1350198000, 7637398.73624666
1350284400, 3092104.86086041
1350370800, 3312996.93067722
1350457200, 11298387.1021997
1350543600, 3667058.0222629
1350630000, 3093306.90892638
1350716400, 1975971.44687756
1350802800, 5955034.19084224
1350889200, 1668304.3233149
1350975600, 2885617.85174255
1351062000, 2772191.66160658
1351148400, 8338923.11519607
1351234800, 7272178.42213438
1351321200, 1802055.78473291
1351407600, 1162431.08215949
1351494000, 2222810.98128944
1351580400, 4961251.25161549
1351666800, 2613008.43559599
1351753200, 4311360.85144723
1351839600, 2190531.31887959
1351926000, 1358089.62275198
1352012400, 3637737.84718117
1352102400, 2971625.44514698
1352188800, 1845618.85739644
1352275200, 5085728.36944459
1352361600, 1797245.72980942
1352448000, 2818179.95152556
1352534400, 1539393.35530259
1352620800, 3449338.87607269
1352707200, 4253961.30692982
1352793600, 4520905.3564296
1352880000, 3069244.80045059
1352966400, 2927512.85572876
1353052800, 6415811.44329946
1353139200, 3465983.25819648
1353225600, 2057608.15632187
1353312000, 3777679.5036934
1353398400, 2393234.19820322
1353484800, 2911779.02317327
1353571200, 2429492.42835249
1353657600, 3581369.71543522
1353744000, 1676177.2759856
1353830400, 3849627.16937201
1353916800, 5235110.11533633
1354003200, 3627076.86682575
1354089600, 3167266.85978302
1354176000, 2292462.50816861
1354262400, 4736408.70530827
1354348800, 2539596.00368371
1354435200, 1591618.82979066
1354521600, 3567865.07816517
1354608000, 21562804.2157348
1354694400, 4316201.69056082
1354780800, 2160284.02354309
1354867200, 9541087.34950657
1354953600, 1418546.50204679
1355040000, 3775452.11668347
1355126400, 5022712.16909913
1355212800, 3787296.51618376
1355299200, 5801075.75137833
1355385600, 9484244.96166136
1355472000, 3548082.9604239
1355558400, 1811160.9141158
1355644800, 2739879.60961992
1355731200, 2051686.90139757
1355817600, 3700508.0068375
1355904000, 3998390.01610214
1355990400, 5845175.74821167
1356076800, 3761760.87279363
1356163200, 1674006.21895776
1356249600, 1628356.90983498
1356336000, 2009560.03251295
1356422400, 1332920.26924677
1356508800, 1567084.39175888
1356595200, 1534887.67353657
1356681600, 2420136.327097
1356768000, 2246205.99121632
1356854400, 2354326.89273796
1356940800, 12161771.7965282
1357027200, 2200082.4460691
1357113600, 2481954.63773088
1357200000, 2741923.97291504
1357286400, 5071740.14132974
1357372800, 2112804.96960156
1357459200, 1406233.47043476
1357545600, 2131033.10831718
1357632000, 5836219.39555764
1357718400, 4291109.4490647
1357804800, 4814527.28811758
1357891200, 3346898.97664603
1357977600, 1831766.90533213
1358064000, 4293549.09458001
1358150400, 2616332.67528193
1358236800, 3990825.79813224
1358323200, 3878501.02185229
1358409600, 5344629.61681951
1358496000, 4316416.28637696
1358582400, 2590262.45270187
1358668800, 2658581.43957893
1358755200, 6429138.96557822
1358841600, 12650059.1637532
1358928000, 3921458.73882786
1359014400, 9436224.1517004
1359100800, 5840087.64361799
1359187200, 5330682.75665119
1359273600, 12489922.1116427
1359360000, 5498699.59526135
1359446400, 14135218.0647868
1359532800, 16350415.7831793
1359619200, 9851923.15550757
1359705600, 29862820.4498812
1359792000, 10953125.604217
1359878400, 3679033.71117421
1359964800, 8856985.48352427
1360051200, 7512541.07122122
1360137600, 4116820.66605508
1360224000, 5429908.13927978
1360310400, 8496322.2637005
1360396800, 10849566.0498823
1360483200, 3088232.53416534
1360569600, 5457785.33190257
1360656000, 5344899.34045563
1360742400, 7473843.15321893
1360828800, 7216124.26671526
1360915200, 22518229.3045762
1361001600, 6011553.70134285
1361088000, 5847530.17192281
1361174400, 6752955.07825718
1361260800, 6463636.22022119
1361347200, 9586718.99330749
1361433600, 3811005.01297547
1361520000, 5478735.51710221
1361606400, 5067222.00041076
1361692800, 5750649.75739743
1361779200, 32591970.6652155
1361865600, 7310486.81191212
1361952000, 2504340.15946689
1362038400, 22569991.3860107
1362124800, 6355311.25201941
1362211200, 4023124.74454354
1362297600, 3849875.49335536
1362384000, 4398906.9417152
1362470400, 11851455.5978847
1362556800, 21916673.1745294
1362643200, 13147430.1782908
1362729600, 3846419.30676167
1362816000, 10075396.3662747
1362902400, 3364122.21567262
1362985200, 6501517.22433557
1363071600, 8071480.3909622
1363158000, 7597862.44570364
1363244400, 6535253.18974927
1363330800, 7229858.5908236
1363417200, 3727062.74944162
1363503600, 5399041.79016784
1363590000, 3786909.94226067
1363676400, 9036992.5370851
1363762800, 7618267.31689191
1363849200, 14129004.2898007
1363935600, 14778888.4349131
1364022000, 9228209.39159739
1364108400, 9461464.06327042
1364194800, 12794579.789368
1364281200, 9184433.41754515
1364367600, 10271207.6369696
1364454000, 10067190.5376198
1364540400, 8436581.67704124
1364626800, 15857668.8349832
1364713200, 3206399.72819591
1364799600, 25186906.4105597
1364886000, 12274699.2246978
1364972400, 35716425.5712003
1365058800, 11043431.5312836
1365145200, 33955727.8955367
1365231600, 11583366.1697932
1365318000, 11938414.4700546
1365404400, 18535209.9085725
1365490800, 49699855.9590985
1365577200, 35980449.0818905
1365663600, 22544437.5481628
1365750000, 12748805.7805881
1365836400, 10205984.8185106
1365922800, 9339607.84422807
1366009200, 10226561.3627563
1366095600, 24491977.2152379
1366182000, 9157632.88603124
1366268400, 3705513.12226176
1366354800, 5180904.71456178
1366441200, 5254718.06691853
1366527600, 9618121.59383889
1366614000, 5561572.21164685
1366700400, 11014340.5300932
1366786800, 12307113.8174264
1366873200, 7609605.89442059
1366959600, 3115506.50827728
1367046000, 6692602.22374187
1367132400, 3299653.27244695
1367218800, 5522072.61183387
1367305200, 3758528.97434742
1367391600, 9770172.51671259
1367478000, 5382293.19952444
1367564400, 15136108.2976027
1367650800, 2179094.76932511
1367737200, 4855644.46294551
1367823600, 2800956.37514387
1367910000, 4314031.41895418
1367996400, 2588709.30818848
1368082800, 3850540.9752806
1368169200, 5857373.16190691
1368255600, 6425914.25297859
1368342000, 2146474.87134607
1368428400, 2351450.20980151
1368514800, 4139460.12745082
1368601200, 6911256.30663262
1368687600, 2718932.13565067
1368774000, 2756589.19229928
1368860400, 6550785.36424283
1368946800, 1610652.56097439
1369033200, 2262050.22480727
1369119600, 2255572.50776871
1369206000, 2603233.32710162
1369292400, 2441944.12112686
1369378800, 2966734.55786141
1369465200, 14561505.2221128
1369551600, 937583.88752877
1369638000, 2961092.89382974
1369724400, 2932154.69299363
1369810800, 5246075.92650352
1369897200, 4386173.79314733
1369983600, 8022668.76988302
1370070000, 2435452.16340269
1370156400, 3427959.0994412
1370242800, 3127321.72248644
1370329200, 5837568.77121753
1370415600, 10066645.9023927
1370502000, 9735280.64903284
1370588400, 5640910.96776397
1370674800, 2561513.494679
1370761200, 8796454.27887565
1370847600, 1814278.54425121
1370934000, 6042227.51274273
1371020400, 1620397.41375239
1371106800, 2105668.64178638
1371193200, 6288044.93940427
1371279600, 2541374.6598103
1371366000, 2955028.94190093
1371452400, 1327421.704503
1371538800, 1936992.9412524
1371625200, 2894494.22580221
1371711600, 2077785.37648095
1371798000, 1619851.67578357
1371884400, 1895149.6064064
1371970800, 2080196.54595918
1372057200, 3518538.46482246
1372143600, 6124723.25786977
1372230000, 3201332.58304955
1372316400, 3961451.17398247
1372402800, 5767511.39839397
1372489200, 6832934.5331026
1372575600, 3623908.01597239
1372662000, 15379784.7364523
1372748400, 6410415.06940279
1372834800, 9962924.67444384
1372921200, 3563406.088596
1373007600, 8105774.02362517
1373094000, 3013621.97324388
1373180400, 2545429.37542386
1373266800, 2476053.46621891
1373353200, 2453693.98185039
1373439600, 8287878.40401215
1373526000, 3291378.27229083
1373612400, 6637611.06336064
1373698800, 5320492.75101758
1373785200, 1560823.53052964
1373871600, 2341070.85886585
1373958000, 2909655.29813741
1374044400, 4004956.42594403
1374130800, 2977782.9385435
1374217200, 2366023.09079499
1374303600, 2928767.68493302
1374390000, 2737263.40474012
1374476400, 3593964.01706283
1374562800, 2776913.87495673
1374649200, 2297706.36094869
1374735600, 3766030.91881676
1374822000, 2491981.97677338
1374908400, 1643167.79939824
1374994800, 3337205.53236176
1375081200, 5383667.11246576
1375167600, 5483173.46472822
1375254000, 5796473.20686165
1375340400, 3319745.85544144
1375426800, 11192252.7575631
1375513200, 25593554.8816099
1375599600, 1817376.82283936
1375686000, 4627253.1431589
1375772400, 2267134.28918497
1375858800, 3418956.96908684
1375945200, 4018007.19430092
1376031600, 2402338.6060764
1376118000, 3237017.07744257
1376204400, 3240513.18048441
1376290800, 3943068.4546537
1376377200, 24597431.160656
1376463600, 4718632.24221587
1376550000, 7006655.22698572
1376636400, 5150449.85441827
1376722800, 2704317.82919126
1376809200, 2079562.95323171
1376895600, 3632843.65178428
1376982000, 5450525.24131825
1377068400, 4222448.99544872
1377154800, 2553243.11879978
1377241200, 3769600.07605075
1377327600, 1334243.96125336
1377414000, 1730875.76857039
1377500400, 2831577.27840933
1377586800, 3011252.80089042
1377673200, 3418065.87801258
1377759600, 10568436.7476831
1377846000, 4153690.82463917
1377932400, 4901523.97572922
1378018800, 3727988.77645442
1378105200, 4309100.79072949
1378191600, 7085700.92884865
1378278000, 3481813.08513533
1378364400, 2415749.49808288
1378450800, 2498905.02343533
1378537200, 3073663.07274444
1378623600, 1451731.36020011
1378710000, 9773617.42746677
1378796400, 2381506.39575997
1378882800, 4392500.35992253
1378969200, 6836491.06989172
1379055600, 2295654.5280834
1379142000, 6089885.35026851
1379228400, 2253725.22899635
1379314800, 3231143.30993562
1379401200, 2417477.32452196
1379487600, 6753150.76386036
1379574000, 11035240.0379924
1379660400, 1778720.43779573
1379746800, 3658339.0712507
1379833200, 3719211.61680583
1379919600, 2373137.21405997
1380006000, 3886795.63791027
1380092400, 4707224.2345579
1380178800, 2313417.89204126
1380265200, 2170630.69508252
1380351600, 1699144.47400474
1380438000, 2859400.44511839
1380524400, 3986498.87078582
1380610800, 3744699.89688332
1380697200, 9958116.92993896
1380783600, 3719386.91125086
1380870000, 1682558.16168314
1380956400, 3222890.64589669
1381042800, 2539563.51016802
1381129200, 19198590.0510645
1381215600, 2103106.10433587
1381302000, 7180418.66069083
1381388400, 3347869.06686754
1381474800, 2927713.59478719
1381561200, 1789950.17064864
1381647600, 3161242.69411352
1381734000, 3665850.13085836
1381820400, 4072898.75996657
1381906800, 14039677.9432053
1381993200, 4313524.631501
1382079600, 4429190.37398896
1382166000, 6968117.36499208
1382252400, 5834510.92279525
1382338800, 40424380.7035695
1382425200, 18769512.8444103
1382511600, 19308076.261102
1382598000, 6866994.02714763
1382684400, 56266825.6958892
1382770800, 4410283.80382552
1382857200, 5434494.56442701
1382943600, 3099663.8082069
1383030000, 7840047.20732853
1383116400, 3150260.36656331
1383202800, 6873248.21796787
1383289200, 5476167.96389384
1383375600, 2779335.64988131
1383462000, 4537472.90035635
1383552000, 16556356.1503704
1383638400, 13045566.7520345
1383724800, 8339790.91805814
1383811200, 20581509.3799112
1383897600, 14031130.1582232
1383984000, 12502872.7688852
1384070400, 11966675.3608693
1384156800, 12187673.9510304
1384243200, 13631889.7631128
1384329600, 16091081.9712293
1384416000, 22948014.2587159
1384502400, 15766572.9347137
1384588800, 12560847.2670239
1384675200, 18779442.0821998
1384761600, 22111609.8453297
1384848000, 25221041.0957314
1384934400, 24954302.2751925
1385020800, 10493627.3185168
1385107200, 15718507.2779551
1385193600, 15436218.8815557
1385280000, 9516493.98368957
1385366400, 40517329.1970019
1385452800, 45866302.8459995
1385539200, 26296676.2973357
1385625600, 23028193.3953133
1385712000, 17177253.962512
1385798400, 8587242.98520367
1385884800, 9390875.73076043
1385971200, 11289994.2639227
1386057600, 8019465.48974337
1386144000, 6751051.61510611
1386230400, 8959247.18525848
1386316800, 7957600.92307334
1386403200, 9433966.30320088
1386489600, 3248729.84922149
1386576000, 3688891.5738989
1386662400, 4550454.84903271
1386748800, 7688859.01907244
1386835200, 3307177.84066468
1386921600, 5026590.87682737
1387008000, 5872156.00874857
1387094400, 5750787.57975278
1387180800, 14149655.408218
1387267200, 5254769.33281659
1387353600, 19985139.0062821
1387440000, 4848810.36218233
1387526400, 12017966.4295328
1387612800, 125912118.407211
1387699200, 3739309.85180961
1387785600, 3038104.49792912
1387872000, 6050371.27319971
1387958400, 28612403.7342599
1388044800, 2704168.88438385
1388131200, 10314806.9200553
1388217600, 1030074.50480912
1388304000, 2882821.88422846
1388390400, 2238500.97872712
1388476800, 2416102.54766548
1388563200, 2058704.01933626
1388649600, 4028926.06624724
1388736000, 4159159.24003457
1388822400, 11937485.4227474
1388908800, 7750067.88004332
1388995200, 3742389.35774884
1389081600, 4368060.41077832
1389168000, 7815321.52593829
1389254400, 2765150.46158825
1389340800, 2235485.60539075
1389427200, 14303979.9688518
1389513600, 5568209.03580914
1389600000, 3056261.86902196
1389686400, 8306607.4084191
1389772800, 4984843.32655049
1389859200, 5107666.16937678
1389945600, 2726424.01782385
1390032000, 2044048.05825429
1390118400, 5531974.86330223
1390204800, 3412233.50732592
1390291200, 3459568.89509713
1390377600, 5530529.46702716
1390464000, 2290431.8901378
1390550400, 5247924.09116503
1390636800, 3706694.8613131
1390723200, 1734691.83138821
1390809600, 5158837.60573062
1390896000, 2874363.67198797
1390982400, 4348139.16563801
1391068800, 3874011.02794872
1391155200, 2006201.99729014
1391241600, 4595959.01768471
1391328000, 2561533.52948087
1391414400, 1749574.06926778
1391500800, 4392903.8622605
1391587200, 143572243.454312
1391673600, 8645398.49009266
1391760000, 5524945.77379577
1391846400, 2956976.67313571
1391932800, 3319763.9666807
1392019200, 5707465.84210823
1392105600, 4949025.76407313
1392192000, 5695651.67338479
1392278400, 2974151.5068732
1392364800, 3991532.88381037
1392451200, 2701115.02741898
1392537600, 4158453.07857134
1392624000, 2230126.20858525
1392710400, 8544027.07483309
1392796800, 2485773.36456304
1392883200, 6279020.16768791
1392969600, 3400558.2124716
1393056000, 1500600.00071195
1393142400, 3366138.76441453
1393228800, 6584092.15929032
1393315200, 13202189.3651267
1393401600, 2788187.78595064
1393488000, 3137820.90789035
1393574400, 11192261.5031944
1393660800, 12218679.231822
1393747200, 4977078.62562559
1393833600, 7586244.77542215
1393920000, 5016085.87972288
1394006400, 6974512.54745484
1394092800, 3944959.20413349
1394179200, 172916598.169352
1394265600, 3604397.89419715
1394352000, 102563726.490573
1394434800, 15477700.3180518
1394521200, 5834466.38383272
1394607600, 7357850.86483496
1394694000, 3863729.4907068
1394780400, 2312701.12570152
1394866800, 1849448.55335956
1394953200, 2157368.59928731
1395039600, 2994803.84445365
1395126000, 5797205.99621353
1395212400, 6485142.03456986
1395298800, 6535301.05920657
1395385200, 14831629.7320985
1395471600, 5168139.26925481
1395558000, 1742006.58672044
1395644400, 3895335.30720145
1395730800, 4276397.61951854
1395817200, 2853453.63699288
1395903600, 6169140.35984508
1395990000, 6001077.92281348
1396076400, 2579957.31603415
1396162800, 4152089.0924119
1396249200, 3746273.78523521
1396335600, 2702098.32315424
1396422000, 2577475.38385706
1396508400, 13683796.5657037
1396594800, 1533649.71613966
1396681200, 11413210.9129682
1396767600, 7862858.34420354
1396854000, 1953865.88655311
1396940400, 1515869.07944172
1397026800, 9816741.5704749
1397113200, 8105586.34440047
1397199600, 5227842.94767334
1397286000, 1092061.11924935
1397372400, 1578218.22653905
1397458800, 3040206.02713253
1397545200, 3719729.3713935
1397631600, 17959346.6905261
1397718000, 5788312.7731876
1397804400, 2660077.97443094
1397890800, 1032636.89251336
1397977200, 2677018.74488551
1398063600, 1860668.53469468
1398150000, 3339203.92474301
1398236400, 5577067.02861861
1398322800, 3098262.18766705
1398409200, 2406051.81129918
1398495600, 1403050.1726863
1398582000, 1672421.16202241
1398668400, 2837628.18128092
1398754800, 3752541.66105308
1398841200, 1953848.54649733
1398927600, 1966980.51026701
1399014000, 2197370.0379124
1399100400, 1050046.08109297
1399186800, 1319472.84816589
1399273200, 3072653.30868309
1399359600, 2263312.46467171
1399446000, 2845940.48204369
1399532400, 2181733.08942392
1399618800, 1463043.54304459
1399705200, 1571226.91127045
1399791600, 1662991.26466412
1399878000, 1673828.43813364
1399964400, 1470033.32111944
1400050800, 7440872.73019815
1400137200, 2284633.24959976
1400223600, 1639806.72128272
1400310000, 1117891.14693786
1400396400, 2046600.26601673
1400482800, 2492009.90163299
1400569200, 3236509.48092496
1400655600, 2888308.8267351
1400742000, 3351391.62655942
1400828400, 2839117.76231413
1400914800, 11503632.1463316
1401001200, 6700487.62822108
1401087600, 4204109.28312672
1401174000, 29369869.6854579
1401260400, 3146599.49288738
1401346800, 2458964.24785371
1401433200, 5384597.89774271
1401519600, 5815266.6621904
1401606000, 4528806.22330683
1401692400, 4395386.40731108
1401778800, 3595024.37128051
1401865200, 3992442.24125702
1401951600, 2928052.88904491
1402038000, 3570618.08828891
1402124400, 2050582.54274591
1402210800, 2532946.63291463
1402297200, 6014665.14470665
1402383600, 10904873.3397802
1402470000, 13162436.8946422
1402556400, 50666601.96271
1402642800, 4349618.19900297
1402729200, 1584246.84215348
1402815600, 1184229.11687286
1402902000, 3549690.89474293
1402988400, 2254564.03688938
1403074800, 2460975.55290292
1403161200, 2774201.57483318
1403247600, 2128699.96355574
1403334000, 1693390.39590434
1403420400, 2124763.27022364
1403506800, 4501830.48987
1403593200, 7773141.82711265
1403679600, 1777462.22367975
1403766000, 4172237.70929883
1403852400, 2407261.94335982
1403938800, 1132125.47785241
1404025200, 13706173.1590191
1404111600, 5434386.52776832
1404198000, 4722794.00791405
1404284400, 6058700.9598125
1404370800, 5550043.59282265
1404457200, 1901398.07941857
1404543600, 2156385.47324813
1404630000, 1586545.37865877
1404716400, 2467749.96903446
1404802800, 1137816.77704647
1404889200, 6522525.12826154
1404975600, 3096139.56345472
1405062000, 1466524.69112528
1405148400, 2110964.83158154
1405234800, 1365973.52837395
1405321200, 1979052.77923416
1405407600, 2324820.71613314
1405494000, 1806121.73000115
1405580400, 3287869.01540102
1405666800, 3062410.64712471
1405753200, 3982509.28956728
1405839600, 2729040.82531679
1405926000, 5659377.70395226
1406012400, 2937209.33210557
1406098800, 7348999.28747737
1406185200, 4526810.11942549
1406271600, 2880491.14156474
1406358000, 1849507.42152083
1406444400, 2713930.03800079
1406530800, 5043990.37649523
1406617200, 3732013.76260348
1406703600, 4355581.69366073
1406790000, 3327293.88026269
1406876400, 7707892.7207498
1406962800, 2743156.2305476
1407049200, 2074732.25517727
1407135600, 7182496.85896552
1407222000, 25722569.3239327
1407308400, 4285645.24973603
1407394800, 3983530.64835932
1407481200, 2224602.00734665
1407567600, 2565336.83224528
1407654000, 2263757.01292901
1407740400, 2505944.78112425
1407826800, 3319009.99419939
1407913200, 4347382.5430859
1407999600, 3507424.77149087
1408086000, 4393183.9086206
1408172400, 2713433.57518385
1408258800, 3349992.81934641
1408345200, 6213205.13993715
1408431600, 3223164.72379718
1408518000, 2890513.17551508
1408604400, 8106753.28888174
1408690800, 4600766.0228653
1408777200, 8372500.78358121
1408863600, 1841446.16743242
1408950000, 6561444.17104795
1409036400, 3604076.44861152
1409122800, 2622836.44145753
1409209200, 11782298.5988229
1409295600, 10047980.7147268
1409382000, 2652447.38024941
1409468400, 3451122.1674091
1409554800, 5983618.41894564
1409641200, 4001411.82669085
1409727600, 3405692.91459004
1409814000, 5102104.34915351
1409900400, 5825201.78609802
1409986800, 9295344.69633396
1410073200, 3970624.97283939
1410159600, 2158992.82134789
1410246000, 10179505.448035
1410332400, 4904640.79768107
1410418800, 3530221.90711135
1410505200, 4056132.05760767
1410591600, 1714164.1452226
1410678000, 1933695.44776658
1410764400, 5584811.66493569
1410850800, 2455872.52623678
1410937200, 4086029.43421005
1411023600, 6574045.44756771
1411110000, 5546249.67669185
1411196400, 13910874.717281
1411282800, 4375520.84303599
1411369200, 1911067.0651334
1411455600, 4273097.82659367
1411542000, 2439933.71522739
1411628400, 2645308.21294911
1411714800, 5216809.76635921
1411801200, 1722399.00912161
1411887600, 4978455.97883997
1411974000, 8356052.81702653
1412060400, 5058843.186966
1412146800, 4022496.75165178
1412233200, 4183970.09452122
1412319600, 8487293.75837899
1412406000, 6571468.68615305
1412492400, 23495245.0366687
1412578800, 12417284.6623459
1412665200, 5522834.23293802
1412751600, 7408388.5826533
1412838000, 4069430.33053168
1412924400, 8276824.76952051
1413010800, 1431156.63787236
1413097200, 6458986.21146468
1413183600, 5880735.94584912
1413270000, 3953937.69290483
1413356400, 8275314.41835689
1413442800, 3170710.49836399
1413529200, 4645722.55014866
1413615600, 1404491.69082418
1413702000, 2241859.59833277
1413788400, 2194707.8960485
1413874800, 1729833.45461911
1413961200, 5089018.92497957
1414047600, 4977317.84359633
1414134000, 6534471.58503288
1414220400, 2110667.79637834
1414306800, 1269785.55759469
1414393200, 3473538.49245446
1414479600, 3001480.63527737
1414566000, 3638252.60127557
1414652400, 3261668.52806486
1414738800, 4183029.63557813
1414825200, 4553811.51315966
1414911600, 2249326.73060972
1415001600, 2864385.08220263
1415088000, 4935164.26987914
1415174400, 4099102.71731779
1415260800, 5217159.94505786
1415347200, 14680846.1868912
1415433600, 5607242.95848932
1415520000, 5874724.86090628
1415606400, 3578629.14946452
1415692800, 3863313.46333073
1415779200, 5729261.27928906
1415865600, 8308956.28568436
1415952000, 4601690.22098318
1416038400, 2004614.88789946
1416124800, 1991842.14242704
1416211200, 3834288.75943811
1416297600, 3184419.32214262
1416384000, 5286873.46434197
1416470400, 5197371.83148146
1416556800, 2467572.62161122
1416643200, 1498458.54304395
1416729600, 1331229.17866884
1416816000, 2634475.13828449
1416902400, 3388110.68132077
1416988800, 4299892.5817955
1417075200, 1920253.83888061
1417161600, 53217498.8301446
1417248000, 3035631.29113268
1417334400, 2668625.06556453
1417420800, 5044688.71976685
1417507200, 6726126.57752983
1417593600, 3644881.64068148
1417680000, 18216266.3853509
1417766400, 2657927.50200548
1417852800, 1835858.97252649
1417939200, 4088966.46202251
1418025600, 29363631.1383538
1418112000, 23738743.0190662
1418198400, 5135503.30414677
1418284800, 3586150.50313277
1418371200, 3115483.20594588
1418457600, 2080518.51287956
1418544000, 1909224.94950704
1418630400, 3370473.85184713
1418716800, 3203195.87899811
1418803200, 3285529.0171757
1418889600, 4995192.32958942
1418976000, 4062460.53907017
1419062400, 3037688.24887139
1419148800, 5664011.10481917
1419235200, 3415916.72322078
1419321600, 4088053.91537751
1419408000, 26987696.9350636
1419494400, 1457298.17321097
1419580800, 1758906.43804562
1419667200, 1349103.05086285
1419753600, 1040683.89697506
1419840000, 4748591.15145291
1419926400, 32972383.9888482
1420012800, 8673644.53897896
1420099200, 1074854.93679186
1420185600, 2357102.03650531
1420272000, 5079022.44265789
1420358400, 6741649.80002991
1420444800, 5754577.88416427
1420531200, 18606797.4458645
1420617600, 6374520.81243035
1420704000, 11987158.7576694
1420790400, 6982833.35786474
1420876800, 3748200.59157249
1420963200, 6551814.25894881
1421049600, 4219434.99480974
1421136000, 13242283.9450031
1421222400, 14502127.6893206
1421308800, 12111522.152301
1421395200, 4698082.49991274
1421481600, 2370094.34296083
1421568000, 3534166.78370373
1421654400, 2058346.63349322
1421740800, 2657378.91224959
1421827200, 15908743.8327146
1421913600, 2185075.88233
1422000000, 1929491.14453786
1422086400, 3666214.47082485
1422172800, 1418451.89703623
1422259200, 18809993.7019146
1422345600, 3084380.78559548
1422432000, 3892893.71446079
1422518400, 3737861.42836199
1422604800, 2453970.00297529
1422691200, 3255878.69294539
1422777600, 1952154.20778459
1422864000, 4242842.81673202
1422950400, 4196066.08095046
1423036800, 6952518.06245709
1423123200, 2672781.62257652
1423209600, 2591101.43775276
1423296000, 2002719.68892493
1423382400, 1484311.99168788
1423468800, 4418774.1653741
1423555200, 2298428.3459705
1423641600, 3536652.52558268
1423728000, 2555422.31737133
1423814400, 4497483.8694169
1423900800, 3309501.93452406
1423987200, 3433421.0090869
1424073600, 2447056.73032875
1424160000, 2466919.42700482
1424246400, 2080540.43094678
1424332800, 9979732.06638523
1424419200, 28522507.6501682
1424505600, 1311249.92111937
1424592000, 1623413.7419873
1424678400, 4530849.45948319
1424764800, 2775107.66029832
1424851200, 8013727.69842645
1424937600, 1977271.52754847
1425024000, 3728446.1683345
1425110400, 6718136.42005657
1425196800, 18414767.0263932
1425283200, 3571176.65291768
1425369600, 12878304.3735376
1425456000, 9240179.4552261
1425542400, 11065735.8955224
1425628800, 8191040.01570511
1425715200, 13231400.028359
1425801600, 9259562.8113658
1425884400, 11689846.9342571
1425970800, 24760676.7939184
1426057200, 5359917.05590501
1426143600, 11058407.3806158
1426230000, 7253726.15392425
1426316400, 1635304.91124716
1426402800, 1951426.44120628
1426489200, 5804763.28956402
1426575600, 2757684.47014534
1426662000, 6140552.68480055
1426748400, 4949786.05980285
1426834800, 2540885.41193057
1426921200, 3993446.27813493
1427007600, 1784297.4607795
1427094000, 3257445.5947076
1427180400, 2889602.86640183
1427266800, 4955747.52940183
1427353200, 2973595.66919138
1427439600, 3948995.87956768
1427526000, 1991183.44246305
1427612400, 1161808.63491363
1427698800, 3036731.45379849
1427785200, 2262617.33287458
1427871600, 9939617.85934829
1427958000, 13748252.8457918
1428044400, 3311874.84969022
1428130800, 1870735.48593614
1428217200, 1736632.60127659
1428303600, 2378100.46713456
1428390000, 2491432.77646751
1428476400, 3772332.69816039
1428562800, 4701356.09259992
1428649200, 11434998.7519944
1428735600, 1366857.8458096
1428822000, 3440494.75963474
1428908400, 4401972.74426403
1428994800, 3068030.89063095
1429081200, 15944918.1358051
1429167600, 2209427.06621399
1429254000, 2592232.87156786
1429340400, 1096753.83530036
1429426800, 1030463.21474779
1429513200, 2791261.66737576
1429599600, 4573423.04451362
1429686000, 2601882.87760281
1429772400, 53682868.1836236
1429858800, 2308733.32956764
1429945200, 3530285.69797085
1430031600, 1984623.92110658
1430118000, 5242219.12453101
1430204400, 3298194.58304623
1430290800, 2753147.29119374
1430377200, 2141549.9195147
1430463600, 2391089.87529352
1430550000, 1155559.82650577
1430636400, 3888372.05672076
1430722800, 2831361.66124584
1430809200, 3292737.86465088
1430895600, 2599071.17558061
1430982000, 2203137.73799862
1431068400, 2870143.21336078
1431154800, 2328936.41113792
1431241200, 1652303.48472979
1431327600, 6742020.89131207
1431414000, 3717882.75100821
1431500400, 2524676.10465777
1431586800, 3520642.37273364
1431673200, 2719950.93927783
1431759600, 1760489.89628414
1431846000, 1387017.20667615
1431932400, 2786523.89730613
1432018800, 4573705.7947362
1432105200, 2692200.25038731
1432191600, 1880598.43167908
1432278000, 8547114.43630923
1432364400, 2349878.2144821
1432450800, 1504053.13273168
1432537200, 3413963.76011578
1432623600, 2987845.8823853
1432710000, 4207027.64028542
1432796400, 4909523.80753592
1432882800, 3901250.13831548
1432969200, 13924514.4303063
1433055600, 3543079.89444169
1433142000, 6522874.48657824
1433228400, 4439422.59923556
1433314800, 3606398.71535897
1433401200, 3332987.74143477
1433487600, 2230384.28393701
1433574000, 1213245.92679837
1433660400, 3598125.65267954
1433746800, 2664888.37347082
1433833200, 2409994.50087645
1433919600, 4977054.54213704
1434006000, 4060602.24113184
1434092400, 8315649.52893987
1434178800, 3459673.17226004
1434265200, 3241695.32457256
1434351600, 3576167.36823359
1434438000, 7329332.37275057
1434524400, 8091188.89717661
1434610800, 2826337.89267511
1434697200, 9346823.79376255
1434783600, 11043381.975835
1434870000, 5607147.25241333
1434956400, 2973622.15694291
1435042800, 4318418.14166863
1435129200, 4086530.24212343
1435215600, 3257641.86363794
1435302000, 3193445.36017551
1435388400, 3119026.85724453
1435474800, 1851612.15335169
1435561200, 4534817.37516778
1435647600, 5497687.90277764
1435734000, 3528617.08018596
1435820400, 4434503.21576357
1435906800, 7641223.17474748
1435993200, 1418987.36335979
1436079600, 5458669.11646542
1436166000, 9619181.28598457
1436252400, 8794787.37856519
1436338800, 13004006.4604974
1436425200, 7548603.80174657
1436511600, 7523518.8689634
1436598000, 5896778.67832191
1436684400, 9214789.23254622
1436770800, 3428131.2993081
1436857200, 3199102.11566674
1436943600, 3538736.18932402
1437030000, 3982324.14334739
1437116400, 8249377.66821146
1437202800, 2680637.34182886
1437289200, 1928563.3624339
1437375600, 7139396.77141255
1437462000, 3952689.68943045
1437548400, 2419652.42791138
1437634800, 2623149.47027018
1437721200, 2758842.13496315
1437807600, 5038482.39339766
1437894000, 2870482.82898588
1437980400, 3942917.39299633
1438066800, 3825481.2942954
1438153200, 3605536.63164021
1438239600, 3683876.84303799
1438326000, 4494771.31627699
1438412400, 1734026.82606545
1438498800, 2186973.21443963
1438585200, 2856818.06343007
1438671600, 4870277.19329465
1438758000, 3273694.65758515
1438844400, 2850283.30184449
1438930800, 2463429.53212672
1439017200, 8009625.82072253
1439103600, 45921500.5441626
1439190000, 2533050.3139269
1439276400, 4077206.31726331
1439362800, 3384864.52960141
1439449200, 4104326.15450396
1439535600, 7062739.40239124
1439622000, 3597042.35827495
1439708400, 4688416.98231942
1439794800, 5010887.96798978
1439881200, 4314802.49826143
1439967600, 9071989.85930521
1440054000, 5687067.94930832
1440140400, 4123624.68472314
1440226800, 5170549.84033687
1440313200, 10096537.4780779
1440399600, 21893891.8128116
1440486000, 28359554.1878997
1440572400, 17008311.307583
1440658800, 6949476.16564226
1440745200, 3888180.91924845
1440831600, 3691377.9926759
1440918000, 5030398.03205217
1441004400, 3750745.92112515
1441090800, 4694620.26503457
1441177200, 5780416.45592833
1441263600, 7218781.36337201
1441350000, 2683821.41419421
1441436400, 2470217.58755324
1441522800, 3861315.62487055
1441609200, 2095240.87383537
1441695600, 3871395.78259731
1441782000, 7776741.52554735
1441868400, 13812021.1759232
1441954800, 2438518.44306613
1442041200, 1288854.95560593
1442127600, 1688493.4733391
1442214000, 2249126.72313935
1442300400, 4225574.76402079
1442386800, 3426694.65014004
1442473200, 2777449.6439905
1442559600, 2169589.32526112
1442646000, 2456558.56536737
1442732400, 2464392.4762192
1442818800, 11821272.6426649
1442905200, 4174722.60926776
1442991600, 8360684.53999441
1443078000, 2378146.37732346
1443164400, 3176761.95415479
1443250800, 2514251.90546541
1443337200, 1403898.86755318
1443423600, 5675591.28340847
1443510000, 2470212.12856829
1443596400, 4613112.01656091
1443682800, 5150084.1160787
1443769200, 2287754.14737394
1443855600, 3220183.25464785
1443942000, 2674846.67849009
1444028400, 3841640.38527548
1444114800, 3857749.53674447
1444201200, 13607633.9957355
1444287600, 5078459.46226476
1444374000, 2409652.62432715
1444460400, 3130011.9806543
1444546800, 2425138.02024409
1444633200, 10121114.0819382
1444719600, 5161397.60485627
1444806000, 10265154.1201193
1444892400, 5310127.71815848
1444978800, 4112563.01621733
1445065200, 4175404.09301737
1445151600, 2572013.31945459
1445238000, 5199700.78096667
1445324400, 6217570.42751941
1445410800, 5494471.82241895
1445497200, 5940086.4943893
1445583600, 3644397.37160003
1445670000, 1973356.994869
1445756400, 4736725.47198242
1445842800, 4043581.2814516
1445929200, 5762419.16216767
1446015600, 41007320.5200239
1446102000, 8931571.31823974
1446188400, 14991732.8472531
1446274800, 15196232.0602999
1446361200, 14061461.310122
1446451200, 6245382.51488254
1446537600, 25462659.9510105
1446624000, 25412297.7353769
1446710400, 13604789.9801427
1446796800, 5604256.44494415
1446883200, 26896735.5733198
1446969600, 6324166.73975825
1447056000, 19577028.0274365
1447142400, 13055942.1381897
1447228800, 9184132.38411993
1447315200, 4557794.10956651
1447401600, 16324408.4733653
1447488000, 5443609.84415077
1447574400, 3392916.44901535
1447660800, 3931815.47298535
1447747200, 9617501.56763805
1447833600, 3152064.57668724
1447920000, 5571854.10664968
1448006400, 4110397.92212591
1448092800, 3250108.30661629
1448179200, 6187148.19260805
1448265600, 2772085.87460359
1448352000, 4066335.96824347
1448438400, 2855856.75346933
1448524800, 4434696.56574966
1448611200, 9390534.39796801
1448697600, 2852386.08800469
1448784000, 2100062.72736123
1448870400, 5447512.91575085
1448956800, 5520691.51361053
1449043200, 8372010.17755593
1449129600, 5245552.6009331
1449216000, 5954523.61382903
1449302400, 6599520.54324397
1449388800, 10904994.2849992
1449475200, 5501875.84259256
1449561600, 3738607.77200941
1449648000, 18981597.3116633
1449734400, 5574609.24621577
1449820800, 9156056.98442429
1449907200, 5644506.62365639
1449993600, 6277099.3851186
1450080000, 23094093.3925633
1450166400, 7045570.77456466
1450252800, 4634084.4457408
1450339200, 4277506.26884363
1450425600, 3799027.14908567
1450512000, 14397470.0295804
1450598400, 3136116.53706226
1450684800, 6041232.41474028
1450771200, 5456241.05138802
1450857600, 6206818.59744627
1450944000, 7119547.89661855
1451030400, 12927499.4199487
1451116800, 3740980.94462458
1451203200, 3144844.35268924
1451289600, 3688047.20582085
1451376000, 2912480.15872141
1451462400, 2973797.05110668
1451548800, 3808822.20311653
1451635200, 1734518.19945075
1451721600, 1894182.13508314
1451808000, 3807884.16669374
1451894400, 3561111.46442892
1451980800, 4981324.30680981
1452067200, 3992853.25695209
1452153600, 43716037.4494235
1452240000, 13069873.474138
1452326400, 2437160.0153264
1452412800, 11321060.887353
1452499200, 6382779.80598265
1452585600, 4245248.21691171
1452672000, 11884863.2412157
1452758400, 2566436.58736112
1452844800, 16632078.7122424
1452931200, 8101778.22833316
1453017600, 3631128.26872078
1453104000, 4162065.35807357
1453190400, 8023581.83756156
1453276800, 5948308.65577278
1453363200, 7359362.33004706
1453449600, 40946848.9392146
1453536000, 25182599.6800485
1453622400, 5784469.4729524
1453708800, 15429219.2620113
1453795200, 10418278.0751307
1453881600, 6285377.93620218
1453968000, 9905993.39384271
1454054400, 6056562.40877209
1454140800, 9240098.64965899
1454227200, 4939254.93709705
1454313600, 13509518.8012908
1454400000, 4259284.16005755
1454486400, 3837783.53822798
1454572800, 7390278.26660722
1454659200, 6182262.80404381
1454745600, 5318164.71128551
1454832000, 4650773.7255044
1454918400, 3787323.41674456
1455004800, 7175733.64889769
1455091200, 6831357.34445123
1455177600, 11720762.9036213
1455264000, 5392883.62972496
1455350400, 4748328.01680636
1455436800, 4277913.26923864
1455523200, 13260923.460814
1455609600, 10612700.7250913
1455696000, 8878588.71041742
1455782400, 3555331.9993712
1455868800, 10050489.825303
1455955200, 6003546.22361624
1456041600, 4745942.47434
1456128000, 6234277.49737579
1456214400, 5056773.82692277
1456300800, 9791425.68732041
1456387200, 9953878.40818992
1456473600, 5715370.97001947
1456560000, 4083098.38475351
1456646400, 10677967.8810665
1456732800, 13283535.7250915
1456819200, 39397731.8468912
1456905600, 10187683.8152333
1456992000, 15220040.2230624
1457078400, 9831597.8378803
1457164800, 29604242.8644177
1457251200, 9219327.95302677
1457337600, 13836144.5260045
1457424000, 10354132.5640352
1457510400, 13179125.1666247
1457596800, 13352683.0645696
1457683200, 7469960.82251476
1457769600, 6538428.16216643
1457856000, 8642080.68880204
1457938800, 10973751.3258564
1458025200, 8928989.37536105
1458111600, 8144506.20689006
1458198000, 7675932.82232503
1458284400, 6996570.54775874
1458370800, 5152930.684896
1458457200, 4010206.10547693
1458543600, 13962789.818798
1458630000, 9419060.07254674
1458716400, 3735689.45719358
1458802800, 5726488.34820827
1458889200, 9397181.39978974
1458975600, 7092036.78799728
1459062000, 4132241.6163166
1459148400, 7593576.9674582
1459234800, 5852833.5670783
1459321200, 7447650.02865772
1459407600, 9432202.46021533
1459494000, 6923794.54393883
1459580400, 4622098.39479821
1459666800, 5959593.27672572
1459753200, 4338793.65159984
1459839600, 6250773.55359564
1459926000, 9648704.87681566
1460012400, 22735307.73394
1460098800, 5170317.72965178
1460185200, 2784723.50606218
1460271600, 12933484.71884
1460358000, 6475451.02496445
1460444400, 9608361.79715144
1460530800, 4223836.80377127
1460617200, 4046251.19489664
1460703600, 4202095.87208136
1460790000, 5493066.86936456
1460876400, 3368705.21322071
1460962800, 4394586.8338728
1461049200, 4388501.41810003
1461135600, 6274373.66121672
1461222000, 4287615.71762152
1461308400, 6791592.77914591
1461394800, 4081710.74778296
1461481200, 6646851.84306948
1461567600, 13583077.8048906
1461654000, 7145039.21154735
1461740400, 5601075.11592622
1461826800, 7103026.82341277
1461913200, 6099594.27072767
1461999600, 3473051.4690589
1462086000, 5705300.5725766
1462172400, 3570125.77515172
1462258800, 2812387.95638631
1462345200, 6312306.76081616
1462431600, 3374346.61211688
1462518000, 6270379.53425651
1462604400, 10119082.5771743
1462690800, 3374674.23757061
1462777200, 5751256.04833141
1462863600, 8915366.33636732
1462950000, 7913352.60733332
1463036400, 5394115.95625954
1463122800, 4528777.0814645
1463209200, 8893932.41819546
1463295600, 2545207.86044842
1463382000, 8050966.40956186
1463468400, 50301185.8437673
1463554800, 8811365.89909322
1463641200, 12010062.1560213
1463727600, 11704389.2642823
1463814000, 4177083.06494823
1463900400, 4804292.67904706
1463986800, 6275989.44036647
1464073200, 4900550.84035166
1464159600, 8238415.11533808
1464246000, 6274190.8535064
1464332400, 34658700.9947905
1464418800, 10390172.4031702
1464505200, 13078787.1456304
1464591600, 7692754.00858431
1464678000, 9851276.43488849
1464764400, 9357222.70066813
1464850800, 18392831.561186
1464937200, 5181300.84830851
1465023600, 3932823.17893307
1465110000, 6433331.15005615
1465196400, 11121648.9559536
1465282800, 11553411.0760788
1465369200, 5674762.0054078
1465455600, 6423554.1892975
1465542000, 7163206.11381332
1465628400, 6406571.01404943
1465714800, 27332464.9218023
1465801200, 16796601.8873657
1465887600, 16999838.6567868
1465974000, 18794554.0519959
1466060400, 21848691.0436892
1466146800, 9594513.36421501
1466233200, 7293993.80967433
1466319600, 5367233.61834173
1466406000, 12663340.3759324
1466492400, 13559645.5696815
1466578800, 8181569.92046391
1466665200, 5616532.0091363
1466751600, 5884635.70915426
1466838000, 16629667.4276773
1466924400, 3654918.86521401
1467010800, 6638074.92424211
1467097200, 3668440.6626369
1467183600, 3670245.56131647
1467270000, 17946744.2519623
1467356400, 4520422.18514089
1467442800, 5355305.42331468
1467529200, 3038428.39074064
1467615600, 3657822.34899616
1467702000, 8840657.37398856
1467788400, 5157473.57933616
1467874800, 6838108.26181566
1467961200, 9206727.28161169
1468047600, 13309636.2826098
1468134000, 11857168.7584028
1468220400, 14160029.0004773
1468306800, 3737815.30881282
1468393200, 3727991.55062331
1468479600, 3303004.51338157
1468566000, 2995031.30203379
1468652400, 2404357.62727848
1468738800, 5983923.33738055
1468825200, 3614523.0173503
1468911600, 10024984.5149108
1468998000, 4891760.45511331
1469084400, 3004961.58602268
1469170800, 5222075.70124159
1469257200, 3627629.49647379
1469343600, 7043145.03021379
1469430000, 5907244.92882175
1469516400, 4660888.13222365
1469602800, 5653097.83116193
1469689200, 4759313.35325136
1469775600, 5583384.26334637
1469862000, 5178802.57427188
1469948400, 4421351.67111357
1470034800, 4330870.37384557
1470121200, 14087763.9298488
1470207600, 7397185.36654264
1470294000, 18315499.401773
1470380400, 4486451.82065992
1470466800, 4075601.37127607
1470553200, 6923579.96785181
1470639600, 4069729.98756743
1470726000, 3520172.52526225
1470812400, 5281105.57658517
1470898800, 3088130.82280038
1470985200, 2956419.37604052
1471071600, 2760821.66301485
1471158000, 4057127.2360611
1471244400, 2560216.15440313
1471330800, 8441421.96481855
1471417200, 4423965.90801442
1471503600, 4479741.55437988
1471590000, 7926580.69977552
1471676400, 23457865.1818676
1471762800, 3169206.30396
1471849200, 3594888.61180533
1471935600, 3995641.58523242
1472022000, 4305806.40934242
1472108400, 21744764.7275199
1472194800, 5345112.41240223
1472281200, 2065602.77955942
1472367600, 2781551.00285911
1472454000, 5722743.40538408
1472540400, 10849298.6559292
1472626800, 12949054.9249702
1472713200, 4889487.8854274
1472799600, 3249459.75941281
1472886000, 3380655.89127736
1472972400, 4900749.17127034
1473058800, 3438687.28574298
1473145200, 4965753.16183775
1473231600, 3751068.19198303
1473318000, 7315700.84484892
1473404400, 5069754.20722722
1473490800, 3850113.18978113
1473577200, 5886983.80061367
1473663600, 3825229.46840177
1473750000, 14742451.1891017
1473836400, 5333961.72161926
1473922800, 4069743.99291561
1474009200, 6408699.29660135
1474095600, 3758202.91009791
1474182000, 3526165.90757583
1474268400, 4804595.54569216
1474354800, 12419507.3223277
1474441200, 5902153.07383016
1474527600, 3116150.64193834
1474614000, 3844887.74433919
1474700400, 12209424.067886
1474786800, 10945548.9655272
1474873200, 4607588.25879332
1474959600, 6468338.37388364
1475046000, 4118253.54996505
1475132400, 3803795.73003655
1475218800, 3315276.5236896
1475305200, 2746097.36679603
1475391600, 2372955.00173441
1475478000, 7941551.3337301
1475564400, 12775278.6280273
1475650800, 4674916.14844646
1475737200, 4510420.55039366
1475823600, 3789448.44165208
1475910000, 4244522.67528904
1475996400, 2582254.89137304
1476082800, 5080797.76726923
1476169200, 9075497.6683852
1476255600, 12068189.1590382
1476342000, 5918571.32386729
1476428400, 4595288.75755364
1476514800, 3146752.8357013
1476601200, 3565017.62985963
1476687600, 17407226.1837314
1476774000, 12161485.8731588
1476860400, 5923343.1006362
1476946800, 6208407.16548522
1477033200, 13665776.7850431
1477119600, 4824580.65510533
1477206000, 4325461.51031169
1477292400, 13923474.1687295
1477378800, 7894009.58228829
1477465200, 10431554.5805965
1477551600, 10515763.7979575
1477638000, 6133823.31302476
1477724400, 7033708.35062972
1477810800, 4078137.89327011
1477897200, 6993970.91697798
1477983600, 6658890.08064529
1478070000, 5755781.37158122
1478156400, 6924347.78880763
1478242800, 5319603.9801103
1478329200, 3195195.31741559
1478415600, 3517860.74364659
1478505600, 4682127.16143662
1478592000, 12825168.1479414
1478678400, 8887311.75687375
1478764800, 10651036.4199227
1478851200, 7979473.61168468
1478937600, 3335414.73569361
1479024000, 3208519.05703087
1479110400, 8309218.97448529
1479196800, 7282787.46634801
1479283200, 18212715.5234676
1479369600, 14076267.5944281
1479456000, 8530670.11251141
1479542400, 4586929.11385795
1479628800, 4465511.03781027
1479715200, 7535157.79755412
1479801600, 18526358.0283522
1479888000, 7037498.97248366
1479974400, 36611085.0784386
1480060800, 5205819.4804454
1480147200, 7847909.46708382
1480233600, 5126592.82182571
1480320000, 7628451.4604998
1480406400, 6442818.04649908
1480492800, 7471041.8186875
1480579200, 8919005.36500123
1480665600, 10329746.2588061
1480752000, 42021466.0921608
1480838400, 3049260.57664589
1480924800, 9401624.6003652
1481011200, 5321976.20866295
1481097600, 6422166.51085672
1481184000, 11412961.6334052
1481270400, 4678982.30394807
1481356800, 9296715.92875888
1481443200, 5012721.50267368
1481529600, 6140904.20775698
1481616000, 11478187.7424177
1481702400, 7619012.36478693
1481788800, 8384226.51924977
1481875200, 10608128.7273701
1481961600, 7367396.51651891
1482048000, 12179091.1863747
1482134400, 4989992.32947183
1482220800, 10510810.5351833
1482307200, 29905248.0217866
1482393600, 23978634.1791835
1482480000, 19685461.4972006
1482566400, 9707025.257263
1482652800, 7456041.80892362
1482739200, 6086823.2146537
1482825600, 10560608.3202919
1482912000, 25050499.0892336
1482998400, 20473319.45751
1483084800, 12230625.5003877
1483171200, 4985380.95727349
1483257600, 7669853.74484614
1483344000, 16587346.2967199
1483430400, 11966699.7370294
1483516800, 21028955.8782033
1483603200, 47444501.2152413
1483689600, 17203914.5922177
1483776000, 8356000.13921933
1483862400, 8082064.59515679
1483948800, 9909613.88973983
1484035200, 8159426.55797912
1484121600, 18372144.0709903
1484208000, 8599475.0226298
1484294400, 9508717.2382801
1484380800, 3226413.9277473
1484467200, 5678125.67206357
1484553600, 5645381.11561493
1484640000, 8176848.76496589
1484726400, 5311001.24278061
1484812800, 3989926.96752539
1484899200, 4289954.22802759
1484985600, 4809619.8135522
1485072000, 6203013.56121726
1485158400, 5563415.43102294
1485244800, 10607019.5546748
1485331200, 9058254.72551387
1485417600, 6629112.25182718
1485504000, 5767342.15010805
1485590400, 3112757.14346509
1485676800, 31377718.3347267
1485763200, 3951655.12861468
1485849600, 7615612.69533573
1485936000, 5931666.37706445
1486022400, 7607132.04067937
1486108800, 19694572.9698266
1486195200, 6349730.50991893
1486281600, 7104427.60297652
1486368000, 12442911.0624961
1486454400, 17875347.7445627
1486540800, 6349623.43883677
1486627200, 14375334.9107062
1486713600, 12856789.8090551
1486800000, 2789916.80408798
1486886400, 5514100.40818568
1486972800, 8832165.94601764
1487059200, 6664681.10596863
1487145600, 3431017.3828324
1487232000, 4799521.04597306
1487318400, 12182505.8700464
1487404800, 5787863.4871088
1487491200, 6560519.8025231
1487577600, 5216906.55720292
1487664000, 10626355.8172103
1487750400, 15629900.447548
1487836800, 9761679.91253386
1487923200, 33765797.0310001
1488009600, 5481288.04590878
1488096000, 3774434.3560478
1488182400, 7390341.84209052
1488268800, 6183689.26737391
1488355200, 8579492.0923295
1488441600, 11253035.593499
1488528000, 28357773.4663724
1488614400, 6658702.94517364
1488700800, 6423390.03713426
1488787200, 11030415.7272545
1488873600, 11826492.0883031
1488960000, 13199308.5373739
1489046400, 11100260.4981653
1489132800, 16135803.5876591
1489219200, 7881593.4943376
1489305600, 5841480.93313237
1489388400, 24678134.4088041
1489474800, 7265035.88204579
1489561200, 12006304.1395472
1489647600, 18226625.3937476
1489734000, 24021310.5971718
1489820400, 31350804.5339589
1489906800, 17661949.2287287
1489993200, 10952509.9785356
1490079600, 15012034.8627147
1490166000, 18572093.7682022
1490252400, 9008513.64497974
1490338800, 91973543.4843988
1490425200, 30696586.8511591
1490511600, 22082608.8701916
1490598000, 12553482.8415675
1490684400, 12839837.2461825
1490770800, 9581756.24630161
1490857200, 11126618.1949023
1490943600, 14389094.9834594
1491030000, 11132885.3525485
1491116400, 10909507.633309
1491202800, 9661868.36918392
1491289200, 5727614.94548012
1491375600, 9266808.42982236
1491462000, 7952422.63969881
1491548400, 20565698.2471605
1491634800, 6677878.33889782
1491721200, 5073967.74422413
1491807600, 8277687.12687216
1491894000, 6539323.61539616
1491980400, 15745956.0483528
1492066800, 4664357.06512636
1492153200, 16134664.7509538
1492239600, 4528168.12414647
1492326000, 3620850.18424113
1492412400, 10762739.5278829
1492498800, 9654349.94501368
1492585200, 7599090.45451658
1492671600, 6410454.88532806
1492758000, 5034030.07481927
1492844400, 3563367.3484443
1492930800, 5147287.64863741
1493017200, 10898170.6861635
1493103600, 8955003.07971937
1493190000, 8168949.51045541
1493276400, 6259934.95525203
1493362800, 26430022.8416033
1493449200, 8455163.35012891
1493535600, 13811976.6278859
1493622000, 34221245.1259633
1493708400, 19714876.8796531
1493794800, 11013152.6992311
1493881200, 18076012.9233834
1493967600, 30989368.4592068
1494054000, 7409637.55672104
1494140400, 7765081.76435193
1494226800, 17348017.6876545
1494313200, 24305587.087484
1494399600, 11022216.6232919
1494486000, 36104394.861268
1494572400, 12682433.2033227
1494658800, 8533295.7924566
1494745200, 5153789.16292843
1494831600, 13143594.3243585
1494918000, 8312707.24510613
1495004400, 19104113.8406798
1495090800, 8514872.75181702
1495177200, 17976596.6996219
1495263600, 11782400.0134683
1495350000, 11429854.5510828
1495436400, 31047361.6911818
1495522800, 25758680.4112448
1495609200, 37273497.0501534
1495695600, 58005537.2518703
1495782000, 18768569.0486992
1495868400, 14323906.2501654
1495954800, 11892588.8339057
1496041200, 10578842.770904
1496127600, 16919237.510082
1496214000, 30871506.0413768
1496300400, 17753974.5288011
1496386800, 9169940.1390883
1496473200, 8788790.38946781
1496559600, 11935853.8989713
1496646000, 13238542.5791685
1496732400, 14800787.883478
1496818800, 10033700.1242478
1496905200, 12132060.1658699
1496991600, 17299067.5419201
1497078000, 39095903.9323459
1497164400, 11700872.9702906
1497250800, 70722815.4581954
1497337200, 77493375.0985643
1497423600, 19287666.6508452
1497510000, 15869329.2544476
1497596400, 27235323.0471703
1497682800, 6845924.63884814
1497769200, 22459045.2456139
1497855600, 15259100.108601
1497942000, 16187699.4230373
1498028400, 10712656.3270143
1498114800, 14597123.659049
1498201200, 8530375.20176624
1498287600, 9731437.51839005
1498374000, 6566117.11463
1498460400, 9398241.00991899
1498546800, 9306426.96479134
1498633200, 13754722.4702456
1498719600, 10089938.2714311
1498806000, 17462057.8465805
1498892400, 7936224.46383645
1498978800, 11035877.7749373
1499065200, 17134755.5101603
1499151600, 11066043.6161865
1499238000, 20609821.1657424
1499324400, 9459901.04236899
1499410800, 13615377.563722
1499497200, 7988255.87452227
1499583600, 9495934.2814253
1499670000, 7506021.40903514
1499756400, 11675376.9286564
1499842800, 8263370.18468984
1499929200, 10768045.0773656
1500015600, 13631011.2764511
1500102000, 8706979.40007807
1500188400, 7840118.39243377
1500274800, 29641566.3602653
1500361200, 9794940.90087617
1500447600, 10122899.5455762
1500534000, 13801681.1539244
1500620400, 10780164.6928701
1500706800, 8846244.71403715
1500793200, 6044401.46794873
1500879600, 14138840.2081669
1500966000, 90203610.8066551
1501052400, 11350497.3882412
1501138800, 24338031.6568717
1501225200, 61503051.2839542
1501311600, 115279028.116323
1501398000, 58930857.7752462
1501484400, 200770260.60006
1501570800, 33915580.8204755
1501657200, 37971466.9583539
1501743600, 51589388.3750453
1501830000, 99821035.4939448
1501916400, 57867777.2457922
1502002800, 64882811.2264992
1502089200, 31765947.7501429
1502175600, 39489496.0938443
1502262000, 29084276.8009696
1502348400, 16155450.8904078
1502434800, 15671676.0883543
1502521200, 23689090.4577004
1502607600, 22520941.9158
1502694000, 18044201.1108336
1502780400, 16222024.8746267
1502866800, 12993340.3550801
1502953200, 20424318.6070815
1503039600, 26650052.4239522
1503126000, 29658243.3564181
1503212400, 35980183.018789
1503298800, 15773138.483168
1503385200, 26785075.2300813
1503471600, 30697022.7224715
1503558000, 14092608.7137436
1503644400, 14394759.2234331
1503730800, 13414801.6208084
1503817200, 13884074.5674458
1503903600, 12427624.0650462
1503990000, 27904102.8338271
1504076400, 21254243.1936076
1504162800, 20946172.1311814
1504249200, 18123850.5161181
1504335600, 13686554.9286251
1504422000, 14709055.1891938
1504508400, 18767535.0534955
1504594800, 12118727.634547
1504681200, 13830253.1372336
1504767600, 15012341.9533115
1504854000, 7023531.95925971
1504940400, 7285308.5975416
1505026800, 10396491.9963687
1505113200, 11583841.4921406
1505199600, 8099683.75536151
1505286000, 12460414.3109826
1505372400, 14680302.1020484
1505458800, 26397212.7413347
1505545200, 11740586.7212135
1505631600, 7854331.74682088
1505718000, 7162800.75860372
1505804400, 10032697.4816525
1505890800, 9002411.82087235
1505977200, 11587725.1307321
1506063600, 19125538.217865
1506150000, 5778925.6661636
1506236400, 3770440.79399254
1506322800, 89208550.4748719
1506409200, 21245529.3236575
1506495600, 7914043.43174424
1506582000, 10758759.3409954
1506668400, 8732274.40989593
1506754800, 15393079.5299331
1506841200, 9514147.1747444
1506927600, 18428486.828332
1507014000, 11158818.9722031
1507100400, 8372998.20229754
1507186800, 46149585.9904507
1507273200, 10831433.8748901
1507359600, 10480917.3984137
1507446000, 21393762.6502112
1507532400, 28125608.8908113
1507618800, 14737565.6942624
1507705200, 8319519.89024263
1507791600, 13235492.1171207
1507878000, 25839695.0238571
1507964400, 10243902.9898595
1508050800, 23280783.9967107
1508137200, 35446862.9438414
1508223600, 18160081.3915405
1508310000, 10461933.3108331
1508396400, 38465977.4502938
1508482800, 10090185.6869157
1508569200, 7986093.69512971
1508655600, 25117977.2795871
1508742000, 31271189.2959235
1508828400, 19591894.0518877
1508914800, 22984674.2134102
1509001200, 8281054.91011797
1509087600, 8992419.04928681
1509174000, 5818041.57837969
1509260400, 10332486.5277612
1509346800, 12920808.7460198
1509433200, 13126368.3890989
1509519600, 36226770.9123028
1509606000, 18808023.2425115
1509692400, 19208350.2026593
1509778800, 10004772.9020397
1509865200, 38371573.1333136
1509955200, 9245588.04384325
1510041600, 17582854.5331992
1510128000, 16908990.489671
1510214400, 15332716.458145
1510300800, 24458344.4157568
1510387200, 39678359.7884154
1510473600, 186327935.851947
1510560000, 33208725.8722369
1510646400, 19826624.4327408
1510732800, 19496812.7264577
1510819200, 35643575.2195827
1510905600, 25368818.7130347
1510992000, 14777061.0989875
1511078400, 11571787.5672148
1511164800, 31428391.3596601
1511251200, 18492661.9253428
1511337600, 9623668.70320483
1511424000, 12124411.2370247
1511510400, 25931015.587775
1511596800, 18133565.1635956
1511683200, 24826620.3678563
1511769600, 19158685.5920053
1511856000, 25554682.3018511
1511942400, 25269776.23501
1512028800, 16313792.9941528
1512115200, 18148970.2833438
1512201600, 15486686.0810681
1512288000, 13493173.8252985
1512374400, 15595177.166525
1512460800, 15378061.2865844
1512547200, 21905287.3624889
1512633600, 87497043.4221899
1512720000, 34290201.9262172
1512806400, 16118888.9461273
1512892800, 19435873.4441011
1512979200, 15936900.6989928
1513065600, 42324910.507366
1513152000, 21590091.7053955
1513238400, 17379854.2877839
1513324800, 20169390.7326616
1513411200, 11121656.680288
1513497600, 42081249.119846
1513584000, 16163496.7458093
1513670400, 14535149.9576514
1513756800, 48257378.0195349
1513843200, 13400647.3820248
1513929600, 29780743.5702142
1514016000, 16521772.9239028
1514102400, 13585848.5135569
1514188800, 10750417.1947696
1514275200, 16169255.6015259
1514361600, 19102112.8573756
1514448000, 10741602.7396452
1514534400, 16947559.861212
1514620800, 27179477.2318514
1514707200, 25143283.2569429
1514793600, 9793264.119386
1514880000, 23364697.5425893
1514966400, 12050192.3569974
1515052800, 14435982.3556505
1515139200, 25612780.5630702
1515225600, 14919521.1327578
1515312000, 89474815.4999586
1515398400, 8567108.44185599
1515484800, 12455061.6582812
1515571200, 11236288.3430283
1515657600, 19754399.2645265
1515744000, 20908685.330853
1515830400, 10122228.3100355
1515916800, 10943843.3348074
1516003200, 7509997.5721268
1516089600, 17728824.726295
1516176000, 26766622.3281482
1516262400, 8505464.27488362
1516348800, 11279616.317632
1516435200, 8958317.33902297
1516521600, 8160368.13479287
1516608000, 16152437.8057
1516694400, 11170051.3886981
1516780800, 8207809.21303193
1516867200, 9251745.41682805
1516953600, 16572905.7897316
1517040000, 7129098.04375954
1517126400, 17786143.3311766
1517212800, 8153432.95239434
1517299200, 9664075.61440813
1517385600, 14678685.5658996
1517472000, 22555458.3292285
1517558400, 15170398.1699731
1517644800, 8266531.34396563
1517731200, 93975792.4186173
1517817600, 39095498.6259322
1517904000, 35769862.7802115
1517990400, 9854364.66352046
1518076800, 28737218.9051863
1518163200, 5532275.04119069
1518249600, 5724089.91034157
1518336000, 9167687.38549031
1518422400, 8624068.71096539
1518508800, 4702563.50461938
1518595200, 6168298.33088004
1518681600, 10485940.5841943
1518768000, 7645429.64838052
1518854400, 3369522.19675956
1518940800, 6790157.52539185
1519027200, 4369459.17527165
1519113600, 10567098.1859144
1519200000, 6523858.22268859
1519286400, 75283000.4546948
1519372800, 7523591.00269052
1519459200, 2386541.90842374
