1231488000, 3010.0
1231574400, 13129.0
1231660800, 20033.0
1231747200, 22031.0
1231833600, 26527.0
1231920000, 28276.0
1232006400, 30061.0
1232092800, 23854.0
1232179200, 23528.0
1232265600, 23534.0
1232352000, 26783.0
1232438400, 25619.0
1232524800, 22337.0
1232611200, 20816.0
1232697600, 19256.0
1232784000, 44634.0
1232870400, 41447.0
1232956800, 23035.0
1233043200, 21370.0
1233129600, 24153.0
1233216000, 27498.0
1233302400, 25257.0
1233388800, 32080.0
1233475200, 24657.0
1233561600, 27788.0
1233648000, 34541.0
1233734400, 25673.0
1233820800, 27181.0
1233907200, 26332.0
1233993600, 31000.0
1234080000, 28720.0
1234166400, 33983.0
1234252800, 25880.0
1234339200, 30474.0
1234425600, 25689.0
1234512000, 26772.0
1234598400, 29347.0
1234684800, 29361.0
1234771200, 29789.0
1234857600, 25260.0
1234944000, 25481.0
1235030400, 28650.0
1235116800, 26334.0
1235203200, 24620.0
1235289600, 27654.0
1235376000, 23327.0
1235462400, 22889.0
1235548800, 22666.0
1235635200, 23108.0
1235721600, 28957.0
1235808000, 22228.0
1235894400, 22675.0
1235980800, 23324.0
1236067200, 23670.0
1236153600, 25450.0
1236240000, 25134.0
1236326400, 25263.0
1236412800, 23541.0
1236499200, 28013.0
1236582000, 23297.0
1236668400, 23109.0
1236754800, 24611.0
1236841200, 25905.0
1236927600, 25921.0
1237014000, 23737.0
1237100400, 26564.0
1237186800, 31643.0
1237273200, 24620.0
1237359600, 26301.0
1237446000, 26326.0
1237532400, 26887.0
1237618800, 10794.0
1237705200, 27028.0
1237791600, 28070.0
1237878000, 22678.0
1237964400, 25247.0
1238050800, 28502.0
1238137200, 22891.0
1238223600, 28112.0
1238310000, 25052.0
1238396400, 25902.0
1238482800, 27447.0
1238569200, 24608.0
1238655600, 24827.0
1238742000, 25050.0
1238828400, 24379.0
1238914800, 30102.0
1239001200, 23542.0
1239087600, 21599.0
1239174000, 22680.0
1239260400, 21358.0
1239346800, 23322.0
1239433200, 26800.0
1239519600, 26516.0
1239606000, 25066.0
1239692400, 26778.0
1239778800, 24379.0
1239865200, 26555.0
1239951600, 24176.0
1240038000, 27977.0
1240124400, 26656.0
1240210800, 38917.0
1240297200, 26782.0
1240383600, 26132.0
1240470000, 16176.0
1240556400, 24829.0
1240642800, 25472.0
1240729200, 25990.0
1240815600, 22453.0
1240902000, 25229.0
1240988400, 29964.0
1241074800, 28290.0
1241161200, 26121.0
1241247600, 29153.0
1241334000, 23715.0
1241420400, 31095.0
1241506800, 30330.0
1241593200, 29157.0
1241679600, 26352.0
1241766000, 23106.0
1241852400, 16808.0
1241938800, 18339.0
1242025200, 26263.0
1242111600, 28070.0
1242198000, 25061.0
1242284400, 30731.0
1242370800, 30546.0
1242457200, 25698.0
1242543600, 27427.0
1242630000, 25479.0
1242716400, 18566.0
1242802800, 25888.0
1242889200, 17709.0
1242975600, 13174.0
1243062000, 6910.0
1243148400, 21590.0
1243234800, 23539.0
1243321200, 26988.0
1243407600, 25672.0
1243494000, 20509.0
1243580400, 29769.0
1243666800, 23513.0
1243753200, 20736.0
1243839600, 15608.0
1243926000, 23966.0
1244012400, 15336.0
1244098800, 14252.0
1244185200, 6477.0
1244271600, 6028.0
1244358000, 3455.0
1244444400, 17693.0
1244530800, 19638.0
1244617200, 17706.0
1244703600, 19221.0
1244790000, 18564.0
1244876400, 16805.0
1244962800, 15530.0
1245049200, 18140.0
1245135600, 15317.0
1245222000, 17036.0
1245308400, 17265.0
1245394800, 18764.0
1245481200, 16830.0
1245567600, 17477.0
1245654000, 23285.0
1245740400, 16383.0
1245826800, 21050.0
1245913200, 16983.0
1245999600, 19404.0
1246086000, 18130.0
1246172400, 10154.0
1246258800, 18154.0
1246345200, 18789.0
1246431600, 16238.0
1246518000, 18145.0
1246604400, 17710.0
1246690800, 19213.0
1246777200, 17063.0
1246863600, 18142.0
1246950000, 14900.0
1247036400, 15983.0
1247122800, 18552.0
1247209200, 17485.0
1247295600, 17927.0
1247382000, 16616.0
1247468400, 16841.0
1247554800, 14901.0
1247641200, 9719.0
1247727600, 15326.0
1247814000, 10143.0
1247900400, 860.0
1247986800, 15106.0
1248073200, 29029.0
1248159600, 17700.0
1248246000, 12924.0
1248332400, 16392.0
1248418800, 15763.0
1248505200, 6907.0
1248591600, 4526.0
1248678000, 15977.0
1248764400, 8844.0
1248850800, 4369.0
1248937200, 3468.0
1249023600, 3667.0
1249110000, 6043.0
1249196400, 4959.0
1249282800, 2590.0
1249369200, 17466.0
1249455600, 18768.0
1249542000, 19433.0
1249628400, 30042.0
1249714800, 17270.0
1249801200, 21816.0
1249887600, 16199.0
1249974000, 15114.0
1250060400, 13578.0
1250146800, 18340.0
1250233200, 13597.0
1250319600, 5600.0
1250406000, 4095.0
1250492400, 3669.0
1250578800, 2160.0
1250665200, 3877.0
1250751600, 4734.0
1250838000, 3010.0
1250924400, 1505.0
1251010800, 3233.0
1251097200, 3225.0
1251183600, 10783.0
1251270000, 16120.0
1251356400, 6245.0
1251442800, 16180.0
1251529200, 16833.0
1251615600, 21086.0
1251702000, 19294.0
1251788400, 16832.0
1251874800, 14246.0
1251961200, 14817.0
1252047600, 13803.0
1252134000, 16404.0
1252220400, 14678.0
1252306800, 18364.0
1252393200, 14888.0
1252479600, 11653.0
1252566000, 14459.0
1252652400, 14460.0
1252738800, 14896.0
1252825200, 16188.0
1252911600, 15973.0
1252998000, 9498.0
1253084400, 15759.0
1253170800, 29755.0
1253257200, 16833.0
1253343600, 15981.0
1253430000, 16847.0
1253516400, 15853.0
1253602800, 9996.0
1253689200, 7766.0
1253775600, 20904.0
1253862000, 22688.0
1253948400, 21546.0
1254034800, 20652.0
1254121200, 18354.0
1254207600, 23990.0
1254294000, 18340.0
1254380400, 17703.0
1254466800, 16720.0
1254553200, 12494.0
1254639600, 11431.0
1254726000, 11867.0
1254812400, 11142.0
1254898800, 12943.0
1254985200, 15083.0
1255071600, 17037.0
1255158000, 16618.0
1255244400, 15966.0
1255330800, 21134.0
1255417200, 12301.0
1255503600, 14878.0
1255590000, 15291.0
1255676400, 22351.0
1255762800, 12303.0
1255849200, 16798.0
1255935600, 24130.0
1256022000, 32110.0
1256108400, 19333.0
1256194800, 24131.0
1256281200, 19173.0
1256367600, 14272.0
1256454000, 16384.0
1256540400, 15322.0
1256626800, 15730.0
1256713200, 14235.0
1256799600, 14692.0
1256886000, 12928.0
1256972400, 9904.0
1257058800, 5382.0
1257148800, 7108.0
1257235200, 13363.0
1257321600, 18529.0
1257408000, 12282.0
1257494400, 13364.0
1257580800, 14881.0
1257667200, 15735.0
1257753600, 13804.0
1257840000, 16800.0
1257926400, 21213.0
1258012800, 14218.0
1258099200, 19076.0
1258185600, 17035.0
1258272000, 20700.0
1258358400, 20921.0
1258444800, 19841.0
1258531200, 17019.0
1258617600, 26264.0
1258704000, 18543.0
1258790400, 15747.0
1258876800, 22865.0
1258963200, 20722.0
1259049600, 20048.0
1259136000, 19408.0
1259222400, 18103.0
1259308800, 15945.0
1259395200, 15305.0
1259481600, 12941.0
1259568000, 16182.0
1259654400, 35316.0
1259740800, 20271.0
1259827200, 18989.0
1259913600, 7756.0
1260000000, 15937.0
1260086400, 22697.0
1260172800, 24152.0
1260259200, 26167.0
1260345600, 25268.0
1260432000, 22427.0
1260518400, 24119.0
1260604800, 31509.0
1260691200, 24596.0
1260777600, 60330.0
1260864000, 24964.0
1260950400, 31309.0
1261036800, 38019.0
1261123200, 48497.0
1261209600, 42910.0
1261296000, 37785.0
1261382400, 37901.0
1261468800, 34947.0
1261555200, 33214.0
1261641600, 33216.0
1261728000, 32378.0
1261814400, 37535.0
1261900800, 36706.0
1261987200, 29558.0
1262073600, 36876.0
1262160000, 30412.0
1262246400, 29766.0
1262332800, 28770.0
1262419200, 27169.0
1262505600, 40132.0
1262592000, 48697.0
1262678400, 42695.0
1262764800, 35166.0
1262851200, 33208.0
1262937600, 33011.0
1263024000, 32590.0
1263110400, 41002.0
1263196800, 34296.0
1263283200, 59150.0
1263369600, 35835.0
1263456000, 32114.0
1263542400, 31006.0
1263628800, 27785.0
1263715200, 28239.0
1263801600, 27166.0
1263888000, 26708.0
1263974400, 34041.0
1264060800, 41166.0
1264147200, 29447.0
1264233600, 34954.0
1264320000, 33372.0
1264406400, 53015.0
1264492800, 44875.0
1264579200, 37729.0
1264665600, 40633.0
1264752000, 44868.0
1264838400, 49436.0
1264924800, 37792.0
1265011200, 43041.0
1265097600, 33665.0
1265184000, 58978.0
1265270400, 54479.0
1265356800, 76429.0
1265443200, 45539.0
1265529600, 48371.0
1265616000, 58158.0
1265702400, 92495.0
1265788800, 105605.0
1265875200, 45084.0
1265961600, 46843.0
1266048000, 60026.0
1266134400, 52585.0
1266220800, 49069.0
1266307200, 44368.0
1266393600, 55931.0
1266480000, 51875.0
1266566400, 42284.0
1266652800, 46464.0
1266739200, 62714.0
1266825600, 86860.0
1266912000, 54084.0
1266998400, 49425.0
1267084800, 49724.0
1267171200, 39761.0
1267257600, 38434.0
1267344000, 45927.0
1267430400, 45895.0
1267516800, 45381.0
1267603200, 47123.0
1267689600, 84189.0
1267776000, 37276.0
1267862400, 49317.0
1267948800, 52035.0
1268035200, 47962.0
1268121600, 40798.0
1268208000, 40432.0
1268294400, 36104.0
1268380800, 26967.0
1268467200, 37136.0
1268553600, 28379.0
1268636400, 30316.0
1268722800, 30239.0
1268809200, 32391.0
1268895600, 40095.0
1268982000, 47931.0
1269068400, 51036.0
1269154800, 40877.0
1269241200, 43567.0
1269327600, 54284.0
1269414000, 41609.0
1269500400, 80544.0
1269586800, 52068.0
1269673200, 41688.0
1269759600, 42761.0
1269846000, 50417.0
1269932400, 47945.0
1270018800, 48313.0
1270105200, 39900.0
1270191600, 36150.0
1270278000, 38056.0
1270364400, 45442.0
1270450800, 52396.0
1270537200, 47108.0
1270623600, 54580.0
1270710000, 47884.0
1270796400, 66267.0
1270882800, 91234.0
1270969200, 72089.0
1271055600, 67266.0
1271142000, 46359.0
1271228400, 56137.0
1271314800, 134861.0
1271401200, 71771.0
1271487600, 60619.0
1271574000, 886809.0
1271660400, 89292.0
1271746800, 73030.0
1271833200, 67271.0
1271919600, 44556.0
1272006000, 46160.0
1272092400, 59894.0
1272178800, 58743.0
1272265200, 52600.0
1272351600, 54474.0
1272438000, 59059.0
1272524400, 41214.0
1272610800, 39495.0
1272697200, 49523.0
1272783600, 40027.0
1272870000, 50135.0
1272956400, 57986.0
1273042800, 54148.0
1273129200, 66588.0
1273215600, 41488.0
1273302000, 66985.0
1273388400, 49258.0
1273474800, 47575.0
1273561200, 30042.0
1273647600, 46530.0
1273734000, 44038.0
1273820400, 191194.0
1273906800, 201635.0
1273993200, 30951.0
1274079600, 49714.0
1274166000, 56799.0
1274252400, 55789.0
1274338800, 55727.0
1274425200, 65808.0
1274511600, 83725.0
1274598000, 78557.0
1274684400, 58565.0
1274770800, 62486.0
1274857200, 75181.0
1274943600, 69584.0
1275030000, 66069.0
1275116400, 64171.0
1275202800, 46287.0
1275289200, 45695.0
1275375600, 46126.0
1275462000, 44144.0
1275548400, 68525.0
1275634800, 38276.0
1275721200, 45514.0
1275807600, 49965.0
1275894000, 72693.0
1275980400, 54586.0
1276066800, 61676.0
1276153200, 49693.0
1276239600, 61990.0
1276326000, 50021.0
1276412400, 60578.0
1276498800, 73004.0
1276585200, 65982.0
1276671600, 58035.0
1276758000, 46951.0
1276844400, 50034.0
1276930800, 72140.0
1277017200, 55001.0
1277103600, 60719.0
1277190000, 60608.0
1277276400, 65819.0
1277362800, 61265.0
1277449200, 47293.0
1277535600, 45518.0
1277622000, 55625.0
1277708400, 53145.0
1277794800, 74471.0
1277881200, 219707.0
1277967600, 75308.0
1278054000, 113494.0
1278140400, 72458.0
1278226800, 78667.0
1278313200, 64974.0
1278399600, 50158.0
1278486000, 65794.0
1278572400, 52175.0
1278658800, 61766.0
1278745200, 67545.0
1278831600, 90168.0
1278918000, 601301.0
1279004400, 360099.0
1279090800, 1645594.0
1279177200, 544313.0
1279263600, 308968.0
1279350000, 126403.0
1279436400, 145561.0
1279522800, 145645.0
1279609200, 192893.0
1279695600, 129061.0
1279782000, 100831.0
1279868400, 102463.0
1279954800, 288520.0
1280041200, 745131.0
1280127600, 242849.0
1280214000, 126205.0
1280300400, 544527.0
1280386800, 441239.0
1280473200, 112707.0
1280559600, 95553.0
1280646000, 103256.0
1280732400, 105848.0
1280818800, 187252.0
1280905200, 118838.0
1280991600, 202284.0
1281078000, 111297.0
1281164400, 99351.0
1281250800, 105310.0
1281337200, 297191.0
1281423600, 90881.0
1281510000, 115767.0
1281596400, 99778.0
1281682800, 180029.0
1281769200, 138311.0
1281855600, 83618.0
1281942000, 154332.0
1282028400, 87143.0
1282114800, 266732.0
1282201200, 84193.0
1282287600, 114996.0
1282374000, 93320.0
1282460400, 100182.0
1282546800, 103967.0
1282633200, 179767.0
1282719600, 89739.0
1282806000, 118135.0
1282892400, 81224.0
1282978800, 103269.0
1283065200, 67018.0
1283151600, 100051.0
1283238000, 179743.0
1283324400, 140451.0
1283410800, 94844.0
1283497200, 83176.0
1283583600, 74104.0
1283670000, 90113.0
1283756400, 79929.0
1283842800, 74845.0
1283929200, 92533.0
1284015600, 96488.0
1284102000, 99333.0
1284188400, 80912.0
1284274800, 123975.0
1284361200, 132839.0
1284447600, 121459.0
1284534000, 129736.0
1284620400, 120795.0
1284706800, 151120.0
1284793200, 107268.0
1284879600, 106524.0
1284966000, 140555.0
1285052400, 267541.0
1285138800, 216418.0
1285225200, 195070.0
1285311600, 139809.0
1285398000, 160892.0
1285484400, 120058.0
1285570800, 219307.0
1285657200, 259065.0
1285743600, 360817.0
1285830000, 109932.0
1285916400, 170186.0
1286002800, 181685.0
1286089200, 114492.0
1286175600, 139628.0
1286262000, 126135.0
1286348400, 121525.0
1286434800, 106962.0
1286521200, 133119.0
1286607600, 142978.0
1286694000, 112246.0
1286780400, 104397.0
1286866800, 108305.0
1286953200, 153068.0
1287039600, 116607.0
1287126000, 94119.0
1287212400, 146797.0
1287298800, 131625.0
1287385200, 182936.0
1287471600, 298121.0
1287558000, 229326.0
1287644400, 180774.0
1287730800, 194425.0
1287817200, 157944.0
1287903600, 161575.0
1287990000, 133369.0
1288076400, 153234.0
1288162800, 193688.0
1288249200, 159470.0
1288335600, 162752.0
1288422000, 119897.0
1288508400, 96862.0
1288594800, 102885.0
1288681200, 79084.0
1288767600, 99075.0
1288854000, 103257.0
1288940400, 154535.0
1289026800, 115244.0
1289113200, 127295.0
1289203200, 232253.0
1289289600, 118595.0
1289376000, 111452.0
1289462400, 111768.0
1289548800, 79065.0
1289635200, 99392.0
1289721600, 143607.0
1289808000, 1757332.0
1289894400, 2157868.0
1289980800, 124735.0
1290067200, 353471.0
1290153600, 2187175.0
1290240000, 2209954.0
1290326400, 2300864.0
1290412800, 102332.0
1290499200, 105488.0
1290585600, 973660.0
1290672000, 1722713.0
1290758400, 371264.0
1290844800, 134152.0
1290931200, 123021.0
1291017600, 144629.0
1291104000, 130423.0
1291190400, 163462.0
1291276800, 130957.0
1291363200, 129579.0
1291449600, 132717.0
1291536000, 116906.0
1291622400, 121217.0
1291708800, 179980.0
1291795200, 148383.0
1291881600, 145154.0
1291968000, 103537.0
1292054400, 168503.0
1292140800, 180244.0
1292227200, 247259.0
1292313600, 176901.0
1292400000, 180096.0
1292486400, 153159.0
1292572800, 163711.0
1292659200, 140347.0
1292745600, 190171.0
1292832000, 268516.0
1292918400, 181962.0
1293004800, 194024.0
1293091200, 162200.0
1293177600, 148131.0
1293264000, 167375.0
1293350400, 166179.0
1293436800, 183541.0
1293523200, 188283.0
1293609600, 161791.0
1293696000, 177926.0
1293782400, 154108.0
1293868800, 200895.0
1293955200, 179145.0
1294041600, 387253.0
1294128000, 250734.0
1294214400, 378458.0
1294300800, 217396.0
1294387200, 274983.0
1294473600, 387393.0
1294560000, 349507.0
1294646400, 370709.0
1294732800, 396619.0
1294819200, 320686.0
1294905600, 379707.0
1294992000, 370542.0
1295078400, 300934.0
1295164800, 294045.0
1295251200, 241716.0
1295337600, 260419.0
1295424000, 286343.0
1295510400, 264434.0
1295596800, 380376.0
1295683200, 519844.0
1295769600, 376731.0
1295856000, 434702.0
1295942400, 258222.0
1296028800, 303644.0
1296115200, 298793.0
1296201600, 331137.0
1296288000, 484984.0
1296374400, 1002772.0
1296460800, 516224.0
1296547200, 423246.0
1296633600, 299197.0
1296720000, 243703.0
1296806400, 295905.0
1296892800, 280019.0
1296979200, 310794.0
1297065600, 268228.0
1297152000, 262840.0
1297238400, 372905.0
1297324800, 684211.0
1297411200, 714933.0
1297497600, 599491.0
1297584000, 543335.0
1297670400, 738815.0
1297756800, 666600.0
1297843200, 601252.0
1297929600, 674618.0
1298016000, 701391.0
1298102400, 497429.0
1298188800, 569419.0
1298275200, 558958.0
1298361600, 678126.0
1298448000, 694813.0
1298534400, 662269.0
1298620800, 630970.0
1298707200, 616678.0
1298793600, 718206.0
1298880000, 562727.0
1298966400, 880722.0
1299052800, 642932.0
1299139200, 939632.0
1299225600, 693187.0
1299312000, 841250.0
1299398400, 645417.0
1299484800, 636480.0
1299571200, 834757.0
1299657600, 633037.0
1299744000, 542691.0
1299830400, 626504.0
1299916800, 856768.0
1300003200, 795116.0
1300086000, 851321.0
1300172400, 923416.0
1300258800, 948013.0
1300345200, 944007.0
1300431600, 745084.0
1300518000, 929805.0
1300604400, 1400944.0
1300690800, 1590135.0
1300777200, 717377.0
1300863600, 1445282.0
1300950000, 787473.0
1301036400, 747305.0
1301122800, 1124602.0
1301209200, 952388.0
1301295600, 1071681.0
1301382000, 922358.0
1301468400, 643255.0
1301554800, 791353.0
1301641200, 618190.0
1301727600, 638090.0
1301814000, 618953.0
1301900400, 825026.0
1301986800, 761020.0
1302073200, 667051.0
1302159600, 602962.0
1302246000, 688131.0
1302332400, 627136.0
1302418800, 669056.0
1302505200, 775478.0
1302591600, 915759.0
1302678000, 938261.0
1302764400, 1009623.0
1302850800, 965924.0
1302937200, 1066407.0
1303023600, 829913.0
1303110000, 1097983.0
1303196400, 1268816.0
1303282800, 1310697.0
1303369200, 685630.0
1303455600, 778507.0
1303542000, 945018.0
1303628400, 939772.0
1303714800, 1152123.0
1303801200, 1270995.0
1303887600, 1949829.0
1303974000, 1236224.0
1304060400, 1350305.0
1304146800, 1813680.0
1304233200, 1681100.0
1304319600, 1142387.0
1304406000, 1199189.0
1304492400, 1176103.0
1304578800, 1457827.0
1304665200, 1340346.0
1304751600, 1368341.0
1304838000, 1177008.0
1304924400, 1474328.0
1305010800, 1461596.0
1305097200, 1360968.0
1305183600, 1424116.0
1305270000, 1948391.0
1305356400, 1860168.0
1305442800, 1706737.0
1305529200, 1981498.0
1305615600, 1905232.0
1305702000, 2358523.0
1305788400, 1977829.0
1305874800, 2082203.0
1305961200, 1981516.0
1306047600, 2057540.0
1306134000, 2339082.0
1306220400, 2293651.0
1306306800, 2626078.0
1306393200, 2851494.0
1306479600, 1889252.0
1306566000, 1978663.0
1306652400, 1926367.0
1306738800, 2209870.0
1306825200, 2573468.0
1306911600, 2740548.0
1306998000, 3062281.0
1307084400, 4051569.0
1307170800, 3753525.0
1307257200, 3281599.0
1307343600, 4264747.0
1307430000, 3587764.0
1307516400, 5674215.0
1307602800, 5226822.0
1307689200, 4714797.0
1307775600, 4413161.0
1307862000, 5292590.0
1307948400, 4930970.0
1308034800, 5585386.0
1308121200, 5420231.0
1308207600, 5432185.0
1308294000, 4918041.0
1308380400, 4785228.0
1308466800, 4933468.0
1308553200, 4329247.0
1308639600, 4009484.0
1308726000, 4359828.0
1308812400, 4046804.0
1308898800, 4303378.0
1308985200, 4008086.0
1309071600, 4298496.0
1309158000, 5479495.0
1309244400, 4483043.0
1309330800, 4146690.0
1309417200, 4040774.0
1309503600, 4582113.0
1309590000, 3704020.0
1309676400, 3417720.0
1309762800, 4053515.0
1309849200, 4016869.0
1309935600, 4736714.0
1310022000, 3819588.0
1310108400, 3623427.0
1310194800, 3400530.0
1310281200, 3927054.0
1310367600, 4275169.0
1310454000, 3487061.0
1310540400, 3786186.0
1310626800, 3792945.0
1310713200, 3300931.0
1310799600, 3704973.0
1310886000, 3663397.0
1310972400, 4590590.0
1311058800, 4160301.0
1311145200, 3862169.0
1311231600, 3693250.0
1311318000, 3824482.0
1311404400, 3278810.0
1311490800, 3597225.0
1311577200, 4334976.0
1311663600, 3789815.0
1311750000, 3637009.0
1311836400, 3725915.0
1311922800, 3073274.0
1312009200, 2602850.0
1312095600, 3451011.0
1312182000, 3724270.0
1312268400, 3868091.0
1312354800, 3480496.0
1312441200, 3495977.0
1312527600, 3119981.0
1312614000, 3179587.0
1312700400, 2825558.0
1312786800, 3699649.0
1312873200, 4113900.0
1312959600, 3503564.0
1313046000, 3100577.0
1313132400, 2923253.0
1313218800, 3136749.0
1313305200, 3434045.0
1313391600, 3836999.0
1313478000, 4062849.0
1313564400, 3480845.0
1313650800, 3165343.0
1313737200, 3543137.0
1313823600, 3117595.0
1313910000, 3247404.0
1313996400, 3524536.0
1314082800, 3200633.0
1314169200, 3164988.0
1314255600, 3172975.0
1314342000, 3376413.0
1314428400, 3043455.0
1314514800, 2463154.0
1314601200, 3428745.0
1314687600, 3180346.0
1314774000, 2958342.0
1314860400, 3071295.0
1314946800, 2866694.0
1315033200, 2483022.0
1315119600, 5381859.0
1315206000, 3093817.0
1315292400, 3498998.0
1315378800, 3035582.0
1315465200, 2828256.0
1315551600, 3920668.0
1315638000, 2903609.0
1315724400, 2931773.0
1315810800, 3089557.0
1315897200, 2699246.0
1315983600, 2629027.0
1316070000, 2845363.0
1316156400, 2634170.0
1316242800, 2293548.0
1316329200, 2485200.0
1316415600, 3083335.0
1316502000, 3936920.0
1316588400, 3743313.0
1316674800, 2663712.0
1316761200, 2675820.0
1316847600, 2687677.0
1316934000, 2611305.0
1317020400, 2416046.0
1317106800, 2646141.0
1317193200, 2475283.0
1317279600, 2257795.0
1317366000, 2415469.0
1317452400, 2314940.0
1317538800, 2095075.0
1317625200, 2616161.0
1317711600, 2536628.0
1317798000, 2457054.0
1317884400, 2599997.0
1317970800, 2469797.0
1318057200, 2283348.0
1318143600, 2312234.0
1318230000, 2422818.0
1318316400, 2699091.0
1318402800, 2585754.0
1318489200, 2128818.0
1318575600, 2632635.0
1318662000, 2332060.0
1318748400, 2150952.0
1318834800, 2688313.0
1318921200, 2128803.0
1319007600, 2199325.0
1319094000, 1873500.0
1319180400, 1961836.0
1319266800, 2160788.0
1319353200, 2270952.0
1319439600, 2447596.0
1319526000, 2189026.0
1319612400, 2222447.0
1319698800, 1923254.0
1319785200, 2245447.0
1319871600, 2452810.0
1319958000, 2054685.0
1320044400, 2081891.0
1320130800, 2313755.0
1320217200, 2351290.0
1320303600, 2424035.0
1320390000, 2783995.0
1320476400, 2500655.0
1320562800, 1915623.0
1320652800, 2382112.0
1320739200, 2684374.0
1320825600, 2730467.0
1320912000, 2794431.0
1320998400, 2253016.0
1321084800, 2194806.0
1321171200, 2127430.0
1321257600, 2631451.0
1321344000, 2703977.0
1321430400, 2619979.0
1321516800, 2249661.0
1321603200, 2211581.0
1321689600, 2060194.0
1321776000, 2415213.0
1321862400, 1954420.0
1321948800, 2359266.0
1322035200, 2271170.0
1322121600, 2274111.0
1322208000, 2280628.0
1322294400, 2079069.0
1322380800, 2060349.0
1322467200, 2556796.0
1322553600, 3006948.0
1322640000, 3305571.0
1322726400, 2964111.0
1322812800, 2707281.0
1322899200, 2486658.0
1322985600, 2295513.0
1323072000, 2608124.0
1323158400, 3388079.0
1323244800, 2686947.0
1323331200, 2764778.0
1323417600, 2364151.0
1323504000, 2373933.0
1323590400, 2670128.0
1323676800, 2410908.0
1323763200, 2461477.0
1323849600, 2398797.0
1323936000, 1931203.0
1324022400, 2344783.0
1324108800, 2179850.0
1324195200, 1939618.0
1324281600, 2752546.0
1324368000, 3346408.0
1324454400, 2432407.0
1324540800, 2563203.0
1324627200, 2362983.0
1324713600, 1937438.0
1324800000, 2242919.0
1324886400, 2432155.0
1324972800, 2339225.0
1325059200, 2225434.0
1325145600, 2319006.0
1325232000, 2123851.0
1325318400, 2452639.0
1325404800, 2612161.0
1325491200, 2887233.0
1325577600, 2895675.0
1325664000, 2883241.0
1325750400, 3627557.0
1325836800, 3719696.0
1325923200, 3072932.0
1326009600, 3328658.0
1326096000, 3344167.0
1326182400, 4183548.0
1326268800, 4209990.0
1326355200, 3131527.0
1326441600, 3046446.0
1326528000, 2995725.0
1326614400, 2902815.0
1326700800, 3448179.0
1326787200, 3073451.0
1326873600, 3176391.0
1326960000, 3186241.0
1327046400, 3026895.0
1327132800, 3003741.0
1327219200, 2260718.0
1327305600, 2588936.0
1327392000, 3349670.0
1327478400, 3706189.0
1327564800, 3049156.0
1327651200, 3014871.0
1327737600, 2775103.0
1327824000, 3003893.0
1327910400, 2716309.0
1327996800, 3288910.0
1328083200, 2941676.0
1328169600, 3450436.0
1328256000, 3281725.0
1328342400, 3313395.0
1328428800, 3020615.0
1328515200, 2737458.0
1328601600, 3033411.0
1328688000, 3065485.0
1328774400, 3367000.0
1328860800, 3799497.0
1328947200, 3474671.0
1329033600, 3099721.0
1329120000, 3616211.0
1329206400, 4401042.0
1329292800, 4025204.0
1329379200, 4492217.0
1329465600, 2858823.0
1329552000, 2793341.0
1329638400, 2607031.0
1329724800, 2676000.0
1329811200, 2962142.0
1329897600, 3113798.0
1329984000, 3746807.0
1330070400, 3317997.0
1330156800, 2997409.0
1330243200, 2702395.0
1330329600, 3013529.0
1330416000, 3094675.0
1330502400, 3050955.0
1330588800, 3425868.0
1330675200, 3756955.0
1330761600, 2287475.0
1330848000, 2949780.0
1330934400, 3537005.0
1331020800, 3204123.0
1331107200, 2961968.0
1331193600, 3111882.0
1331280000, 3143564.0
1331366400, 3024960.0
1331452800, 2600568.0
1331535600, 2971683.0
1331622000, 3968650.0
1331708400, 3579240.0
1331794800, 3035079.0
1331881200, 3092303.0
1331967600, 3083941.0
1332054000, 2620049.0
1332140400, 3023387.0
1332226800, 3043174.0
1332313200, 3100665.0
1332399600, 3039836.0
1332486000, 2698245.0
1332572400, 2724791.0
1332658800, 2836115.0
1332745200, 3186100.0
1332831600, 3047870.0
1332918000, 3342709.0
1333004400, 3362509.0
1333090800, 3137777.0
1333177200, 2749915.0
1333263600, 2630911.0
1333350000, 3069050.0
1333436400, 3628373.0
1333522800, 3217187.0
1333609200, 3500753.0
1333695600, 3458380.0
1333782000, 2728843.0
1333868400, 2688829.0
1333954800, 2948498.0
1334041200, 3724666.0
1334127600, 3711412.0
1334214000, 3744952.0
1334300400, 3235948.0
1334386800, 3525994.0
1334473200, 3169153.0
1334559600, 4114007.0
1334646000, 3919698.0
1334732400, 4288210.0
1334818800, 3711365.0
1334905200, 4347086.0
1334991600, 3419236.0
1335078000, 2965544.0
1335164400, 3358319.0
1335250800, 3455314.0
1335337200, 3473363.0
1335423600, 4247673.0
1335510000, 3380332.0
1335596400, 3333769.0
1335682800, 3393977.0
1335769200, 4188033.0
1335855600, 4789773.0
1335942000, 4730208.0
1336028400, 6115511.0
1336114800, 6294602.0
1336201200, 5702527.0
1336287600, 5691923.0
1336374000, 8101158.0
1336460400, 7782446.0
1336546800, 7937450.0
1336633200, 5388641.0
1336719600, 8525220.0
1336806000, 7916541.0
1336892400, 6433618.0
1336978800, 12450432.0
1337065200, 10054510.0
1337151600, 8555466.0
1337238000, 7882270.0
1337324400, 10973185.0
1337410800, 15587077.0
1337497200, 13710329.0
1337583600, 13897712.0
1337670000, 10433238.0
1337756400, 12203647.0
1337842800, 11817692.0
1337929200, 12632633.0
1338015600, 10085880.0
1338102000, 11574834.0
1338188400, 13256143.0
1338274800, 13300468.0
1338361200, 11545987.0
1338447600, 9509164.0
1338534000, 12091567.0
1338620400, 5796672.0
1338706800, 14682177.0
1338793200, 20188882.0
1338879600, 18839321.0
1338966000, 7319618.0
1339052400, 14527961.0
1339138800, 11052628.0
1339225200, 14531739.0
1339311600, 17050239.0
1339398000, 14094136.0
1339484400, 9185928.0
1339570800, 24169988.0
1339657200, 27986616.0
1339743600, 24526789.0
1339830000, 19552888.0
1339916400, 18710285.0
1340002800, 17472609.0
1340089200, 16593532.0
1340175600, 15263024.0
1340262000, 12605696.0
1340348400, 11132943.0
1340434800, 10532163.0
1340521200, 10259923.0
1340607600, 12799182.0
1340694000, 13194201.0
1340780400, 13498171.0
1340866800, 11708965.0
1340953200, 9583368.0
1341039600, 9522944.0
1341126000, 8048663.0
1341212400, 10428338.0
1341298800, 9673328.0
1341385200, 10139604.0
1341471600, 9765089.0
1341558000, 10564733.0
1341644400, 10631118.0
1341730800, 9067341.0
1341817200, 10954166.0
1341903600, 15261790.0
1341990000, 13833312.0
1342076400, 10700695.0
1342162800, 11540126.0
1342249200, 9905400.0
1342335600, 11445269.0
1342422000, 14158727.0
1342508400, 15714261.0
1342594800, 15118667.0
1342681200, 14485516.0
1342767600, 16457437.0
1342854000, 14868115.0
1342940400, 14229754.0
1343026800, 13780390.0
1343113200, 12334577.0
1343199600, 11469499.0
1343286000, 13364221.0
1343372400, 11199178.0
1343458800, 14410264.0
1343545200, 14676121.0
1343631600, 15761540.0
1343718000, 17859754.0
1343804400, 13261346.0
1343890800, 14374280.0
1343977200, 11827335.0
1344063600, 12724835.0
1344150000, 13676762.0
1344236400, 14317430.0
1344322800, 11683073.0
1344409200, 16495135.0
1344495600, 13091069.0
1344582000, 11511424.0
1344668400, 13105432.0
1344754800, 14067739.0
1344841200, 20409018.0
1344927600, 14902732.0
1345014000, 24067381.0
1345100400, 19696338.0
1345186800, 17401768.0
1345273200, 15202650.0
1345359600, 18232004.0
1345446000, 15952589.0
1345532400, 17130204.0
1345618800, 15657977.0
1345705200, 12721514.0
1345791600, 12969609.0
1345878000, 13642702.0
1345964400, 12226939.0
1346050800, 13796798.0
1346137200, 12624625.0
1346223600, 13747068.0
1346310000, 14093556.0
1346396400, 16576518.0
1346482800, 16760453.0
1346569200, 14200315.0
1346655600, 16289244.0
1346742000, 17762968.0
1346828400, 17860257.0
1346914800, 17815869.0
1347001200, 14018533.0
1347087600, 13363219.0
1347174000, 12908117.0
1347260400, 14280680.0
1347346800, 16152893.0
1347433200, 12110568.0
1347519600, 13011716.0
1347606000, 16186613.0
1347692400, 11719583.0
1347778800, 13078474.0
1347865200, 10852405.0
1347951600, 14264389.0
1348038000, 14050432.0
1348124400, 12936319.0
1348210800, 13765949.0
1348297200, 11382070.0
1348383600, 12774639.0
1348470000, 13113418.0
1348556400, 9864559.0
1348642800, 14454612.0
1348729200, 12512112.0
1348815600, 14744610.0
1348902000, 11346838.0
1348988400, 10110420.0
1349074800, 12459335.0
1349161200, 15246796.0
1349247600, 13563503.0
1349334000, 15678996.0
1349420400, 15929770.0
1349506800, 15447528.0
1349593200, 16270914.0
1349679600, 17271193.0
1349766000, 16346452.0
1349852400, 14215839.0
1349938800, 12594426.0
1350025200, 13371214.0
1350111600, 15232911.0
1350198000, 12987247.0
1350284400, 14579342.0
1350370800, 16218279.0
1350457200, 15876250.0
1350543600, 14468313.0
1350630000, 12678074.0
1350716400, 14657106.0
1350802800, 18494079.0
1350889200, 18848302.0
1350975600, 15770538.0
1351062000, 15371989.0
1351148400, 13266352.0
1351234800, 10850850.0
1351321200, 8089764.0
1351407600, 8785189.0
1351494000, 11439992.0
1351580400, 13887681.0
1351666800, 13312447.0
1351753200, 11093033.0
1351839600, 13260739.0
1351926000, 10953984.0
1352012400, 11620159.0
1352102400, 15450795.0
1352188800, 14694417.0
1352275200, 16706008.0
1352361600, 15234303.0
1352448000, 11748366.0
1352534400, 12791792.0
1352620800, 10487249.0
1352707200, 11028996.0
1352793600, 12241922.0
1352880000, 13337195.0
1352966400, 16397366.0
1353052800, 17946998.0
1353139200, 16684399.0
1353225600, 15466858.0
1353312000, 16638306.0
1353398400, 16534254.0
1353484800, 18492135.0
1353571200, 14341016.0
1353657600, 16331439.0
1353744000, 13658051.0
1353830400, 17289358.0
1353916800, 16948426.0
1354003200, 13191355.0
1354089600, 17124215.0
1354176000, 17407864.0
1354262400, 13329930.0
1354348800, 15324195.0
1354435200, 9747860.0
1354521600, 10352162.0
1354608000, 15380065.0
1354694400, 16453237.0
1354780800, 17910918.0
1354867200, 14398605.0
1354953600, 14588563.0
1355040000, 14718454.0
1355126400, 17086315.0
1355212800, 17026303.0
1355299200, 17032303.0
1355385600, 19767006.0
1355472000, 17830988.0
1355558400, 14411810.0
1355644800, 15899401.0
1355731200, 17669516.0
1355817600, 22879608.0
1355904000, 19446643.0
1355990400, 16443507.0
1356076800, 19338437.0
1356163200, 21346355.0
1356249600, 16372143.0
1356336000, 17890540.0
1356422400, 12531408.0
1356508800, 18116681.0
1356595200, 20489103.0
1356681600, 21410343.0
1356768000, 18015052.0
1356854400, 19107472.0
1356940800, 13990941.0
1357027200, 14436593.0
1357113600, 17466233.0
1357200000, 17513054.0
1357286400, 21709652.0
1357372800, 16683400.0
1357459200, 14600044.0
1357545600, 17721124.0
1357632000, 19868291.0
1357718400, 19294442.0
1357804800, 24073426.0
1357891200, 21909266.0
1357977600, 19908003.0
1358064000, 21605781.0
1358150400, 19969104.0
1358236800, 19163848.0
1358323200, 23687440.0
1358409600, 22207094.0
1358496000, 22419360.0
1358582400, 24597368.0
1358668800, 18285966.0
1358755200, 18425163.0
1358841600, 20860830.0
1358928000, 21972148.0
1359014400, 23536339.0
1359100800, 22498703.0
1359187200, 23739595.0
1359273600, 24492708.0
1359360000, 24758176.0
1359446400, 24865958.0
1359532800, 19499905.0
1359619200, 24041308.0
1359705600, 26331651.0
1359792000, 24281797.0
1359878400, 27769620.0
1359964800, 25181194.0
1360051200, 23665098.0
1360137600, 18886988.0
1360224000, 27381883.0
1360310400, 27239969.0
1360396800, 25650891.0
1360483200, 24797682.0
1360569600, 26222241.0
1360656000, 26762744.0
1360742400, 27089930.0
1360828800, 23843661.0
1360915200, 26123130.0
1361001600, 23617678.0
1361088000, 23705866.0
1361174400, 23187347.0
1361260800, 25522497.0
1361347200, 28840019.0
1361433600, 25043207.0
1361520000, 28399750.0
1361606400, 26760287.0
1361692800, 24877469.0
1361779200, 30560405.0
1361865600, 29011789.0
1361952000, 28146342.0
1362038400, 29175626.0
1362124800, 29886325.0
1362211200, 26163578.0
1362297600, 25303562.0
1362384000, 29492605.0
1362470400, 27046337.0
1362556800, 30163103.0
1362643200, 32305748.0
1362729600, 25842543.0
1362816000, 26518307.0
1362902400, 33935092.0
1362985200, 27969492.0
1363071600, 24299092.0
1363158000, 26312284.0
1363244400, 27931081.0
1363330800, 29697279.0
1363417200, 17680319.0
1363503600, 16924709.0
1363590000, 20449667.0
1363676400, 22530907.0
1363762800, 21969119.0
1363849200, 27709039.0
1363935600, 29936961.0
1364022000, 27183398.0
1364108400, 24573881.0
1364194800, 24286070.0
1364281200, 24380601.0
1364367600, 24991037.0
1364454000, 32087343.0
1364540400, 30955046.0
1364626800, 32493977.0
1364713200, 24997000.0
1364799600, 27588830.0
1364886000, 31770152.0
1364972400, 32250935.0
1365058800, 34134095.0
1365145200, 30043567.0
1365231600, 25859706.0
1365318000, 33700938.0
1365404400, 30256074.0
1365490800, 31541085.0
1365577200, 32188096.0
1365663600, 34652288.0
1365750000, 28347454.0
1365836400, 24260243.0
1365922800, 26813389.0
1366009200, 26562889.0
1366095600, 32085359.0
1366182000, 28024261.0
1366268400, 21241629.0
1366354800, 28999308.0
1366441200, 24253515.0
1366527600, 21671647.0
1366614000, 22511250.0
1366700400, 29321666.0
1366786800, 33961970.0
1366873200, 30223091.0
1366959600, 26962164.0
1367046000, 21641548.0
1367132400, 21597536.0
1367218800, 25676453.0
1367305200, 27042465.0
1367391600, 25727393.0
1367478000, 26388234.0
1367564400, 24999318.0
1367650800, 25116891.0
1367737200, 25186659.0
1367823600, 27088540.0
1367910000, 28735146.0
1367996400, 25837956.0
1368082800, 31016605.0
1368169200, 32790392.0
1368255600, 34695399.0
1368342000, 30605728.0
1368428400, 29370446.0
1368514800, 31095277.0
1368601200, 30736977.0
1368687600, 29768952.0
1368774000, 28015240.0
1368860400, 24964632.0
1368946800, 22085086.0
1369033200, 23345555.0
1369119600, 26275853.0
1369206000, 24788215.0
1369292400, 28235750.0
1369378800, 26872166.0
1369465200, 24588034.0
1369551600, 21743445.0
1369638000, 26151322.0
1369724400, 26795403.0
1369810800, 26892403.0
1369897200, 27981476.0
1369983600, 25787894.0
1370070000, 26596552.0
1370156400, 24146934.0
1370242800, 26941797.0
1370329200, 27646031.0
1370415600, 27198821.0
1370502000, 25978546.0
1370588400, 24931807.0
1370674800, 22249101.0
1370761200, 21313866.0
1370847600, 20660095.0
1370934000, 22175802.0
1371020400, 21573225.0
1371106800, 20109451.0
1371193200, 23524868.0
1371279600, 16715724.0
1371366000, 19703574.0
1371452400, 20768242.0
1371538800, 20937269.0
1371625200, 21803833.0
1371711600, 24396007.0
1371798000, 22202189.0
1371884400, 20713044.0
1371970800, 17629133.0
1372057200, 20321183.0
1372143600, 20099543.0
1372230000, 21013597.0
1372316400, 21289071.0
1372402800, 22885217.0
1372489200, 17879316.0
1372575600, 14178762.0
1372662000, 17799423.0
1372748400, 17957681.0
1372834800, 15837711.0
1372921200, 16056907.0
1373007600, 16794997.0
1373094000, 15773436.0
1373180400, 14163674.0
1373266800, 18153122.0
1373353200, 19119632.0
1373439600, 18142081.0
1373526000, 20058324.0
1373612400, 23412083.0
1373698800, 18142158.0
1373785200, 16754549.0
1373871600, 17218211.0
1373958000, 18198318.0
1374044400, 18567169.0
1374130800, 18856393.0
1374217200, 16577830.0
1374303600, 15450057.0
1374390000, 16528811.0
1374476400, 18139277.0
1374562800, 17521382.0
1374649200, 19877316.0
1374735600, 20480288.0
1374822000, 17334076.0
1374908400, 17155660.0
1374994800, 17479805.0
1375081200, 19724655.0
1375167600, 19708660.0
1375254000, 23772142.0
1375340400, 23986021.0
1375426800, 22985769.0
1375513200, 21318295.0
1375599600, 20296723.0
1375686000, 23017657.0
1375772400, 23926193.0
1375858800, 25163195.0
1375945200, 25928096.0
1376031600, 21871927.0
1376118000, 23657662.0
1376204400, 17483543.0
1376290800, 28977191.0
1376377200, 25400302.0
1376463600, 24451056.0
1376550000, 27741336.0
1376636400, 30667147.0
1376722800, 24657813.0
1376809200, 25342627.0
1376895600, 31498769.0
1376982000, 28779177.0
1377068400, 27075335.0
1377154800, 28681938.0
1377241200, 26088394.0
1377327600, 24011487.0
1377414000, 21586923.0
1377500400, 25039798.0
1377586800, 29758845.0
1377673200, 28469020.0
1377759600, 25158867.0
1377846000, 28490079.0
1377932400, 21884391.0
1378018800, 21018707.0
1378105200, 22822841.0
1378191600, 25389034.0
1378278000, 23964885.0
1378364400, 25526079.0
1378450800, 27198237.0
1378537200, 22731335.0
1378623600, 20635342.0
1378710000, 25086284.0
1378796400, 23981466.0
1378882800, 21444533.0
1378969200, 24362978.0
1379055600, 20593470.0
1379142000, 19634659.0
1379228400, 25313709.0
1379314800, 24886324.0
1379401200, 29656394.0
1379487600, 27077414.0
1379574000, 26006920.0
1379660400, 26222308.0
1379746800, 23523704.0
1379833200, 22891138.0
1379919600, 29047668.0
1380006000, 27991594.0
1380092400, 24210762.0
1380178800, 26062667.0
1380265200, 21977690.0
1380351600, 20101578.0
1380438000, 19544585.0
1380524400, 21775844.0
1380610800, 26107612.0
1380697200, 30938003.0
1380783600, 28913279.0
1380870000, 23427017.0
1380956400, 21101760.0
1381042800, 20888505.0
1381129200, 22713639.0
1381215600, 20516820.0
1381302000, 23810425.0
1381388400, 26441032.0
1381474800, 23621961.0
1381561200, 23006201.0
1381647600, 26168906.0
1381734000, 28351706.0
1381820400, 26215964.0
1381906800, 24682312.0
1381993200, 22284239.0
1382079600, 27493229.0
1382166000, 28991161.0
1382252400, 24217748.0
1382338800, 29509705.0
1382425200, 32963405.0
1382511600, 29796908.0
1382598000, 34182696.0
1382684400, 29894078.0
1382770800, 23096573.0
1382857200, 20873193.0
1382943600, 23740474.0
1383030000, 23308141.0
1383116400, 24305741.0
1383202800, 28556231.0
1383289200, 22115590.0
1383375600, 21345207.0
1383462000, 19974887.0
1383552000, 23425823.0
1383638400, 27267811.0
1383724800, 30183816.0
1383811200, 31600205.0
1383897600, 30793807.0
1383984000, 29545835.0
1384070400, 29768808.0
1384156800, 28186412.0
1384243200, 28453891.0
1384329600, 31098348.0
1384416000, 33607973.0
1384502400, 29164539.0
1384588800, 22785889.0
1384675200, 26088056.0
1384761600, 39814434.0
1384848000, 50314147.0
1384934400, 38254220.0
1385020800, 41105352.0
1385107200, 39043577.0
1385193600, 35607014.0
1385280000, 30819688.0
1385366400, 32920178.0
1385452800, 39970769.0
1385539200, 45853911.0
1385625600, 45002237.0
1385712000, 43257170.0
1385798400, 35257264.0
1385884800, 36806589.0
1385971200, 36738219.0
1386057600, 37084678.0
1386144000, 39828327.0
1386230400, 40500983.0
1386316800, 35147192.0
1386403200, 32134565.0
1386489600, 23507433.0
1386576000, 30376994.0
1386662400, 36818415.0
1386748800, 32327576.0
1386835200, 27803412.0
1386921600, 30840423.0
1387008000, 33124512.0
1387094400, 30445245.0
1387180800, 36130951.0
1387267200, 34289591.0
1387353600, 40610876.0
1387440000, 33544513.0
1387526400, 32611710.0
1387612800, 28000741.0
1387699200, 27391946.0
1387785600, 28816302.0
1387872000, 28274271.0
1387958400, 28564519.0
1388044800, 29925932.0
1388131200, 26917923.0
1388217600, 26666068.0
1388304000, 29360127.0
1388390400, 30302398.0
1388476800, 26591622.0
1388563200, 21561163.0
1388649600, 28549426.0
1388736000, 31659530.0
1388822400, 26086328.0
1388908800, 32069105.0
1388995200, 37775297.0
1389081600, 31243616.0
1389168000, 30475047.0
1389254400, 29360989.0
1389340800, 27439032.0
1389427200, 29473781.0
1389513600, 26169662.0
1389600000, 28134689.0
1389686400, 28277175.0
1389772800, 29849208.0
1389859200, 29514593.0
1389945600, 28871024.0
1390032000, 25152647.0
1390118400, 24098112.0
1390204800, 35940782.0
1390291200, 36519229.0
1390377600, 32990585.0
1390464000, 32832159.0
1390550400, 32307105.0
1390636800, 27427399.0
1390723200, 27064151.0
1390809600, 32608567.0
1390896000, 33237129.0
1390982400, 29264454.0
1391068800, 30722355.0
1391155200, 30829898.0
1391241600, 28655330.0
1391328000, 29489032.0
1391414400, 32731799.0
1391500800, 38035657.0
1391587200, 37118535.0
1391673600, 38224185.0
1391760000, 38000254.0
1391846400, 34008006.0
1391932800, 29050687.0
1392019200, 32858722.0
1392105600, 32690673.0
1392192000, 44660812.0
1392278400, 38754826.0
1392364800, 42926080.0
1392451200, 33685208.0
1392537600, 28377479.0
1392624000, 33596450.0
1392710400, 36770493.0
1392796800, 41157915.0
1392883200, 40090238.0
1392969600, 38838105.0
1393056000, 33294960.0
1393142400, 35364276.0
1393228800, 43157001.0
1393315200, 45345206.0
1393401600, 42876782.0
1393488000, 39076688.0
1393574400, 42830876.0
1393660800, 37619072.0
1393747200, 33496919.0
1393833600, 49195537.0
1393920000, 53245881.0
1394006400, 44221409.0
1394092800, 42397589.0
1394179200, 41341332.0
1394265600, 35463864.0
1394352000, 35759180.0
1394434800, 41448642.0
1394521200, 42237150.0
1394607600, 43600261.0
1394694000, 41604966.0
1394780400, 40678843.0
1394866800, 30706039.0
1394953200, 28640867.0
1395039600, 34057908.0
1395126000, 25621999.0
1395212400, 35660324.0
1395298800, 38347921.0
1395385200, 43566314.0
1395471600, 41315430.0
1395558000, 31011718.0
1395644400, 40852644.0
1395730800, 38706045.0
1395817200, 38754463.0
1395903600, 41323116.0
1395990000, 38291586.0
1396076400, 30271685.0
1396162800, 32543064.0
1396249200, 37706019.0
1396335600, 37281646.0
1396422000, 38660239.0
1396508400, 35741182.0
1396594800, 38621691.0
1396681200, 32841825.0
1396767600, 32079928.0
1396854000, 36799018.0
1396940400, 39219143.0
1397026800, 39255702.0
1397113200, 39434532.0
1397199600, 37811686.0
1397286000, 27377443.0
1397372400, 30357982.0
1397458800, 41713057.0
1397545200, 43975035.0
1397631600, 43099547.0
1397718000, 37807556.0
1397804400, 32889643.0
1397890800, 30737741.0
1397977200, 30187556.0
1398063600, 32609428.0
1398150000, 44370868.0
1398236400, 39935758.0
1398322800, 42255444.0
1398409200, 41255519.0
1398495600, 29346978.0
1398582000, 32038048.0
1398668400, 36324056.0
1398754800, 38855789.0
1398841200, 37035669.0
1398927600, 33788278.0
1399014000, 34059278.0
1399100400, 28900843.0
1399186800, 30436021.0
1399273200, 37379939.0
1399359600, 42528748.0
1399446000, 38832417.0
1399532400, 38623007.0
1399618800, 36904921.0
1399705200, 30565190.0
1399791600, 33132967.0
1399878000, 42081147.0
1399964400, 37554693.0
1400050800, 39496798.0
1400137200, 42294078.0
1400223600, 38014090.0
1400310000, 32699993.0
1400396400, 31899835.0
1400482800, 40427368.0
1400569200, 44063173.0
1400655600, 41439666.0
1400742000, 42101280.0
1400828400, 41419095.0
1400914800, 29710234.0
1401001200, 35315224.0
1401087600, 39479525.0
1401174000, 40359472.0
1401260400, 42094640.0
1401346800, 38323462.0
1401433200, 36761772.0
1401519600, 30634145.0
1401606000, 35880936.0
1401692400, 38527993.0
1401778800, 41798270.0
1401865200, 37002026.0
1401951600, 39969555.0
1402038000, 37981938.0
1402124400, 28586598.0
1402210800, 31058351.0
1402297200, 36288985.0
1402383600, 39921411.0
1402470000, 36759259.0
1402556400, 39631877.0
1402642800, 37662498.0
1402729200, 31245983.0
1402815600, 32642327.0
1402902000, 40692615.0
1402988400, 39490012.0
1403074800, 37107391.0
1403161200, 37803032.0
1403247600, 33188851.0
1403334000, 31273612.0
1403420400, 31838635.0
1403506800, 35967510.0
1403593200, 37985911.0
1403679600, 38067281.0
1403766000, 35185742.0
1403852400, 36257228.0
1403938800, 32457695.0
1404025200, 30906342.0
1404111600, 42999078.0
1404198000, 43810468.0
1404284400, 39960312.0
1404370800, 37150186.0
1404457200, 32830409.0
1404543600, 27989706.0
1404630000, 33013208.0
1404716400, 38142050.0
1404802800, 42809147.0
1404889200, 42593648.0
1404975600, 37819581.0
1405062000, 36421992.0
1405148400, 30442775.0
1405234800, 34061704.0
1405321200, 35509787.0
1405407600, 41127152.0
1405494000, 37366894.0
1405580400, 38914224.0
1405666800, 38616475.0
1405753200, 33876858.0
1405839600, 33175905.0
1405926000, 37794835.0
1406012400, 38560259.0
1406098800, 38049969.0
1406185200, 38614470.0
1406271600, 37598888.0
1406358000, 30589833.0
1406444400, 33454736.0
1406530800, 38122955.0
1406617200, 35992859.0
1406703600, 39680577.0
1406790000, 40876556.0
1406876400, 38196340.0
1406962800, 31002980.0
1407049200, 30566657.0
1407135600, 38567107.0
1407222000, 43730056.0
1407308400, 47166049.0
1407394800, 39965929.0
1407481200, 39922631.0
1407567600, 34791546.0
1407654000, 36563978.0
1407740400, 45032506.0
1407826800, 44638632.0
1407913200, 45930306.0
1407999600, 46678139.0
1408086000, 42685398.0
1408172400, 49089316.0
1408258800, 36095034.0
1408345200, 41700774.0
1408431600, 41241883.0
1408518000, 41067697.0
1408604400, 41511285.0
1408690800, 38933385.0
1408777200, 31675262.0
1408863600, 35354545.0
1408950000, 39802818.0
1409036400, 42327306.0
1409122800, 42893893.0
1409209200, 38839872.0
1409295600, 35984257.0
1409382000, 33912490.0
1409468400, 33765443.0
1409554800, 40305326.0
1409641200, 41521919.0
1409727600, 40314352.0
1409814000, 39486349.0
1409900400, 39551007.0
1409986800, 35027009.0
1410073200, 39120347.0
1410159600, 42734923.0
1410246000, 51472708.0
1410332400, 48206629.0
1410418800, 36777972.0
1410505200, 37327246.0
1410591600, 32824276.0
1410678000, 43421818.0
1410764400, 45662377.0
1410850800, 50669464.0
1410937200, 44760020.0
1411023600, 42369830.0
1411110000, 37851339.0
1411196400, 36678699.0
1411282800, 35751388.0
1411369200, 43745235.0
1411455600, 46436390.0
1411542000, 44539444.0
1411628400, 48775233.0
1411714800, 41555404.0
1411801200, 39185073.0
1411887600, 42717018.0
1411974000, 44207962.0
1412060400, 45464057.0
1412146800, 46536326.0
1412233200, 41255004.0
1412319600, 42476843.0
1412406000, 42630732.0
1412492400, 45323784.0
1412578800, 45085909.0
1412665200, 45195172.0
1412751600, 44388022.0
1412838000, 44482813.0
1412924400, 44239923.0
1413010800, 35839903.0
1413097200, 42358708.0
1413183600, 45940157.0
1413270000, 48600178.0
1413356400, 44864976.0
1413442800, 42171841.0
1413529200, 41246013.0
1413615600, 36907552.0
1413702000, 41496723.0
1413788400, 46315162.0
1413874800, 47765223.0
1413961200, 46038038.0
1414047600, 46512581.0
1414134000, 42881555.0
1414220400, 41205909.0
1414306800, 41653753.0
1414393200, 50127380.0
1414479600, 48825059.0
1414566000, 49537592.0
1414652400, 50777775.0
1414738800, 47793523.0
1414825200, 38595004.0
1414911600, 48932413.0
1415001600, 51335162.0
1415088000, 49241331.0
1415174400, 48364652.0
1415260800, 53874101.0
1415347200, 50792735.0
1415433600, 40634067.0
1415520000, 47408582.0
1415606400, 50957052.0
1415692800, 49770304.0
1415779200, 54621095.0
1415865600, 55262761.0
1415952000, 49971032.0
1416038400, 40327956.0
1416124800, 47482931.0
1416211200, 52950977.0
1416297600, 49932236.0
1416384000, 47743992.0
1416470400, 49777203.0
1416556800, 46651319.0
1416643200, 40907829.0
1416729600, 47380307.0
1416816000, 50988487.0
1416902400, 49971734.0
1416988800, 46865607.0
1417075200, 48817884.0
1417161600, 48551292.0
1417248000, 42964361.0
1417334400, 57829203.0
1417420800, 53998434.0
1417507200, 58705314.0
1417593600, 54987360.0
1417680000, 55288736.0
1417766400, 50547789.0
1417852800, 44755457.0
1417939200, 44204778.0
1418025600, 57402923.0
1418112000, 50982777.0
1418198400, 49809823.0
1418284800, 48447878.0
1418371200, 46983647.0
1418457600, 41517590.0
1418544000, 51847059.0
1418630400, 57905623.0
1418716800, 62047501.0
1418803200, 59112582.0
1418889600, 55077530.0
1418976000, 54594835.0
1419062400, 51475230.0
1419148800, 46537226.0
1419235200, 57809642.0
1419321600, 58760192.0
1419408000, 44549719.0
1419494400, 37185279.0
1419580800, 41788092.0
1419667200, 44227193.0
1419753600, 47323463.0
1419840000, 46603277.0
1419926400, 46688320.0
1420012800, 41001620.0
1420099200, 30934813.0
1420185600, 43747659.0
1420272000, 47814088.0
1420358400, 48545836.0
1420444800, 56309875.0
1420531200, 49638202.0
1420617600, 47992775.0
1420704000, 57444196.0
1420790400, 56889868.0
1420876800, 58563668.0
1420963200, 51664894.0
1421049600, 55155768.0
1421136000, 60153381.0
1421222400, 60973472.0
1421308800, 63828537.0
1421395200, 54790292.0
1421481600, 53968469.0
1421568000, 49085463.0
1421654400, 57999747.0
1421740800, 53125845.0
1421827200, 52768843.0
1421913600, 53529422.0
1422000000, 48411756.0
1422086400, 46914807.0
1422172800, 57198728.0
1422259200, 62414866.0
1422345600, 57318342.0
1422432000, 44876053.0
1422518400, 46304642.0
1422604800, 43159075.0
1422691200, 52266440.0
1422777600, 46570969.0
1422864000, 49039989.0
1422950400, 51316217.0
1423036800, 49460584.0
1423123200, 47395718.0
1423209600, 46180828.0
1423296000, 45306348.0
1423382400, 53678408.0
1423468800, 58966322.0
1423555200, 57247541.0
1423641600, 54954290.0
1423728000, 50141631.0
1423814400, 73181410.0
1423900800, 66564954.0
1423987200, 65638649.0
1424073600, 65147776.0
1424160000, 66406679.0
1424246400, 60296854.0
1424332800, 52443861.0
1424419200, 60442863.0
1424505600, 57014738.0
1424592000, 53797391.0
1424678400, 57470528.0
1424764800, 56196921.0
1424851200, 56571524.0
1424937600, 54605596.0
1425024000, 57092535.0
1425110400, 62779184.0
1425196800, 55262682.0
1425283200, 64550317.0
1425369600, 64201534.0
1425456000, 56239183.0
1425542400, 62950817.0
1425628800, 57968623.0
1425715200, 54250090.0
1425801600, 54897722.0
1425884400, 64254792.0
1425970800, 60877088.0
1426057200, 62727147.0
1426143600, 60501109.0
1426230000, 54508835.0
1426316400, 51635084.0
1426402800, 50088284.0
1426489200, 59833970.0
1426575600, 52670920.0
1426662000, 57776111.0
1426748400, 62627940.0
1426834800, 55490962.0
1426921200, 52165543.0
1427007600, 55449816.0
1427094000, 60339658.0
1427180400, 50655322.0
1427266800, 50633724.0
1427353200, 54469537.0
1427439600, 51489027.0
1427526000, 50600377.0
1427612400, 53966847.0
1427698800, 58996885.0
1427785200, 60063147.0
1427871600, 61956803.0
1427958000, 60953271.0
1428044400, 59836758.0
1428130800, 52022810.0
1428217200, 55941705.0
1428303600, 59084191.0
1428390000, 59888304.0
1428476400, 57797825.0
1428562800, 58413208.0
1428649200, 57051383.0
1428735600, 54914299.0
1428822000, 47528033.0
1428908400, 64594628.0
1428994800, 59059424.0
1429081200, 54702672.0
1429167600, 50392614.0
1429254000, 53267154.0
1429340400, 53734790.0
1429426800, 53328130.0
1429513200, 60421302.0
1429599600, 58315439.0
1429686000, 59775059.0
1429772400, 59515204.0
1429858800, 61175042.0
1429945200, 53575951.0
1430031600, 54535317.0
1430118000, 59793919.0
1430204400, 59071390.0
1430290800, 62871844.0
1430377200, 58754209.0
1430463600, 50116557.0
1430550000, 54595790.0
1430636400, 48760422.0
1430722800, 56037743.0
1430809200, 59406871.0
1430895600, 58490262.0
1430982000, 59345507.0
1431068400, 59961049.0
1431154800, 49191201.0
1431241200, 54478574.0
1431327600, 62166546.0
1431414000, 60408656.0
1431500400, 57548245.0
1431586800, 52248905.0
1431673200, 54390373.0
1431759600, 51350538.0
1431846000, 53326557.0
1431932400, 54036739.0
1432018800, 58545516.0
1432105200, 56600611.0
1432191600, 51823263.0
1432278000, 56879889.0
1432364400, 48562126.0
1432450800, 58236525.0
1432537200, 60033499.0
1432623600, 60351928.0
1432710000, 60431266.0
1432796400, 59783804.0
1432882800, 65027216.0
1432969200, 65288822.0
1433055600, 56197017.0
1433142000, 70103250.0
1433228400, 70326266.0
1433314800, 67003256.0
1433401200, 61000891.0
1433487600, 58220943.0
1433574000, 51173682.0
1433660400, 53066851.0
1433746800, 58444654.0
1433833200, 63362231.0
1433919600, 82892282.0
1434006000, 61990880.0
1434092400, 68047498.0
1434178800, 59648423.0
1434265200, 60236963.0
1434351600, 73862226.0
1434438000, 67705548.0
1434524400, 80775475.0
1434610800, 75569200.0
1434697200, 75838577.0
1434783600, 58985628.0
1434870000, 57021658.0
1434956400, 90153373.0
1435042800, 73027174.0
1435129200, 60148083.0
1435215600, 54542025.0
1435302000, 64199127.0
1435388400, 62617589.0
1435474800, 58195929.0
1435561200, 68195889.0
1435647600, 86772911.0
1435734000, 85653651.0
1435820400, 73448051.0
1435906800, 69272593.0
1435993200, 58989102.0
1436079600, 62794979.0
1436166000, 91904271.0
1436252400, 103047898.0
1436338800, 118681248.0
1436425200, 99049487.0
1436511600, 99244728.0
1436598000, 110479447.0
1436684400, 104876113.0
1436770800, 106253319.0
1436857200, 103105000.0
1436943600, 101408345.0
1437030000, 93714990.0
1437116400, 99460492.0
1437202800, 97543970.0
1437289200, 97266855.0
1437375600, 68488532.0
1437462000, 68004639.0
1437548400, 71315681.0
1437634800, 56191516.0
1437721200, 63593592.0
1437807600, 54624758.0
1437894000, 62463054.0
1437980400, 79283636.0
1438066800, 78127580.0
1438153200, 127714101.0
1438239600, 104205454.0
1438326000, 114170596.0
1438412400, 113125782.0
1438498800, 64655436.0
1438585200, 71430691.0
1438671600, 108470847.0
1438758000, 106528620.0
1438844400, 112278817.0
1438930800, 68253530.0
1439017200, 56415845.0
1439103600, 52334696.0
1439190000, 75217772.0
1439276400, 66487238.0
1439362800, 63403679.0
1439449200, 65275260.0
1439535600, 61538350.0
1439622000, 53632516.0
1439708400, 52244404.0
1439794800, 62529084.0
1439881200, 67590808.0
1439967600, 64652064.0
1440054000, 61115878.0
1440140400, 60397405.0
1440226800, 59762209.0
1440313200, 54776113.0
1440399600, 72012381.0
1440486000, 65616537.0
1440572400, 61944678.0
1440658800, 60086868.0
1440745200, 64015744.0
1440831600, 56167560.0
1440918000, 55816032.0
1441004400, 71322964.0
1441090800, 69583934.0
1441177200, 120911019.0
1441263600, 72225902.0
1441350000, 55452794.0
1441436400, 65917324.0
1441522800, 59229862.0
1441609200, 72591797.0
1441695600, 94150437.0
1441782000, 108524893.0
1441868400, 119466941.0
1441954800, 110296956.0
1442041200, 89387648.0
1442127600, 94132405.0
1442214000, 112874176.0
1442300400, 111644938.0
1442386800, 95970502.0
1442473200, 101558568.0
1442559600, 81841650.0
1442646000, 58657877.0
1442732400, 61342537.0
1442818800, 79514398.0
1442905200, 76350247.0
1442991600, 72645365.0
1443078000, 68279249.0
1443164400, 70329640.0
1443250800, 64344536.0
1443337200, 65867173.0
1443423600, 73604692.0
1443510000, 80864837.0
1443596400, 76080942.0
1443682800, 68128121.0
1443769200, 72869385.0
1443855600, 56948934.0
1443942000, 57023799.0
1444028400, 64758063.0
1444114800, 77055927.0
1444201200, 91304445.0
1444287600, 92151531.0
1444374000, 74977015.0
1444460400, 101221070.0
1444546800, 79011475.0
1444633200, 81664191.0
1444719600, 76061942.0
1444806000, 79971078.0
1444892400, 89322965.0
1444978800, 83226994.0
1445065200, 81570018.0
1445151600, 77237838.0
1445238000, 84237504.0
1445324400, 88237236.0
1445410800, 81402067.0
1445497200, 80916697.0
1445583600, 82795984.0
1445670000, 76182560.0
1445756400, 81723093.0
1445842800, 78298525.0
1445929200, 80351359.0
1446015600, 82398177.0
1446102000, 89340967.0
1446188400, 88505503.0
1446274800, 79418337.0
1446361200, 82917388.0
1446451200, 95752044.0
1446537600, 105958235.0
1446624000, 121539735.0
1446710400, 106576594.0
1446796800, 95418260.0
1446883200, 81491957.0
1446969600, 76174062.0
1447056000, 92901533.0
1447142400, 88594518.0
1447228800, 88122117.0
1447315200, 84464895.0
1447401600, 78927547.0
1447488000, 76938074.0
1447574400, 79743068.0
1447660800, 90211127.0
1447747200, 83083172.0
1447833600, 91556388.0
1447920000, 82942424.0
1448006400, 84390336.0
1448092800, 81583070.0
1448179200, 75192455.0
1448265600, 84062647.0
1448352000, 81592928.0
1448438400, 82674743.0
1448524800, 94491554.0
1448611200, 86392017.0
1448697600, 84889284.0
1448784000, 67572597.0
1448870400, 108946924.0
1448956800, 94701349.0
1449043200, 105613523.0
1449129600, 91332393.0
1449216000, 90075970.0
1449302400, 100474246.0
1449388800, 94510627.0
1449475200, 101163145.0
1449561600, 107981592.0
1449648000, 115537607.0
1449734400, 114961246.0
1449820800, 101960964.0
1449907200, 111646354.0
1449993600, 97813941.0
1450080000, 122842930.0
1450166400, 113714721.0
1450252800, 110238942.0
1450339200, 104874212.0
1450425600, 103404210.0
1450512000, 102561094.0
1450598400, 99010972.0
1450684800, 114212633.0
1450771200, 112469016.0
1450857600, 107848101.0
1450944000, 100689185.0
1451030400, 85575500.0
1451116800, 92824845.0
1451203200, 91697767.0
1451289600, 99073496.0
1451376000, 98750835.0
1451462400, 91422946.0
1451548800, 78795102.0
1451635200, 66609963.0
1451721600, 84062840.0
1451808000, 80425082.0
1451894400, 100811640.0
1451980800, 100759295.0
1452067200, 93395603.0
1452153600, 103593204.0
1452240000, 100971339.0
1452326400, 96438477.0
1452412800, 91423838.0
1452499200, 111584771.0
1452585600, 103175907.0
1452672000, 100100637.0
1452758400, 95569327.0
1452844800, 95831460.0
1452931200, 105914451.0
1453017600, 113863943.0
1453104000, 115133019.0
1453190400, 102920482.0
1453276800, 131038441.0
1453363200, 115107303.0
1453449600, 116486607.0
1453536000, 102298780.0
1453622400, 105863616.0
1453708800, 116535667.0
1453795200, 118844110.0
1453881600, 115322584.0
1453968000, 116372110.0
1454054400, 116102570.0
1454140800, 106131490.0
1454227200, 100371200.0
1454313600, 125092097.0
1454400000, 144700314.0
1454486400, 115591674.0
1454572800, 110514905.0
1454659200, 121597314.0
1454745600, 120629945.0
1454832000, 123232543.0
1454918400, 121220261.0
1455004800, 122523553.0
1455091200, 121103080.0
1455177600, 122745260.0
1455264000, 105180523.0
1455350400, 98364704.0
1455436800, 103702188.0
1455523200, 115910305.0
1455609600, 104940068.0
1455696000, 119963963.0
1455782400, 110001207.0
1455868800, 111231826.0
1455955200, 110665489.0
1456041600, 108257594.0
1456128000, 114076493.0
1456214400, 120113824.0
1456300800, 108343410.0
1456387200, 123848895.0
1456473600, 107132893.0
1456560000, 99063169.0
1456646400, 104059936.0
1456732800, 121468795.0
1456819200, 127610061.0
1456905600, 141344024.0
1456992000, 124312415.0
1457078400, 121918613.0
1457164800, 117005580.0
1457251200, 93070718.0
1457337600, 94209279.0
1457424000, 104776474.0
1457510400, 125013289.0
1457596800, 104932958.0
1457683200, 98291340.0
1457769600, 82663093.0
1457856000, 84849324.0
1457938800, 110385509.0
1458025200, 106935867.0
1458111600, 101669812.0
1458198000, 105293428.0
1458284400, 100585430.0
1458370800, 87052395.0
1458457200, 96462698.0
1458543600, 104844751.0
1458630000, 105679040.0
1458716400, 100544232.0
1458802800, 99095640.0
1458889200, 91106258.0
1458975600, 95670050.0
1459062000, 88753379.0
1459148400, 114670594.0
1459234800, 131322550.0
1459321200, 110089356.0
1459407600, 104803821.0
1459494000, 117569335.0
1459580400, 111041430.0
1459666800, 103241514.0
1459753200, 111167934.0
1459839600, 114960265.0
1459926000, 110910583.0
1460012400, 105395795.0
1460098800, 103400020.0
1460185200, 102912904.0
1460271600, 95720814.0
1460358000, 117958509.0
1460444400, 123680686.0
1460530800, 115991452.0
1460617200, 117140660.0
1460703600, 110168493.0
1460790000, 93112976.0
1460876400, 104167997.0
1460962800, 112242252.0
1461049200, 112480000.0
1461135600, 114992771.0
1461222000, 110500359.0
1461308400, 110812430.0
1461394800, 94271233.0
1461481200, 96101254.0
1461567600, 111059607.0
1461654000, 122790133.0
1461740400, 112919288.0
1461826800, 121159767.0
1461913200, 128429899.0
1461999600, 110602082.0
1462086000, 96986228.0
1462172400, 117920419.0
1462258800, 117512680.0
1462345200, 118077259.0
1462431600, 109201332.0
1462518000, 111114063.0
1462604400, 96978383.0
1462690800, 97130052.0
1462777200, 109139567.0
1462863600, 114851619.0
1462950000, 108131098.0
1463036400, 108419162.0
1463122800, 115929473.0
1463209200, 116977382.0
1463295600, 108099877.0
1463382000, 127853664.0
1463468400, 122378517.0
1463554800, 133680961.0
1463641200, 114657897.0
1463727600, 116467085.0
1463814000, 125672941.0
1463900400, 111059049.0
1463986800, 116328686.0
1464073200, 124945206.0
1464159600, 120134308.0
1464246000, 110764673.0
1464332400, 131790156.0
1464418800, 114827512.0
1464505200, 99971510.0
1464591600, 128410926.0
1464678000, 110111538.0
1464764400, 120021558.0
1464850800, 114103699.0
1464937200, 118223299.0
1465023600, 100026165.0
1465110000, 103908376.0
1465196400, 119927707.0
1465282800, 112504403.0
1465369200, 115522564.0
1465455600, 118902480.0
1465542000, 118461966.0
1465628400, 108594845.0
1465714800, 121186940.0
1465801200, 147412043.0
1465887600, 126086432.0
1465974000, 139406854.0
1466060400, 142697854.0
1466146800, 138682307.0
1466233200, 137101008.0
1466319600, 127990039.0
1466406000, 127968007.0
1466492400, 136321591.0
1466578800, 121988051.0
1466665200, 128771420.0
1466751600, 121605295.0
1466838000, 128400847.0
1466924400, 111285833.0
1467010800, 114249498.0
1467097200, 112484797.0
1467183600, 111625647.0
1467270000, 119626572.0
1467356400, 116149416.0
1467442800, 103527757.0
1467529200, 94655917.0
1467615600, 111638301.0
1467702000, 114428119.0
1467788400, 111656720.0
1467874800, 112545555.0
1467961200, 113077520.0
1468047600, 98049924.0
1468134000, 91386935.0
1468220400, 113439997.0
1468306800, 110943100.0
1468393200, 105782992.0
1468479600, 112579683.0
1468566000, 106679332.0
1468652400, 108091120.0
1468738800, 105694076.0
1468825200, 121226236.0
1468911600, 110181030.0
1468998000, 119817640.0
1469084400, 107633260.0
1469170800, 111454597.0
1469257200, 108245567.0
1469343600, 98152375.0
1469430000, 119209339.0
1469516400, 119072994.0
1469602800, 117988793.0
1469689200, 119033133.0
1469775600, 120888679.0
1469862000, 103549096.0
1469948400, 122364078.0
1470034800, 124569925.0
1470121200, 132338654.0
1470207600, 131314757.0
1470294000, 119453622.0
1470380400, 118476780.0
1470466800, 102794604.0
1470553200, 113711532.0
1470639600, 124208432.0
1470726000, 109186311.0
1470812400, 126027881.0
1470898800, 129070982.0
1470985200, 119985859.0
1471071600, 108413761.0
1471158000, 104279759.0
1471244400, 118226381.0
1471330800, 124210107.0
1471417200, 116825549.0
1471503600, 123024288.0
1471590000, 121783559.0
1471676400, 110677554.0
1471762800, 100230318.0
1471849200, 124010846.0
1471935600, 121858828.0
1472022000, 114955948.0
1472108400, 112847253.0
1472194800, 111462429.0
1472281200, 98913974.0
1472367600, 92496213.0
1472454000, 120529385.0
1472540400, 128449334.0
1472626800, 111855972.0
1472713200, 118894295.0
1472799600, 111177580.0
1472886000, 97012715.0
1472972400, 103704634.0
1473058800, 123241840.0
1473145200, 117905140.0
1473231600, 123018439.0
1473318000, 117231435.0
1473404400, 115450843.0
1473490800, 100223519.0
1473577200, 97041588.0
1473663600, 112604994.0
1473750000, 128843759.0
1473836400, 119216272.0
1473922800, 115958737.0
1474009200, 107673161.0
1474095600, 122964582.0
1474182000, 98354542.0
1474268400, 111060484.0
1474354800, 118181209.0
1474441200, 118084398.0
1474527600, 107524077.0
1474614000, 109515503.0
1474700400, 105557222.0
1474786800, 105617598.0
1474873200, 117937665.0
1474959600, 127627975.0
1475046000, 115781311.0
1475132400, 119092742.0
1475218800, 119756751.0
1475305200, 111670496.0
1475391600, 101313035.0
1475478000, 130547673.0
1475564400, 130182345.0
1475650800, 131748310.0
1475737200, 133211494.0
1475823600, 124051855.0
1475910000, 128649860.0
1475996400, 109160440.0
1476082800, 106444298.0
1476169200, 128309325.0
1476255600, 124494613.0
1476342000, 116741080.0
1476428400, 116782478.0
1476514800, 110994520.0
1476601200, 98656699.0
1476687600, 116209166.0
1476774000, 130486535.0
1476860400, 100925218.0
1476946800, 130975846.0
1477033200, 129738091.0
1477119600, 118287070.0
1477206000, 114096513.0
1477292400, 126750949.0
1477378800, 131206039.0
1477465200, 134466944.0
1477551600, 158375359.0
1477638000, 124110144.0
1477724400, 115182916.0
1477810800, 105235851.0
1477897200, 119214688.0
1477983600, 123415439.0
1478070000, 120193307.0
1478156400, 129054941.0
1478242800, 110908551.0
1478329200, 116490741.0
1478415600, 111810666.0
1478505600, 129460945.0
1478592000, 146398944.0
1478678400, 131094394.0
1478764800, 135162235.0
1478851200, 123034447.0
1478937600, 119347737.0
1479024000, 109822698.0
1479110400, 135919215.0
1479196800, 133288207.0
1479283200, 135320569.0
1479369600, 142845444.0
1479456000, 137994111.0
1479542400, 121108121.0
1479628800, 115495198.0
1479715200, 128226526.0
1479801600, 128490565.0
1479888000, 139808255.0
1479974400, 154177679.0
1480060800, 143303004.0
1480147200, 144584650.0
1480233600, 118296629.0
1480320000, 149094264.0
1480406400, 135020295.0
1480492800, 129539140.0
1480579200, 131328356.0
1480665600, 139649336.0
1480752000, 151508259.0
1480838400, 126835877.0
1480924800, 134168624.0
1481011200, 144414164.0
1481097600, 153849653.0
1481184000, 133477897.0
1481270400, 125593713.0
1481356800, 118599587.0
1481443200, 127915448.0
1481529600, 125738284.0
1481616000, 145052446.0
1481702400, 125326274.0
1481788800, 121339151.0
1481875200, 128560034.0
1481961600, 117652853.0
1482048000, 121459709.0
1482134400, 138130965.0
1482220800, 133912387.0
1482307200, 153270536.0
1482393600, 146253955.0
1482480000, 134974418.0
1482566400, 117119862.0
1482652800, 106940761.0
1482739200, 121532586.0
1482825600, 136755695.0
1482912000, 142430752.0
1482998400, 141059673.0
1483084800, 136858129.0
1483171200, 118979502.0
1483257600, 108972204.0
1483344000, 150235545.0
1483430400, 148678057.0
1483516800, 150867668.0
1483603200, 137787565.0
1483689600, 158477224.0
1483776000, 136239912.0
1483862400, 135340046.0
1483948800, 125528430.0
1484035200, 153555278.0
1484121600, 141221502.0
1484208000, 137888699.0
1484294400, 126073198.0
1484380800, 127755862.0
1484467200, 113070299.0
1484553600, 128158581.0
1484640000, 142238236.0
1484726400, 134076376.0
1484812800, 145180161.0
1484899200, 136509558.0
1484985600, 125449079.0
1485072000, 117373402.0
1485158400, 125398334.0
1485244800, 145074998.0
1485331200, 147188233.0
1485417600, 153936345.0
1485504000, 142405567.0
1485590400, 133374784.0
1485676800, 144036105.0
1485763200, 137536101.0
1485849600, 139134217.0
1485936000, 184759570.0
1486022400, 143491185.0
1486108800, 144652061.0
1486195200, 137110525.0
1486281600, 152313192.0
1486368000, 122400165.0
1486454400, 142797794.0
1486540800, 140324793.0
1486627200, 161569124.0
1486713600, 142229145.0
1486800000, 133948921.0
1486886400, 122144290.0
1486972800, 148405332.0
1487059200, 149519922.0
1487145600, 130672276.0
1487232000, 147066076.0
1487318400, 146330355.0
1487404800, 145258834.0
1487491200, 124738236.0
1487577600, 140796749.0
1487664000, 131054107.0
1487750400, 134848121.0
1487836800, 144106857.0
1487923200, 158302181.0
1488009600, 161377509.0
1488096000, 164071652.0
1488182400, 136101495.0
1488268800, 148139805.0
1488355200, 140997017.0
1488441600, 150031136.0
1488528000, 148778797.0
1488614400, 130139301.0
1488700800, 144545293.0
1488787200, 137105624.0
1488873600, 149153851.0
1488960000, 139078646.0
1489046400, 146786136.0
1489132800, 154724130.0
1489219200, 148638882.0
1489305600, 148822702.0
1489388400, 142516485.0
1489474800, 150142100.0
1489561200, 139725667.0
1489647600, 151203800.0
1489734000, 153314500.0
1489820400, 147901272.0
1489906800, 146694247.0
1489993200, 132924680.0
1490079600, 139444546.0
1490166000, 156153459.0
1490252400, 142833159.0
1490338800, 153109006.0
1490425200, 125010016.0
1490511600, 112339352.0
1490598000, 118925434.0
1490684400, 152780977.0
1490770800, 134297514.0
1490857200, 157858216.0
1490943600, 129671257.0
1491030000, 127664458.0
1491116400, 130235222.0
1491202800, 154578572.0
1491289200, 122232678.0
1491375600, 156631068.0
1491462000, 143728498.0
1491548400, 158368949.0
1491634800, 133496841.0
1491721200, 147148441.0
1491807600, 134882197.0
1491894000, 160792926.0
1491980400, 139524556.0
1492066800, 123568498.0
1492153200, 138320202.0
1492239600, 148755167.0
1492326000, 135403211.0
1492412400, 128448535.0
1492498800, 139508809.0
1492585200, 140742484.0
1492671600, 134410634.0
1492758000, 162981867.0
1492844400, 141089714.0
1492930800, 144987553.0
1493017200, 119423148.0
1493103600, 142969528.0
1493190000, 148693797.0
1493276400, 142239843.0
1493362800, 135547737.0
1493449200, 168081664.0
1493535600, 146755921.0
1493622000, 146613134.0
1493708400, 154877624.0
1493794800, 131378395.0
1493881200, 163135853.0
1493967600, 124000717.0
1494054000, 162108773.0
1494140400, 161127686.0
1494226800, 174265948.0
1494313200, 153106911.0
1494399600, 142104537.0
1494486000, 129767764.0
1494572400, 147005400.0
1494658800, 150904224.0
1494745200, 159914048.0
1494831600, 165021037.0
1494918000, 128562835.0
1495004400, 152191701.0
1495090800, 138394548.0
1495177200, 159286774.0
1495263600, 159590133.0
1495350000, 145583464.0
1495436400, 141152858.0
1495522800, 164419108.0
1495609200, 149464418.0
1495695600, 159230750.0
1495782000, 146692616.0
1495868400, 166565434.0
1495954800, 161367053.0
1496041200, 147663012.0
1496127600, 175527958.0
1496214000, 160178218.0
1496300400, 166216929.0
1496386800, 143370338.0
1496473200, 188362073.0
1496559600, 158159746.0
1496646000, 158166540.0
1496732400, 149496704.0
1496818800, 163700272.0
1496905200, 160019344.0
1496991600, 147004554.0
1497078000, 136270189.0
1497164400, 138039326.0
1497250800, 142236417.0
1497337200, 137777859.0
1497423600, 135709881.0
1497510000, 152140724.0
1497596400, 145497031.0
1497682800, 142927271.0
1497769200, 135812417.0
1497855600, 148933757.0
1497942000, 133263181.0
1498028400, 137628117.0
1498114800, 137968321.0
1498201200, 151820847.0
1498287600, 138676458.0
1498374000, 113182393.0
1498460400, 140185857.0
1498546800, 129683292.0
1498633200, 152696196.0
1498719600, 116020435.0
1498806000, 147272415.0
1498892400, 144768148.0
1498978800, 146561660.0
1499065200, 138680821.0
1499151600, 137245555.0
1499238000, 135521448.0
1499324400, 135795262.0
1499410800, 138684911.0
1499497200, 141717724.0
1499583600, 103447118.0
1499670000, 147091608.0
1499756400, 153988619.0
1499842800, 156036856.0
1499929200, 134287669.0
1500015600, 125129048.0
1500102000, 123823396.0
1500188400, 136963964.0
1500274800, 139902587.0
1500361200, 158305599.0
1500447600, 139955711.0
1500534000, 150571893.0
1500620400, 150383582.0
1500706800, 148120669.0
1500793200, 117536497.0
1500879600, 159207492.0
1500966000, 138269640.0
1501052400, 142198807.0
1501138800, 142235422.0
1501225200, 137529511.0
1501311600, 136935895.0
1501398000, 119119592.0
1501484400, 134374692.0
1501570800, 108068453.0
1501657200, 133468687.0
1501743600, 119901950.0
1501830000, 165422429.0
1501916400, 155977992.0
1502002800, 110100761.0
1502089200, 144385767.0
1502175600, 160596624.0
1502262000, 131674897.0
1502348400, 131491740.0
1502434800, 139272610.0
1502521200, 132288529.0
1502607600, 145531383.0
1502694000, 124184159.0
1502780400, 148210625.0
1502866800, 125674602.0
1502953200, 175184007.0
1503039600, 143038117.0
1503126000, 145934729.0
1503212400, 124988370.0
1503298800, 112296005.0
1503385200, 88837596.0
1503471600, 156855196.0
1503558000, 94819766.0
1503644400, 93804658.0
1503730800, 104812906.0
1503817200, 153574312.0
1503903600, 126587730.0
1503990000, 148728390.0
1504076400, 165206515.0
1504162800, 160007570.0
1504249200, 169107048.0
1504335600, 132676167.0
1504422000, 117928066.0
1504508400, 162340636.0
1504594800, 150422428.0
1504681200, 146470000.0
1504767600, 142567272.0
1504854000, 159807850.0
1504940400, 123663360.0
1505026800, 108219994.0
1505113200, 144307293.0
1505199600, 133712970.0
1505286000, 135618274.0
1505372400, 139609001.0
1505458800, 151951902.0
1505545200, 118480362.0
1505631600, 102337649.0
1505718000, 115823036.0
1505804400, 149255747.0
1505890800, 110944710.0
1505977200, 135061445.0
1506063600, 111479077.0
1506150000, 104659623.0
1506236400, 95233321.0
1506322800, 114551696.0
1506409200, 132787893.0
1506495600, 124800690.0
1506582000, 149377728.0
1506668400, 140745568.0
1506754800, 108497449.0
1506841200, 118670148.0
1506927600, 150225359.0
1507014000, 160282789.0
1507100400, 112221565.0
1507186800, 127254278.0
1507273200, 146349291.0
1507359600, 132168275.0
1507446000, 139124422.0
1507532400, 148367331.0
1507618800, 154283614.0
1507705200, 141237215.0
1507791600, 149564077.0
1507878000, 139467331.0
1507964400, 144274223.0
1508050800, 174284733.0
1508137200, 159690873.0
1508223600, 161798009.0
1508310000, 153645745.0
1508396400, 176939355.0
1508482800, 177749261.0
1508569200, 159132049.0
1508655600, 182962093.0
1508742000, 166241284.0
1508828400, 173848944.0
1508914800, 179389978.0
1509001200, 131824168.0
1509087600, 107322640.0
1509174000, 85663587.0
1509260400, 156773294.0
1509346800, 151190843.0
1509433200, 143105610.0
1509519600, 162830743.0
1509606000, 155609349.0
1509692400, 124546111.0
1509778800, 133672241.0
1509865200, 147016070.0
1509955200, 138925599.0
1510041600, 160115293.0
1510128000, 147863665.0
1510214400, 156793486.0
1510300800, 126001568.0
1510387200, 84660106.0
1510473600, 84249119.0
1510560000, 145850292.0
1510646400, 131508667.0
1510732800, 158978416.0
1510819200, 155463981.0
1510905600, 172766272.0
1510992000, 142498033.0
1511078400, 166877892.0
1511164800, 178269444.0
1511251200, 182669689.0
1511337600, 157696884.0
1511424000, 165932399.0
1511510400, 156243184.0
1511596800, 163466176.0
1511683200, 159460176.0
1511769600, 178057430.0
1511856000, 165797696.0
1511942400, 184142758.0
1512028800, 178406503.0
1512115200, 195459494.0
1512201600, 166844046.0
1512288000, 184338007.0
1512374400, 193362372.0
1512460800, 188441219.0
1512547200, 199100690.0
1512633600, 158878942.0
1512720000, 164011051.0
1512806400, 182920334.0
1512892800, 173259264.0
1512979200, 181336603.0
1513065600, 165564852.0
1513152000, 196614029.0
1513238400, 192739902.0
1513324800, 178791652.0
1513411200, 180675813.0
1513497600, 192598768.0
1513584000, 189650380.0
1513670400, 148422316.0
1513756800, 145900819.0
1513843200, 137107356.0
1513929600, 164659455.0
1514016000, 147345277.0
1514102400, 161749715.0
1514188800, 141850704.0
1514275200, 149144463.0
1514361600, 166544787.0
1514448000, 161397253.0
1514534400, 172879363.0
1514620800, 152421656.0
1514707200, 169040286.0
1514793600, 162767670.0
1514880000, 178073859.0
1514966400, 167285574.0
1515052800, 179059894.0
1515139200, 152671919.0
1515225600, 177174339.0
1515312000, 169733607.0
1515398400, 174407624.0
1515484800, 172954293.0
1515571200, 175660366.0
1515657600, 204023669.0
1515744000, 187731039.0
1515830400, 151181001.0
1515916800, 162851954.0
1516003200, 158899507.0
1516089600, 166958621.0
1516176000, 177389306.0
1516262400, 181796855.0
1516348800, 172978826.0
1516435200, 196969209.0
1516521600, 201491164.0
1516608000, 180533363.0
1516694400, 189451004.0
1516780800, 188318936.0
1516867200, 175431636.0
1516953600, 161607231.0
1517040000, 163052025.0
1517126400, 162899397.0
1517212800, 150689736.0
1517299200, 164913948.0
1517385600, 122011264.0
1517472000, 168634108.0
1517558400, 171776392.0
1517644800, 157457564.0
1517731200, 176306855.0
1517817600, 204005692.0
1517904000, 181479158.0
1517990400, 151112857.0
1518076800, 137327985.0
1518163200, 145285994.0
1518249600, 147975317.0
1518336000, 152044792.0
1518422400, 172854404.0
1518508800, 169404810.0
1518595200, 181834435.0
1518681600, 139370240.0
1518768000, 155372600.0
1518854400, 144979560.0
1518940800, 157588201.0
1519027200, 163066620.0
1519113600, 142528477.0
1519200000, 166480992.0
1519286400, 136924497.0
1519372800, 148931360.0
1519459200, 75758036.0
