1231488000, 70000000000.0
1231574400, 305000000000.0
1231660800, 465000000000.0
1231747200, 487900000000.0
1231833600, 615000000000.0
1231920000, 651100000000.0
1232006400, 680000000000.0
1232092800, 560000000000.0
1232179200, 545000000000.0
1232265600, 550000000000.0
1232352000, 652500000000.0
1232438400, 610000000000.0
1232524800, 520000000000.0
1232611200, 505000000000.0
1232697600, 465000000000.0
1232784000, 1055000000000.0
1232870400, 960000000000.0
1232956800, 580000000000.0
1233043200, 500000000000.0
1233129600, 560000000000.0
1233216000, 665000000000.0
1233302400, 585000000000.0
1233388800, 790000000000.0
1233475200, 575000000000.0
1233561600, 645000000000.0
1233648000, 768652000000.0
1233734400, 595000000000.0
1233820800, 630000000000.0
1233907200, 610000000000.0
1233993600, 764800000000.0
1234080000, 760000000000.0
1234166400, 890000000000.0
1234252800, 600000000000.0
1234339200, 720004000000.0
1234425600, 595000000000.0
1234512000, 620000000000.0
1234598400, 680000000000.0
1234684800, 730000000000.0
1234771200, 760000000000.0
1234857600, 585000000000.0
1234944000, 590000000000.0
1235030400, 700000000000.0
1235116800, 610000000000.0
1235203200, 570000000000.0
1235289600, 710000000000.0
1235376000, 540000000000.0
1235462400, 530000000000.0
1235548800, 525000000000.0
1235635200, 535000000000.0
1235721600, 755000000000.0
1235808000, 530000000000.0
1235894400, 525000000000.0
1235980800, 540000000000.0
1236067200, 565000000000.0
1236153600, 645000000000.0
1236240000, 600000000000.0
1236326400, 585000000000.0
1236412800, 545000000000.0
1236499200, 730000000000.0
1236582000, 540000000000.0
1236668400, 535000000000.0
1236754800, 570000000000.0
1236841200, 605000000000.0
1236927600, 640000000000.0
1237014000, 550000000000.0
1237100400, 615000000000.0
1237186800, 845000000000.0
1237273200, 570000000000.0
1237359600, 640000000000.0
1237446000, 610000000000.0
1237532400, 650000000000.0
1237618800, 250000000000.0
1237705200, 650000000000.0
1237791600, 650000000000.0
1237878000, 525000000000.0
1237964400, 585000000000.0
1238050800, 725000000000.0
1238137200, 530000000000.0
1238223600, 695000000000.0
1238310000, 580000000000.0
1238396400, 600000000000.0
1238482800, 710000000000.0
1238569200, 570000000000.0
1238655600, 575000000000.0
1238742000, 580000000000.0
1238828400, 565000000000.0
1238914800, 735000000000.0
1239001200, 545000000000.0
1239087600, 500000000000.0
1239174000, 525000000000.0
1239260400, 495000000000.0
1239346800, 540000000000.0
1239433200, 635000000000.0
1239519600, 685000000000.0
1239606000, 580000000000.0
1239692400, 620000000000.0
1239778800, 565000000000.0
1239865200, 615000000000.0
1239951600, 560000000000.0
1240038000, 648251000000.0
1240124400, 635000000000.0
1240210800, 1170000000000.0
1240297200, 620000000000.0
1240383600, 605000000000.0
1240470000, 375000000000.0
1240556400, 575000000000.0
1240642800, 590000000000.0
1240729200, 635000000000.0
1240815600, 520000000000.0
1240902000, 585000000000.0
1240988400, 740000000000.0
1241074800, 655000000000.0
1241161200, 605000000000.0
1241247600, 704994000000.0
1241334000, 541000000000.0
1241420400, 790000000000.0
1241506800, 725000000000.0
1241593200, 675000000000.0
1241679600, 610000000000.0
1241766000, 535000000000.0
1241852400, 390000000000.0
1241938800, 425000000000.0
1242025200, 610000000000.0
1242111600, 650000000000.0
1242198000, 570001000000.0
1242284400, 714999000000.0
1242370800, 730000000000.0
1242457200, 595000000000.0
1242543600, 635000000000.0
1242630000, 590000000000.0
1242716400, 430000000000.0
1242802800, 600000000000.0
1242889200, 410000000000.0
1242975600, 305000000000.0
1243062000, 160000000000.0
1243148400, 500000000000.0
1243234800, 545000000000.0
1243321200, 625000000000.0
1243407600, 595000000000.0
1243494000, 475000000000.0
1243580400, 830000000000.0
1243666800, 545000000000.0
1243753200, 480000000000.0
1243839600, 360000000000.0
1243926000, 555000000000.0
1244012400, 355000000000.0
1244098800, 330000000000.0
1244185200, 150000000000.0
1244271600, 140000000000.0
1244358000, 80000000000.0
1244444400, 410000000000.0
1244530800, 455000000000.0
1244617200, 410000000000.0
1244703600, 445000000000.0
1244790000, 430000000000.0
1244876400, 390000000000.0
1244962800, 360000000000.0
1245049200, 420000000000.0
1245135600, 355000000000.0
1245222000, 395000000000.0
1245308400, 400000000000.0
1245394800, 435000000000.0
1245481200, 390000000000.0
1245567600, 405000000000.0
1245654000, 680000000000.0
1245740400, 380000000000.0
1245826800, 489898000000.0
1245913200, 440000000000.0
1245999600, 450000000000.0
1246086000, 420000000000.0
1246172400, 235000000000.0
1246258800, 420000000000.0
1246345200, 434500000000.0
1246431600, 380000000000.0
1246518000, 420000000000.0
1246604400, 410000000000.0
1246690800, 445000000000.0
1246777200, 395000000000.0
1246863600, 420000000000.0
1246950000, 345000000000.0
1247036400, 370000000000.0
1247122800, 430000000000.0
1247209200, 405000000000.0
1247295600, 415000000000.0
1247382000, 385000000000.0
1247468400, 390000000000.0
1247554800, 345000000000.0
1247641200, 225000000000.0
1247727600, 355000000000.0
1247814000, 235000000000.0
1247900400, 20000000000.0
1247986800, 350000000000.0
1248073200, 954967000000.0
1248159600, 410000000000.0
1248246000, 300000000000.0
1248332400, 380000000000.0
1248418800, 365000000000.0
1248505200, 160000000000.0
1248591600, 105000000000.0
1248678000, 370000000000.0
1248764400, 205000000000.0
1248850800, 105000000000.0
1248937200, 80000000000.0
1249023600, 85000000000.0
1249110000, 140000000000.0
1249196400, 115000000000.0
1249282800, 60000000000.0
1249369200, 405000000000.0
1249455600, 435000000000.0
1249542000, 450000000000.0
1249628400, 954953000000.0
1249714800, 400000000000.0
1249801200, 505000000000.0
1249887600, 375000000000.0
1249974000, 350000000000.0
1250060400, 315000000000.0
1250146800, 425000000000.0
1250233200, 315000000000.0
1250319600, 130000000000.0
1250406000, 95000000000.0
1250492400, 85000000000.0
1250578800, 50000000000.0
1250665200, 90000000000.0
1250751600, 110000000000.0
1250838000, 70000000000.0
1250924400, 35000000000.0
1251010800, 75000000000.0
1251097200, 75000000000.0
1251183600, 250000000000.0
1251270000, 474806000000.0
1251356400, 145000000000.0
1251442800, 375000000000.0
1251529200, 390000000000.0
1251615600, 490000000000.0
1251702000, 460000000000.0
1251788400, 390000000000.0
1251874800, 330000000000.0
1251961200, 375000000000.0
1252047600, 320000000000.0
1252134000, 380000000000.0
1252220400, 340000000000.0
1252306800, 455000000000.0
1252393200, 345000000000.0
1252479600, 270000000000.0
1252566000, 335000000000.0
1252652400, 335000000000.0
1252738800, 345000000000.0
1252825200, 375000000000.0
1252911600, 370000000000.0
1252998000, 220000000000.0
1253084400, 360100000000.0
1253170800, 925000000000.0
1253257200, 390000000000.0
1253343600, 370000000000.0
1253430000, 390000000000.0
1253516400, 385000000000.0
1253602800, 325000000000.0
1253689200, 180000000000.0
1253775600, 485000000000.0
1253862000, 585000000000.0
1253948400, 500000000000.0
1254034800, 515000000000.0
1254121200, 425000000000.0
1254207600, 655000000000.0
1254294000, 425000000000.0
1254380400, 410000000000.0
1254466800, 410000000000.0
1254553200, 290000000000.0
1254639600, 265000000000.0
1254726000, 275000000000.0
1254812400, 305000000000.0
1254898800, 300000000000.0
1254985200, 350000000000.0
1255071600, 395000000000.0
1255158000, 385000000000.0
1255244400, 370000000000.0
1255330800, 795000000000.0
1255417200, 285000000000.0
1255503600, 345000000000.0
1255590000, 355000000000.0
1255676400, 1270000000000.0
1255762800, 285000000000.0
1255849200, 405000000000.0
1255935600, 560000000000.0
1256022000, 979988000000.0
1256108400, 489976000000.0
1256194800, 1645000000000.0
1256281200, 445000000000.0
1256367600, 1535000000000.0
1256454000, 380000000000.0
1256540400, 355000000000.0
1256626800, 1620000000000.0
1256713200, 330000000000.0
1256799600, 435000000000.0
1256886000, 300000000000.0
1256972400, 230000000000.0
1257058800, 125000000000.0
1257148800, 165000000000.0
1257235200, 310000000000.0
1257321600, 1865000000000.0
1257408000, 285000000000.0
1257494400, 310000000000.0
1257580800, 345000000000.0
1257667200, 365000000000.0
1257753600, 320000000000.0
1257840000, 390000000000.0
1257926400, 9320000000000.0
1258012800, 330000000000.0
1258099200, 460000000000.0
1258185600, 395000000000.0
1258272000, 480000000000.0
1258358400, 485000000000.0
1258444800, 460000000000.0
1258531200, 395000000000.0
1258617600, 4785000000000.0
1258704000, 430000000000.0
1258790400, 365000000000.0
1258876800, 530000000000.0
1258963200, 480000000000.0
1259049600, 465000000000.0
1259136000, 450000000000.0
1259222400, 420000000000.0
1259308800, 370000000000.0
1259395200, 355000000000.0
1259481600, 300000000000.0
1259568000, 375000000000.0
1259654400, 1370000000000.0
1259740800, 470000000000.0
1259827200, 440000000000.0
1259913600, 180000000000.0
1260000000, 410000000000.0
1260086400, 529000000000.0
1260172800, 560000000000.0
1260259200, 675000000000.0
1260345600, 715500000000.0
1260432000, 520000000000.0
1260518400, 560000000000.0
1260604800, 1070000000000.0
1260691200, 570000000000.0
1260777600, 3764570000000.0
1260864000, 1095900000000.0
1260950400, 765000000000.0
1261036800, 874950000000.0
1261123200, 1125000000000.0
1261209600, 995000000000.0
1261296000, 875000000000.0
1261382400, 880000000000.0
1261468800, 810000000000.0
1261555200, 770000000000.0
1261641600, 770000000000.0
1261728000, 750000000000.0
1261814400, 870000000000.0
1261900800, 860000000000.0
1261987200, 685000000000.0
1262073600, 855000000000.0
1262160000, 705000000000.0
1262246400, 690000000000.0
1262332800, 670000000000.0
1262419200, 630000000000.0
1262505600, 930000000000.0
1262592000, 2985435000000.0
1262678400, 990000000000.0
1262764800, 815000000000.0
1262851200, 770000000000.0
1262937600, 765000000000.0
1263024000, 755000000000.0
1263110400, 950000000000.0
1263196800, 795000000000.0
1263283200, 1874988000000.0
1263369600, 825800000000.0
1263456000, 755500000000.0
1263542400, 725074000000.0
1263628800, 650100000000.0
1263715200, 655000000000.0
1263801600, 630000000000.0
1263888000, 620000000000.0
1263974400, 790000000000.0
1264060800, 943829000000.0
1264147200, 690000000000.0
1264233600, 805100000000.0
1264320000, 775000000000.0
1264406400, 1385000000000.0
1264492800, 1062300000000.0
1264579200, 920000000000.0
1264665600, 990000000000.0
1264752000, 1080000000000.0
1264838400, 1220000000000.0
1264924800, 935000000000.0
1265011200, 1180000000000.0
1265097600, 830000000000.0
1265184000, 1380000000000.0
1265270400, 1349999000000.0
1265356800, 2339900000000.0
1265443200, 1170000000000.0
1265529600, 1134900000000.0
1265616000, 1670300000000.0
1265702400, 3125000000000.0
1265788800, 3870000000000.0
1265875200, 1215000000000.0
1265961600, 1680000000000.0
1266048000, 1779900000000.0
1266134400, 3002451000000.0
1266220800, 1334998000000.0
1266307200, 1051337000000.0
1266393600, 7067250000000.0
1266480000, 1329900000000.0
1266566400, 970001000000.0
1266652800, 1105000000000.0
1266739200, 1741683000000.0
1266825600, 2730000000000.0
1266912000, 1255000000000.0
1266998400, 1385000000000.0
1267084800, 1830000000000.0
1267171200, 1954900000000.0
1267257600, 905100000000.0
1267344000, 1309900000000.0
1267430400, 1135000000000.0
1267516800, 1140000000000.0
1267603200, 1780000000000.0
1267689600, 2860000000000.0
1267776000, 870000000000.0
1267862400, 3259739000000.0
1267948800, 1645000000000.0
1268035200, 1529518000000.0
1268121600, 1135000000000.0
1268208000, 1069999000000.0
1268294400, 985000000000.0
1268380800, 640000000000.0
1268467200, 945000000000.0
1268553600, 780000000000.0
1268636400, 690200000000.0
1268722800, 750100000000.0
1268809200, 805000000000.0
1268895600, 1095000000000.0
1268982000, 1399600000000.0
1269068400, 1455000000000.0
1269154800, 960200000000.0
1269241200, 1140000000000.0
1269327600, 1433693000000.0
1269414000, 1035000000000.0
1269500400, 3345100000000.0
1269586800, 1385000000000.0
1269673200, 1150000000000.0
1269759600, 1145000000000.0
1269846000, 1320000000000.0
1269932400, 1130000000000.0
1270018800, 1192420000000.0
1270105200, 980000000000.0
1270191600, 880000000000.0
1270278000, 977348000000.0
1270364400, 1200000000000.0
1270450800, 1828719000000.0
1270537200, 1309100000000.0
1270623600, 1515314000000.0
1270710000, 1223874000000.0
1270796400, 3900796000000.0
1270882800, 2790905000000.0
1270969200, 2733316000000.0
1271055600, 3823576000000.0
1271142000, 1181000000000.0
1271228400, 1544889000000.0
1271314800, 12412530000000.0
1271401200, 2301268000000.0
1271487600, 1529288000000.0
1271574000, 4937101000000.0
1271660400, 3602187000000.0
1271746800, 2478500000000.0
1271833200, 1897881000000.0
1271919600, 2949285000000.0
1272006000, 1145403000000.0
1272092400, 2053306000000.0
1272178800, 2384580000000.0
1272265200, 2034549000000.0
1272351600, 1743394000000.0
1272438000, 1742254000000.0
1272524400, 1292536000000.0
1272610800, 6862032000000.0
1272697200, 1434860000000.0
1272783600, 1004900000000.0
1272870000, 1600100000000.0
1272956400, 2565012000000.0
1273042800, 2585966000000.0
1273129200, 2335101000000.0
1273215600, 4044400000000.0
1273302000, 2518026000000.0
1273388400, 1702840000000.0
1273474800, 1526378000000.0
1273561200, 760015000000.0
1273647600, 2802011000000.0
1273734000, 1730778000000.0
1273820400, 2186094000000.0
1273906800, 777664000000.0
1273993200, 808864000000.0
1274079600, 1787648000000.0
1274166000, 1782090000000.0
1274252400, 2350461000000.0
1274338800, 1398497000000.0
1274425200, 4862596000000.0
1274511600, 5442753000000.0
1274598000, 3258836000000.0
1274684400, 1565600000000.0
1274770800, 1805000000000.0
1274857200, 2799097000000.0
1274943600, 2421151000000.0
1275030000, 4055711000000.0
1275116400, 5345100000000.0
1275202800, 1291230000000.0
1275289200, 1396100000000.0
1275375600, 1389398000000.0
1275462000, 1495728000000.0
1275548400, 1727410000000.0
1275634800, 3867735000000.0
1275721200, 1355000000000.0
1275807600, 1600331000000.0
1275894000, 3504980000000.0
1275980400, 1740100000000.0
1276066800, 8069157000000.0
1276153200, 3966563000000.0
1276239600, 1872878000000.0
1276326000, 2088110000000.0
1276412400, 2283200000000.0
1276498800, 5134102000000.0
1276585200, 4502300000000.0
1276671600, 3579908000000.0
1276758000, 2908845000000.0
1276844400, 1908668000000.0
1276930800, 6587279000000.0
1277017200, 3631801000000.0
1277103600, 4570809000000.0
1277190000, 3899864000000.0
1277276400, 4889000000000.0
1277362800, 4084637000000.0
1277449200, 2681800000000.0
1277535600, 6671974000000.0
1277622000, 2146800000000.0
1277708400, 5278505000000.0
1277794800, 4925759000000.0
1277881200, 6428095000000.0
1277967600, 3743589000000.0
1278054000, 11455473000000.0
1278140400, 4705000000000.0
1278226800, 2690950000000.0
1278313200, 6204701000000.0
1278399600, 2778550000000.0
1278486000, 5693031000000.0
1278572400, 2442294000000.0
1278658800, 2157200000000.0
1278745200, 3040274000000.0
1278831600, 5618199000000.0
1278918000, 263381997000000.0
1279004400, 33696832000000.0
1279090800, 35035585000000.0
1279177200, 11704892000000.0
1279263600, 8614404000000.0
1279350000, 3274788000000.0
1279436400, 4467009000000.0
1279522800, 5584975000000.0
1279609200, 3895234000000.0
1279695600, 3800454000000.0
1279782000, 4843162000000.0
1279868400, 3031479000000.0
1279954800, 5319196000000.0
1280041200, 5861543000000.0
1280127600, 9910187000000.0
1280214000, 4019920000000.0
1280300400, 7551053000000.0
1280386800, 2806123000000.0
1280473200, 2926182000000.0
1280559600, 2558349000000.0
1280646000, 28205022000000.0
1280732400, 7566337000000.0
1280818800, 5183360000000.0
1280905200, 4578645000000.0
1280991600, 5170201000000.0
1281078000, 2593201000000.0
1281164400, 3302292000000.0
1281250800, 2028505000000.0
1281337200, 8686322000000.0
1281423600, 4342185000000.0
1281510000, 6653741000000.0
1281596400, 2655283000000.0
1281682800, 4581259000000.0
1281769200, 3025174000000.0
1281855600, 2726658000000.0
1281942000, 7652488000000.0
1282028400, 5644599000000.0
1282114800, 4403850000000.0
1282201200, 2715210000000.0
1282287600, 3922841000000.0
1282374000, 4732831000000.0
1282460400, 3101819000000.0
1282546800, 2842611000000.0
1282633200, 3184391000000.0
1282719600, 2671110000000.0
1282806000, 2474779000000.0
1282892400, 3724730000000.0
1282978800, 2512951999150.0
1283065200, 1670459000000.0
1283151600, 2128891000090.0
1283238000, 4935297999650.0
1283324400, 3660758999740.0
1283410800, 4253670000010.0
1283497200, 3805634000000.0
1283583600, 3907636000000.0
1283670000, 14545971000000.0
1283756400, 8350213999840.0
1283842800, 2624126000000.0
1283929200, 2589780999660.0
1284015600, 4091774999820.0
1284102000, 2302332999800.0
1284188400, 1821841000000.0
1284274800, 2741738000030.0
1284361200, 12572793000010.0
1284447600, 4044407440528.0
1284534000, 4836355039648.0
1284620400, 4553351000000.0
1284706800, 8569813000000.0
1284793200, 5547258000000.0
1284879600, 6158125960352.0
1284966000, 5170310000000.0
1285052400, 3631166000010.0
1285138800, 5338549000000.0
1285225200, 13829779000000.0
1285311600, 3074386000000.0
1285398000, 4029810000000.0
1285484400, 3273451000000.0
1285570800, 4482301000000.0
1285657200, 9227665503320.0
1285743600, 10222176000000.0
1285830000, 4891503000000.0
1285916400, 6598338812108.0
1286002800, 36888684776813.0
1286089200, 8185503776625.0
1286175600, 56366289000099.0
1286262000, 20002178000020.0
1286348400, 13005146000109.0
1286434800, 13536909000000.0
1286521200, 16085463000000.0
1286607600, 19356391000000.0
1286694000, 12734813000000.0
1286780400, 6280871000109.0
1286866800, 8582395000000.0
1286953200, 12305179000000.0
1287039600, 18815955000000.0
1287126000, 15531649000000.0
1287212400, 21109089000109.0
1287298800, 12199174000000.0
1287385200, 22999617000000.0
1287471600, 27843350000000.0
1287558000, 21286177000000.0
1287644400, 19560398776615.0
1287730800, 13712813000000.0
1287817200, 5189533000000.0
1287903600, 11504439000000.0
1287990000, 16014465000000.0
1288076400, 19339271000000.0
1288162800, 21251017000000.0
1288249200, 19857354000000.0
1288335600, 9722529000000.0
1288422000, 7109104000000.0
1288508400, 7385613000000.0
1288594800, 5110725000000.0
1288681200, 7132609000000.0
1288767600, 6647998000000.0
1288854000, 16684778108788.0
1288940400, 5295983000000.0
1289026800, 13743536000000.0
1289113200, 10180373000000.0
1289203200, 51319262000000.0
1289289600, 6261722000000.0
1289376000, 6869556000000.0
1289462400, 5256851000000.0
1289548800, 4213980000000.0
1289635200, 4925596000000.0
1289721600, 4821488000000.0
1289808000, 27198771000000.0
1289894400, 38788126000000.0
1289980800, 7443252000000.0
1290067200, 7234846108788.0
1290153600, 6189882000000.0
1290240000, 16490026000000.0
1290326400, 13303600000000.0
1290412800, 3955335000000.0
1290499200, 4963213000000.0
1290585600, 4745908000000.0
1290672000, 5965219000000.0
1290758400, 9880620000000.0
1290844800, 3327986000000.0
1290931200, 3288360000000.0
1291017600, 4513988000000.0
1291104000, 6985090000000.0
1291190400, 6444466000000.0
1291276800, 7065445000000.0
1291363200, 3703274000000.0
1291449600, 7665677197510.0
1291536000, 3337679000000.0
1291622400, 10808004613297.0
1291708800, 9880129434402.0
1291795200, 4154731528566.0
1291881600, 5364258727261.0
1291968000, 3399231000000.0
1292054400, 8852204702586.0
1292140800, 5634107644603.0
1292227200, 18574855972450.0
1292313600, 12486634152496.0
1292400000, 12277851485908.0
1292486400, 9339050356946.0
1292572800, 7138890118798.0
1292659200, 9123061674275.0
1292745600, 10722098693557.0
1292832000, 9107974700382.0
1292918400, 11135482959024.0
1293004800, 9062330951748.0
1293091200, 7015965000000.0
1293177600, 6780630748065.0
1293264000, 12099710743052.0
1293350400, 7728993580871.0
1293436800, 9981917496207.0
1293523200, 6507079395765.0
1293609600, 11909858258158.0
1293696000, 7305061238552.0
1293782400, 6751647335061.0
1293868800, 6429612915258.0
1293955200, 5531398266554.0
1294041600, 7540452459217.0
1294128000, 4723941683802.0
1294214400, 5712641934291.0
1294300800, 3903441227034.0
1294387200, 6474823689414.0
1294473600, 6747699000000.0
1294560000, 4643319469134.0
1294646400, 9024967856028.0
1294732800, 11291282767408.0
1294819200, 6752874201638.0
1294905600, 12937113360914.0
1294992000, 9431497653261.0
1295078400, 6490140236939.0
1295164800, 7353011639674.0
1295251200, 6740733470584.0
1295337600, 11193273092255.0
1295424000, 6825526370812.0
1295510400, 6145284683642.0
1295596800, 6967678496434.0
1295683200, 7792662632167.0
1295769600, 8861942091382.0
1295856000, 7818276787557.0
1295942400, 6241447306542.0
1296028800, 7467976000000.0
1296115200, 104320783905919.0
1296201600, 5394026000000.0
1296288000, 7566696195608.0
1296374400, 39819535868042.0
1296460800, 19775757982325.0
1296547200, 12940634188265.0
1296633600, 12172131104348.0
1296720000, 7373407801299.0
1296806400, 6285019468640.0
1296892800, 7857055205963.0
1296979200, 8667250152464.0
1297065600, 16491819627589.0
1297152000, 7507898459986.0
1297238400, 13778715482888.0
1297324800, 22659481237170.0
1297411200, 26121076965499.0
1297497600, 14151040615912.0
1297584000, 11412255817975.0
1297670400, 13997634137725.0
1297756800, 10305236395607.0
1297843200, 7304148014566.0
1297929600, 10518485511344.0
1298016000, 12903402368959.0
1298102400, 18549599000000.0
1298188800, 22570405000000.0
1298275200, 23899028000000.0
1298361600, 35794932546822.0
1298448000, 37170001785377.0
1298534400, 22950953769472.0
1298620800, 18689717915200.0
1298707200, 17878688050574.0
1298793600, 20193452855151.0
1298880000, 13238350785377.0
1298966400, 103980344235377.0
1299052800, 244431486058385.0
1299139200, 23800355858828.0
1299225600, 31354749646452.0
1299312000, 14205674702166.0
1299398400, 19669927530034.0
1299484800, 21774888672242.0
1299571200, 19553235944800.0
1299657600, 25255380282993.0
1299744000, 34410740637837.0
1299830400, 25415281032048.0
1299916800, 16350227664851.0
1300003200, 21101442655063.0
1300086000, 21325016431473.0
1300172400, 12712049663036.0
1300258800, 16054972181285.0
1300345200, 16757445677175.0
1300431600, 17671404423442.0
1300518000, 12491796779295.0
1300604400, 14578509960804.0
1300690800, 15886579717935.0
1300777200, 21065079931854.0
1300863600, 26240578356270.0
1300950000, 25939216790692.0
1301036400, 29384699056670.0
1301122800, 32613311930936.0
1301209200, 15231661225412.0
1301295600, 14390420246612.0
1301382000, 11825087122950.0
1301468400, 12998052542227.0
1301554800, 14725722298476.0
1301641200, 8736050827105.0
1301727600, 10401547472046.0
1301814000, 9015791813374.0
1301900400, 15288525486543.0
1301986800, 12961883498476.0
1302073200, 9341819829749.0
1302159600, 11797265516611.0
1302246000, 13626174605446.0
1302332400, 14939708010000.0
1302418800, 9365795868921.0
1302505200, 9511265255369.0
1302591600, 14648258655755.0
1302678000, 18768924387497.0
1302764400, 15383198018196.0
1302850800, 10788596932730.0
1302937200, 35237402122540.0
1303023600, 130928684177388.0
1303110000, 13577904723494.0
1303196400, 265660652425664.0
1303282800, 479406239695192.0
1303369200, 43907575172482.0
1303455600, 16654824424113.0
1303542000, 17467533621805.0
1303628400, 10973282229587.0
1303714800, 10753016103308.0
1303801200, 18798588789229.0
1303887600, 25670912825509.0
1303974000, 15696500428026.0
1304060400, 78662411055542.0
1304146800, 41370369605385.0
1304233200, 17130268506203.0
1304319600, 12938631647742.0
1304406000, 19774911756508.0
1304492400, 28968866349303.0
1304578800, 16984360845061.0
1304665200, 29173997314969.0
1304751600, 23271611804692.0
1304838000, 54087973646533.0
1304924400, 16461361808782.0
1305010800, 57679596924188.0
1305097200, 18579074064743.0
1305183600, 21634534750924.0
1305270000, 46312933213526.0
1305356400, 179944718849775.0
1305442800, 32265905978212.0
1305529200, 29050048595863.0
1305615600, 22669136102929.0
1305702000, 19539978483870.0
1305788400, 19012008130395.0
1305874800, 35639142115213.0
1305961200, 66495382600531.0
1306047600, 89126392756519.0
1306134000, 47254504805839.0
1306220400, 36932408294082.0
1306306800, 39709525580575.0
1306393200, 42770514056465.0
1306479600, 54463786026192.0
1306566000, 23270837175829.0
1306652400, 27498189859323.0
1306738800, 27689502947569.0
1306825200, 28758904324134.0
1306911600, 28098079020142.0
1306998000, 36332380706145.0
1307084400, 62222126623682.0
1307170800, 48740848639873.0
1307257200, 56397587184292.0
1307343600, 83908168911700.0
1307430000, 53430444328039.0
1307516400, 79687181148425.0
1307602800, 78253451414196.0
1307689200, 93280062308241.0
1307775600, 148795390628885.0
1307862000, 184011399222091.0
1307948400, 127897156743375.0
1308034800, 154893984594030.0
1308121200, 424264818480011.0
1308207600, 877051867537282.0
1308294000, 157640272842995.0
1308380400, 126721999642516.0
1308466800, 457389555149766.0
1308553200, 134373611063141.0
1308639600, 332365572837339.0
1308726000, 133509693551544.0
1308812400, 163487481241216.0
1308898800, 478565312424362.0
1308985200, 1072513937693247.0
1309071600, 405161174987310.0
1309158000, 187797991017610.0
1309244400, 687164544918705.0
1309330800, 278523332260485.0
1309417200, 150636772811475.0
1309503600, 111779792201330.0
1309590000, 87496359318909.0
1309676400, 57851962514332.0
1309762800, 136335831084648.0
1309849200, 41457026436093.0
1309935600, 57669471470560.0
1310022000, 47223515692044.0
1310108400, 31301509668348.0
1310194800, 208321275052703.0
1310281200, 243221655088744.0
1310367600, 101439421271773.0
1310454000, 107446526406105.0
1310540400, 143591857354407.0
1310626800, 193140222728012.0
1310713200, 60495542708235.0
1310799600, 125589335220156.0
1310886000, 57107218046497.0
1310972400, 331004672122653.0
1311058800, 274163367831262.0
1311145200, 55067989223775.0
1311231600, 134031003803652.0
1311318000, 155905516716812.0
1311404400, 61132035357266.0
1311490800, 54987409481128.0
1311577200, 144200358869779.0
1311663600, 118849108742661.0
1311750000, 127671278905889.0
1311836400, 340029735086568.0
1311922800, 69774275239225.0
1312009200, 33221326337070.0
1312095600, 60302801908705.0
1312182000, 54906809999078.0
1312268400, 40523264715369.0
1312354800, 41584168221148.0
1312441200, 32524695611085.0
1312527600, 50090405652777.0
1312614000, 38546810229894.0
1312700400, 37076670919158.0
1312786800, 104462676153397.0
1312873200, 248802375588873.0
1312959600, 114811295555958.0
1313046000, 49116261316218.0
1313132400, 34515633479120.0
1313218800, 31057599664211.0
1313305200, 45508146885330.0
1313391600, 33997615755700.0
1313478000, 36831794190936.0
1313564400, 32985691995031.0
1313650800, 40748268306731.0
1313737200, 56266357005547.0
1313823600, 23222174860307.0
1313910000, 25089826811619.0
1313996400, 28169091140248.0
1314082800, 44747142658622.0
1314169200, 56639251340674.0
1314255600, 38037458672408.0
1314342000, 28500665639578.0
1314428400, 271159526159788.0
1314514800, 18923479514337.0
1314601200, 24408458831878.0
1314687600, 24418690370287.0
1314774000, 27191211932811.0
1314860400, 33526793159473.0
1314946800, 26113469142115.0
1315033200, 23160967159582.0
1315119600, 174529841288884.0
1315206000, 227354653317067.0
1315292400, 315555804074748.0
1315378800, 63617135601424.0
1315465200, 39487054838177.0
1315551600, 40816877536212.0
1315638000, 27181325317714.0
1315724400, 101985445416211.0
1315810800, 62747715396013.0
1315897200, 35854361211380.0
1315983600, 30261902454442.0
1316070000, 29922613064550.0
1316156400, 67460686133823.0
1316242800, 35419894577762.0
1316329200, 29888468405247.0
1316415600, 33475533458349.0
1316502000, 35352555996724.0
1316588400, 39595503099480.0
1316674800, 31107882713509.0
1316761200, 34513587947771.0
1316847600, 23208961923091.0
1316934000, 29617972228026.0
1317020400, 28518461163435.0
1317106800, 43012704963133.0
1317193200, 35773917892449.0
1317279600, 33378449058292.0
1317366000, 29243421181952.0
1317452400, 41913693431849.0
1317538800, 32224690864130.0
1317625200, 40866592012003.0
1317711600, 41936899626918.0
1317798000, 40755318218453.0
1317884400, 53534895960103.0
1317970800, 38297458549868.0
1318057200, 28346240390798.0
1318143600, 30407261158829.0
1318230000, 31719609164689.0
1318316400, 33306189571592.0
1318402800, 32181074304519.0
1318489200, 30477607071734.0
1318575600, 27735076002233.0
1318662000, 38304290219701.0
1318748400, 26131732685958.0
1318834800, 48605081650701.0
1318921200, 34380554735896.0
1319007600, 30849795082683.0
1319094000, 29847689633819.0
1319180400, 56771410076985.0
1319266800, 56654447686313.0
1319353200, 57097796264981.0
1319439600, 36995384511699.0
1319526000, 38148474228853.0
1319612400, 42984749239344.0
1319698800, 50836612530204.0
1319785200, 45327989578002.0
1319871600, 43956897752972.0
1319958000, 21264278014684.0
1320044400, 38944242301626.0
1320130800, 53983781825627.0
1320217200, 40901028706983.0
1320303600, 35558785586500.0
1320390000, 40049282477578.0
1320476400, 29198104898273.0
1320562800, 22966689449933.0
1320652800, 26928029948489.0
1320739200, 112062247408469.0
1320825600, 97947657417870.0
1320912000, 36164037551447.0
1320998400, 30541010766760.0
1321084800, 26711399051010.0
1321171200, 25002848113237.0
1321257600, 35702722826394.0
1321344000, 36042693193641.0
1321430400, 203232579456675.0
1321516800, 328085336612516.0
1321603200, 507338166964119.0
1321689600, 412670646765030.0
1321776000, 154043470252051.0
1321862400, 169582321163489.0
1321948800, 359480350912683.0
1322035200, 156983687520311.0
1322121600, 151707478698265.0
1322208000, 108852481327342.0
1322294400, 160328610774461.0
1322380800, 180060823387532.0
1322467200, 401383108757460.0
1322553600, 394649991271092.0
1322640000, 658739832639979.0
1322726400, 212433545524813.0
1322812800, 549173046548968.0
1322899200, 350224042501219.0
1322985600, 295008179359470.0
1323072000, 296821392696924.0
1323158400, 690385650065849.0
1323244800, 561024642557291.0
1323331200, 459274796940782.0
1323417600, 201467479232873.0
1323504000, 112916793082080.0
1323590400, 86950667271724.0
1323676800, 74151509250202.0
1323763200, 35443805588290.0
1323849600, 43516912979121.0
1323936000, 45366171715996.0
1324022400, 48414512408748.0
1324108800, 36443988256289.0
1324195200, 33285435186706.0
1324281600, 48536533824397.0
1324368000, 53226408646327.0
1324454400, 57974900943225.0
1324540800, 43847916971642.0
1324627200, 27171839627286.0
1324713600, 31419109368258.0
1324800000, 30662928706860.0
1324886400, 70472636401720.0
1324972800, 67435614362503.0
1325059200, 28339682627803.0
1325145600, 50902818217210.0
1325232000, 28535904617160.0
1325318400, 27053560629749.0
1325404800, 34750374607600.0
1325491200, 26263043262165.0
1325577600, 27074297196559.0
1325664000, 40059402587467.0
1325750400, 69050716310586.0
1325836800, 61291355210102.0
1325923200, 31929986470469.0
1326009600, 35824175472939.0
1326096000, 44903358451113.0
1326182400, 39317649097197.0
1326268800, 39240617201191.0
1326355200, 36366015826160.0
1326441600, 41030825604850.0
1326528000, 34543077857340.0
1326614400, 27575157005743.0
1326700800, 43669537891899.0
1326787200, 44220141711936.0
1326873600, 37764976134686.0
1326960000, 40325847841870.0
1327046400, 36450109723348.0
1327132800, 30733025742482.0
1327219200, 27674044018380.0
1327305600, 28906715722846.0
1327392000, 38466563773518.0
1327478400, 42279605051998.0
1327564800, 42137733216918.0
1327651200, 36085230272307.0
1327737600, 25471326477645.0
1327824000, 35119284994048.0
1327910400, 33359567823981.0
1327996800, 34523770770441.0
1328083200, 43540761476840.0
1328169600, 37686917256432.0
1328256000, 38584942296659.0
1328342400, 36607134804009.0
1328428800, 34610309398566.0
1328515200, 32483976775656.0
1328601600, 32120267056031.0
1328688000, 30964922480306.0
1328774400, 27658301721628.0
1328860800, 32328686014982.0
1328947200, 45810121206539.0
1329033600, 32623693097371.0
1329120000, 42890809049058.0
1329206400, 135287586519127.0
1329292800, 134478408633407.0
1329379200, 160623808116305.0
1329465600, 98004444303906.0
1329552000, 70552475061388.0
1329638400, 39608170266535.0
1329724800, 43647004074009.0
1329811200, 39417899144082.0
1329897600, 78740571346345.0
1329984000, 69203248849830.0
1330070400, 58258902713827.0
1330156800, 42215379517133.0
1330243200, 34712638539905.0
1330329600, 37708727343213.0
1330416000, 37883763297874.0
1330502400, 33842194801077.0
1330588800, 66543780124576.0
1330675200, 56690222811298.0
1330761600, 38674874107678.0
1330848000, 68556411196859.0
1330934400, 38111399702191.0
1331020800, 36205409438237.0
1331107200, 38175159940418.0
1331193600, 52836763594015.0
1331280000, 59806139599002.0
1331366400, 39285566502514.0
1331452800, 43137120538153.0
1331535600, 60623397458425.0
1331622000, 53453192635423.0
1331708400, 61161660042619.0
1331794800, 49286421613991.0
1331881200, 50843202581875.0
1331967600, 46817956110728.0
1332054000, 37944964367049.0
1332140400, 45898889196710.0
1332226800, 50295442416673.0
1332313200, 51534402968795.0
1332399600, 76188151903758.0
1332486000, 89918183585715.0
1332572400, 82141776798612.0
1332658800, 42394986526912.0
1332745200, 53523813177191.0
1332831600, 57501841495218.0
1332918000, 69110076487548.0
1333004400, 120588806554553.0
1333090800, 98843435932902.0
1333177200, 88370163334359.0
1333263600, 62340457482711.0
1333350000, 70303214748597.0
1333436400, 82405965795344.0
1333522800, 76765914524911.0
1333609200, 94339150581974.0
1333695600, 59196154281166.0
1333782000, 34746478225752.0
1333868400, 126316047859292.0
1333954800, 164215544499027.0
1334041200, 83006656504133.0
1334127600, 151865598688216.0
1334214000, 128575393971700.0
1334300400, 83752790669124.0
1334386800, 99745843729218.0
1334473200, 127807863161439.0
1334559600, 161977203172945.0
1334646000, 113950717625959.0
1334732400, 103984007526414.0
1334818800, 69407967336616.0
1334905200, 286438957021574.0
1334991600, 122798395723726.0
1335078000, 95463825936698.0
1335164400, 78456059978637.0
1335250800, 74969344131401.0
1335337200, 101849521337456.0
1335423600, 185782646818449.0
1335510000, 146799692652653.0
1335596400, 88924739661441.0
1335682800, 98903558791801.0
1335769200, 110468906141341.0
1335855600, 109085028370891.0
1335942000, 108394056461852.0
1336028400, 121689806637058.0
1336114800, 112667424404413.0
1336201200, 120460083182307.0
1336287600, 65891972959948.0
1336374000, 219313172423816.0
1336460400, 389886981975069.0
1336546800, 235646956362576.0
1336633200, 120067355488417.0
1336719600, 153974673919502.0
1336806000, 320256487893094.0
1336892400, 150961859855857.0
1336978800, 230692508375251.0
1337065200, 374245293647653.0
1337151600, 343774303646577.0
1337238000, 345611618135476.0
1337324400, 187620640600932.0
1337410800, 123262002713791.0
1337497200, 201901875302653.0
1337583600, 381866769699198.0
1337670000, 406236455810710.0
1337756400, 180650940051700.0
1337842800, 112864865816397.0
1337929200, 243806735739354.0
1338015600, 483193595270128.0
1338102000, 202223762829637.0
1338188400, 213707619088823.0
1338274800, 316898541326641.0
1338361200, 239097027055624.0
1338447600, 479132062921271.0
1338534000, 296959876537252.0
1338620400, 199119405032235.0
1338706800, 173149236393936.0
1338793200, 464531315018125.0
1338879600, 453475543504066.0
1338966000, 250955433063773.0
1339052400, 484114367447144.0
1339138800, 546283952628186.0
1339225200, 139428235453371.0
1339311600, 329253617809462.0
1339398000, 304401395410026.0
1339484400, 258963592543866.0
1339570800, 243181284913368.0
1339657200, 483804559311461.0
1339743600, 346872251448145.0
1339830000, 390034919610111.0
1339916400, 141538394205679.0
1340002800, 251787083459767.0
1340089200, 211940277364751.0
1340175600, 171571533744386.0
1340262000, 104638610848540.0
1340348400, 227571150415203.0
1340434800, 302387281857643.0
1340521200, 189907640743994.0
1340607600, 181892314292780.0
1340694000, 172529161064174.0
1340780400, 198836530904521.0
1340866800, 347491156490419.0
1340953200, 252513074677270.0
1341039600, 139556769277079.0
1341126000, 134664764590640.0
1341212400, 119133614564764.0
1341298800, 144033134205712.0
1341385200, 227952686962571.0
1341471600, 201686467873391.0
1341558000, 138145822888506.0
1341644400, 412759719851498.0
1341730800, 82673509483476.0
1341817200, 213270321986048.0
1341903600, 217088038102155.0
1341990000, 115503908895928.0
1342076400, 139322553889003.0
1342162800, 247929288295531.0
1342249200, 247398839896959.0
1342335600, 136319976822155.0
1342422000, 211062476932534.0
1342508400, 253279522507513.0
1342594800, 159965531805740.0
1342681200, 122813222114948.0
1342767600, 164732217586346.0
1342854000, 238075993944703.0
1342940400, 171613698916439.0
1343026800, 217003404221182.0
1343113200, 175023793789610.0
1343199600, 102484492607084.0
1343286000, 231851604223192.0
1343372400, 218074683197966.0
1343458800, 174218222720634.0
1343545200, 110981268052587.0
1343631600, 97940196574373.0
1343718000, 297435870358371.0
1343804400, 227279516448478.0
1343890800, 179245302206516.0
1343977200, 143124018324971.0
1344063600, 141339437171065.0
1344150000, 197573542808808.0
1344236400, 199532180120204.0
1344322800, 196291429586961.0
1344409200, 166388880032216.0
1344495600, 145320080749878.0
1344582000, 168098628628401.0
1344668400, 157564126075243.0
1344754800, 161695222926342.0
1344841200, 188174397492387.0
1344927600, 151895317313662.0
1345014000, 178968595620369.0
1345100400, 207571164459994.0
1345186800, 278090316697827.0
1345273200, 215473538967630.0
1345359600, 593116823738053.0
1345446000, 959490458937627.0
1345532400, 548159872841163.0
1345618800, 775610455674526.0
1345705200, 763881571556488.0
1345791600, 1106410602122833.0
1345878000, 440053745329193.0
1345964400, 333159820629218.0
1346050800, 631708262540720.0
1346137200, 679652221263393.0
1346223600, 1470232379116506.0
1346310000, 1158511083095029.0
1346396400, 898290449159762.0
1346482800, 874689533763101.0
1346569200, 596812258787703.0
1346655600, 371402195590237.0
1346742000, 648479536690481.0
1346828400, 927778179154851.0
1346914800, 2187751726994189.0
1347001200, 1841182508005058.0
1347087600, 758428222254519.0
1347174000, 389943233500635.0
1347260400, 1888586963228873.0
1347346800, 2022860397655977.0
1347433200, 1084744367388216.0
1347519600, 2255453996289379.0
1347606000, 1803141729896179.0
1347692400, 692368750288295.0
1347778800, 1400837057998828.0
1347865200, 1306100116587795.0
1347951600, 1298446333163787.0
1348038000, 3132586637268023.0
1348124400, 1590840678653258.0
1348210800, 2590248429348125.0
1348297200, 1487405214283896.0
1348383600, 781661825846502.0
1348470000, 811704882714502.0
1348556400, 177741904686031.0
1348642800, 173774815454293.0
1348729200, 137910289735693.0
1348815600, 259823154346788.0
1348902000, 130261635849109.0
1348988400, 144002962690400.0
1349074800, 162507623660309.0
1349161200, 200673560108556.0
1349247600, 125963563462973.0
1349334000, 119576255084416.0
1349420400, 263551382825814.0
1349506800, 197778645727331.0
1349593200, 178709636611432.0
1349679600, 177653542793356.0
1349766000, 136421397951484.0
1349852400, 87914944370250.0
1349938800, 124630199893081.0
1350025200, 261281363628589.0
1350111600, 271146703917123.0
1350198000, 138664767021741.0
1350284400, 86468472271044.0
1350370800, 274899045137224.0
1350457200, 333476715764638.0
1350543600, 339792699333711.0
1350630000, 269284196944579.0
1350716400, 269574225752820.0
1350802800, 235472407009178.0
1350889200, 226765318340005.0
1350975600, 260754036586628.0
1351062000, 190459364145227.0
1351148400, 146286232735675.0
1351234800, 103802425427036.0
1351321200, 168659509497329.0
1351407600, 94188204006051.0
1351494000, 101549150227461.0
1351580400, 417012920392759.0
1351666800, 378701753769842.0
1351753200, 261551750342970.0
1351839600, 87843885825780.0
1351926000, 191272078146469.0
1352012400, 224753278993210.0
1352102400, 230274358858255.0
1352188800, 189593305798807.0
1352275200, 185432108802637.0
1352361600, 132998517617834.0
1352448000, 87190951198330.0
1352534400, 43862017661094.0
1352620800, 42349202004404.0
1352707200, 48557504480774.0
1352793600, 85436251473726.0
1352880000, 129984387689714.0
1352966400, 266108992961646.0
1353052800, 370450018719605.0
1353139200, 264867966983084.0
1353225600, 206400139020862.0
1353312000, 139156473868091.0
1353398400, 157279085565218.0
1353484800, 92669698992395.0
1353571200, 144243742491679.0
1353657600, 114004866387892.0
1353744000, 117901692178394.0
1353830400, 81045488274146.0
1353916800, 113476201787243.0
1354003200, 143109011406301.0
1354089600, 189126883720604.0
1354176000, 121083035709083.0
1354262400, 78965219251186.0
1354348800, 62852665333422.0
1354435200, 101207013393342.0
1354521600, 173224263318312.0
1354608000, 248915849724505.0
1354694400, 282165436638257.0
1354780800, 325929724735023.0
1354867200, 208319092737668.0
1354953600, 100826991790941.0
1355040000, 140670382278512.0
1355126400, 103745135443150.0
1355212800, 161401187208673.0
1355299200, 356419986566575.0
1355385600, 383901704932054.0
1355472000, 292841072691803.0
1355558400, 165736563905873.0
1355644800, 178251603883898.0
1355731200, 180083593773044.0
1355817600, 237297319565816.0
1355904000, 113727506654353.0
1355990400, 93576043120365.0
1356076800, 166490796552916.0
1356163200, 140290397916455.0
1356249600, 86943056806957.0
1356336000, 106597168812088.0
1356422400, 60480403036744.0
1356508800, 63240139727370.0
1356595200, 81454387854530.0
1356681600, 107661231170944.0
1356768000, 99409168600133.0
1356854400, 76460893940309.0
1356940800, 136998574192578.0
1357027200, 149197894556640.0
1357113600, 194729624272465.0
1357200000, 174204255488438.0
1357286400, 232853690418065.0
1357372800, 210034969785093.0
1357459200, 110123243963927.0
1357545600, 149263793861870.0
1357632000, 214794801943461.0
1357718400, 172021014844035.0
1357804800, 133511159088407.0
1357891200, 133234254265888.0
1357977600, 98052066549740.0
1358064000, 88611161361610.0
1358150400, 111969755223721.0
1358236800, 209281083530792.0
1358323200, 223503836427210.0
1358409600, 182892693799623.0
1358496000, 165510104212144.0
1358582400, 154271432995012.0
1358668800, 119963076251624.0
1358755200, 115275145753474.0
1358841600, 146369792007976.0
1358928000, 241336458271704.0
1359014400, 161694995832760.0
1359100800, 156434782846358.0
1359187200, 134417174612866.0
1359273600, 147181458888115.0
1359360000, 169034901613678.0
1359446400, 242669994863017.0
1359532800, 269207185630497.0
1359619200, 158939775430358.0
1359705600, 181367666738239.0
1359792000, 135402058299640.0
1359878400, 138916147991091.0
1359964800, 201253675877820.0
1360051200, 200630953281134.0
1360137600, 186060334300803.0
1360224000, 172871748548849.0
1360310400, 218971972664759.0
1360396800, 181628460361692.0
1360483200, 137056958929469.0
1360569600, 132824058315567.0
1360656000, 127385145832990.0
1360742400, 122105483556891.0
1360828800, 150236526186876.0
1360915200, 128543533982495.0
1361001600, 126820633584848.0
1361088000, 114551175715345.0
1361174400, 123682196972702.0
1361260800, 145640595953890.0
1361347200, 120083167776050.0
1361433600, 105013120155191.0
1361520000, 157872133242778.0
1361606400, 128368358685934.0
1361692800, 170748558272067.0
1361779200, 186980717198062.0
1361865600, 163316391339028.0
1361952000, 153717362018685.0
1362038400, 148585784081106.0
1362124800, 164785763740174.0
1362211200, 149620583929439.0
1362297600, 93411347281153.0
1362384000, 97904204453043.0
1362470400, 193881693461514.0
1362556800, 232392056609877.0
1362643200, 165953698910129.0
1362729600, 120913141497850.0
1362816000, 102415717879660.0
1362902400, 124173373357697.0
1362985200, 100749452407765.0
1363071600, 149193938320609.0
1363158000, 150596584316921.0
1363244400, 118898401285729.0
1363330800, 534641992604015.0
1363417200, 230784352784687.0
1363503600, 90123747858146.0
1363590000, 377085166442027.0
1363676400, 194470741755042.0
1363762800, 188821007549190.0
1363849200, 204188532310167.0
1363935600, 152008509044570.0
1364022000, 143844732985638.0
1364108400, 99563774768031.0
1364194800, 154499761120329.0
1364281200, 184886438706350.0
1364367600, 273810510623037.0
1364454000, 182670075781846.0
1364540400, 146044779390212.0
1364626800, 182318065779329.0
1364713200, 154093781770472.0
1364799600, 144906635097195.0
1364886000, 258851904728824.0
1364972400, 237132493158481.0
1365058800, 229266771146302.0
1365145200, 206245764162516.0
1365231600, 133326248737760.0
1365318000, 108958966350991.0
1365404400, 152879579372436.0
1365490800, 207953547011066.0
1365577200, 288039626020044.0
1365663600, 239999246603325.0
1365750000, 177410300022629.0
1365836400, 130630194481231.0
1365922800, 82556618263167.0
1366009200, 104983779441594.0
1366095600, 176974300004366.0
1366182000, 172355543593957.0
1366268400, 584687199114988.0
1366354800, 187386748113592.0
1366441200, 109771837236749.0
1366527600, 98321682537996.0
1366614000, 164976089058341.0
1366700400, 158019438896498.0
1366786800, 216436281202119.0
1366873200, 163734136884746.0
1366959600, 117946768214966.0
1367046000, 80826265652641.0
1367132400, 57946188215219.0
1367218800, 188955977936810.0
1367305200, 100334362821072.0
1367391600, 135072189140789.0
1367478000, 90730908502689.0
1367564400, 80930800395768.0
1367650800, 50468835518060.0
1367737200, 63818282988894.0
1367823600, 85840601516437.0
1367910000, 97383511901848.0
1367996400, 83209376268093.0
1368082800, 69539703847604.0
1368169200, 91518367662371.0
1368255600, 67512475254437.0
1368342000, 56256570280105.0
1368428400, 112209196565821.0
1368514800, 78433217756206.0
1368601200, 75279090709724.0
1368687600, 72346243963563.0
1368774000, 85344074993436.0
1368860400, 74821100918305.0
1368946800, 42354273131068.0
1369033200, 54066395540007.0
1369119600, 67448294953520.0
1369206000, 73807485908402.0
1369292400, 71234995497666.0
1369378800, 75974168136371.0
1369465200, 73565927249557.0
1369551600, 38869803030116.0
1369638000, 66660837383459.0
1369724400, 70568053129630.0
1369810800, 79366429455616.0
1369897200, 62958780974730.0
1369983600, 67861777825816.0
1370070000, 48557940437215.0
1370156400, 43187533858134.0
1370242800, 78044623647821.0
1370329200, 66163130104075.0
1370415600, 68133936436182.0
1370502000, 75393087858103.0
1370588400, 67814326756777.0
1370674800, 39903835574934.0
1370761200, 67516103028593.0
1370847600, 49054512994933.0
1370934000, 59833729085551.0
1371020400, 56203878004472.0
1371106800, 60755695460270.0
1371193200, 72248519017262.0
1371279600, 41538181084536.0
1371366000, 52068244185720.0
1371452400, 57884496411583.0
1371538800, 64322215566893.0
1371625200, 58260579761711.0
1371711600, 72860797476081.0
1371798000, 71279152819080.0
1371884400, 43502673211883.0
1371970800, 34038145436493.0
1372057200, 61005304229761.0
1372143600, 71728847123087.0
1372230000, 62716590033107.0
1372316400, 56488522137490.0
1372402800, 65991607973930.0
1372489200, 53254546654116.0
1372575600, 41430976170303.0
1372662000, 86894542662600.0
1372748400, 73582157437172.0
1372834800, 81746090623676.0
1372921200, 85493927471154.0
1373007600, 107456329069853.0
1373094000, 70058623953932.0
1373180400, 64388062695867.0
1373266800, 83767093076807.0
1373353200, 116090393136742.0
1373439600, 108516904960412.0
1373526000, 105847698655273.0
1373612400, 102150846964031.0
1373698800, 87701802426651.0
1373785200, 58227654718181.0
1373871600, 70281062608713.0
1373958000, 95137976854342.0
1374044400, 108093613767809.0
1374130800, 100589589493841.0
1374217200, 81943055143260.0
1374303600, 49592244695365.0
1374390000, 49677261056229.0
1374476400, 90333528944680.0
1374562800, 101248936703893.0
1374649200, 90764564023124.0
1374735600, 81196174657074.0
1374822000, 78833201116670.0
1374908400, 46160552506848.0
1374994800, 61890382383821.0
1375081200, 74785311950396.0
1375167600, 100710894707157.0
1375254000, 86376755968201.0
1375340400, 114730542498187.0
1375426800, 91346411090763.0
1375513200, 67676117403337.0
1375599600, 51065631129367.0
1375686000, 85166595787912.0
1375772400, 76080113250651.0
1375858800, 81343451731453.0
1375945200, 72544514820294.0
1376031600, 62156576822911.0
1376118000, 51705484332389.0
1376204400, 42955422934163.0
1376290800, 84738683412650.0
1376377200, 130158143854274.0
1376463600, 134189485326905.0
1376550000, 82152854958208.0
1376636400, 107358179579286.0
1376722800, 100628091829062.0
1376809200, 78771094068269.0
1376895600, 111510101969808.0
1376982000, 97222721300128.0
1377068400, 127563929731777.0
1377154800, 82354467662604.0
1377241200, 82642985849363.0
1377327600, 56793589376631.0
1377414000, 55565404702813.0
1377500400, 70768739288628.0
1377586800, 91029355172412.0
1377673200, 78425376024091.0
1377759600, 263915165022077.0
1377846000, 83164833488312.0
1377932400, 87872917397540.0
1378018800, 82338911545946.0
1378105200, 81392062096560.0
1378191600, 94978494032159.0
1378278000, 91217471338502.0
1378364400, 88724366114210.0
1378450800, 70158770539066.0
1378537200, 62956992945768.0
1378623600, 39816585045693.0
1378710000, 103076675658513.0
1378796400, 64537915046231.0
1378882800, 83168554403533.0
1378969200, 70312810109851.0
1379055600, 65423786521235.0
1379142000, 57212228329393.0
1379228400, 40350754815521.0
1379314800, 67826096673991.0
1379401200, 62761518539857.0
1379487600, 80699426975309.0
1379574000, 83388378123293.0
1379660400, 73430901587582.0
1379746800, 45207431344503.0
1379833200, 49521938307075.0
1379919600, 100105160133624.0
1380006000, 94907186535250.0
1380092400, 82728608765588.0
1380178800, 74555208081135.0
1380265200, 69011485160644.0
1380351600, 53343269920544.0
1380438000, 55412801529972.0
1380524400, 82677403666542.0
1380610800, 108807793612211.0
1380697200, 118707886445546.0
1380783600, 92703080085101.0
1380870000, 80217369072064.0
1380956400, 44874640709532.0
1381042800, 41930826642164.0
1381129200, 68859797994941.0
1381215600, 72028291211955.0
1381302000, 90468456095820.0
1381388400, 75323836409605.0
1381474800, 82954657661856.0
1381561200, 69790405513336.0
1381647600, 71263869297742.0
1381734000, 92079458641609.0
1381820400, 92450481325751.0
1381906800, 102274433727762.0
1381993200, 84737072772647.0
1382079600, 93757496508764.0
1382166000, 100734293202436.0
1382252400, 72275976074263.0
1382338800, 105919727414245.0
1382425200, 120762310464838.0
1382511600, 109072387398026.0
1382598000, 102910330278826.0
1382684400, 281746847749548.0
1382770800, 68676546939462.0
1382857200, 50980364888496.0
1382943600, 64571346709905.0
1383030000, 168642834703913.0
1383116400, 71709316009177.0
1383202800, 68526825298468.0
1383289200, 63684585321991.0
1383375600, 64924036489007.0
1383462000, 59381636349698.0
1383552000, 97406271460443.0
1383638400, 111552137805373.0
1383724800, 91664117447346.0
1383811200, 121166736430474.0
1383897600, 107153100672896.0
1383984000, 90039250001574.0
1384070400, 80125956811759.0
1384156800, 74827948955386.0
1384243200, 110903694013873.0
1384329600, 126748308227683.0
1384416000, 115502859400240.0
1384502400, 257646935807959.0
1384588800, 149100628339248.0
1384675200, 115820892269626.0
1384761600, 212418359639462.0
1384848000, 226913447189089.0
1384934400, 169034711982734.0
1385020800, 219297079045371.0
1385107200, 239321999735765.0
1385193600, 153332342331163.0
1385280000, 151887251146537.0
1385366400, 144927080265993.0
1385452800, 402849809525614.0
1385539200, 332386601382390.0
1385625600, 341856335385545.0
1385712000, 260292947680345.0
1385798400, 186675303376909.0
1385884800, 149445736330327.0
1385971200, 142449090497353.0
1386057600, 119003416224284.0
1386144000, 134881158234996.0
1386230400, 155046812636039.0
1386316800, 116360998917110.0
1386403200, 235774529020050.0
1386489600, 121950356891798.0
1386576000, 121671374314945.0
1386662400, 83753225770560.0
1386748800, 111375803415721.0
1386835200, 91505238521607.0
1386921600, 91450624302839.0
1387008000, 62022659435456.0
1387094400, 46264642936824.0
1387180800, 209281308685136.0
1387267200, 158664343811418.0
1387353600, 199682080611571.0
1387440000, 136402692505516.0
1387526400, 94032630787640.0
1387612800, 97763371922497.0
1387699200, 92040313949863.0
1387785600, 72223519379140.0
1387872000, 88652454996262.0
1387958400, 87821931375555.0
1388044800, 62043348358488.0
1388131200, 60601794495161.0
1388217600, 61429013532849.0
1388304000, 83753543182560.0
1388390400, 81465464256772.0
1388476800, 50829596411944.0
1388563200, 53898329208405.0
1388649600, 70929849271074.0
1388736000, 89778345737944.0
1388822400, 63510607557659.0
1388908800, 93442294384686.0
1388995200, 99784584904696.0
1389081600, 92486793332893.0
1389168000, 79904895488471.0
1389254400, 59751097757657.0
1389340800, 56935160949481.0
1389427200, 42502840182609.0
1389513600, 42154701466838.0
1389600000, 52974565716766.0
1389686400, 74900749994018.0
1389772800, 60563934324773.0
1389859200, 60527684818911.0
1389945600, 42618121767063.0
1390032000, 35788318006107.0
1390118400, 56707128780873.0
1390204800, 78443030257989.0
1390291200, 62210580791039.0
1390377600, 49307589637302.0
1390464000, 51279803151445.0
1390550400, 74787345749072.0
1390636800, 46378027367083.0
1390723200, 39912297836039.0
1390809600, 90724013009079.0
1390896000, 64836953701774.0
1390982400, 48552485479660.0
1391068800, 53118820260698.0
1391155200, 40919088423900.0
1391241600, 45266359863933.0
1391328000, 49268841578987.0
1391414400, 48242365230912.0
1391500800, 79313454175214.0
1391587200, 80021701393634.0
1391673600, 66462069767254.0
1391760000, 86739866475554.0
1391846400, 56945679196771.0
1391932800, 49117200215831.0
1392019200, 80209312476466.0
1392105600, 70141053870392.0
1392192000, 61925151890814.0
1392278400, 64630436054235.0
1392364800, 72912497503864.0
1392451200, 96364897871815.0
1392537600, 62865147444668.0
1392624000, 50552108463398.0
1392710400, 50122692225058.0
1392796800, 46103804781281.0
1392883200, 56335686145770.0
1392969600, 52182193313805.0
1393056000, 40181097190207.0
1393142400, 41533834789087.0
1393228800, 77619831304859.0
1393315200, 109110701552091.0
1393401600, 69746315692468.0
1393488000, 57879650160190.0
1393574400, 59317439460232.0
1393660800, 82443837584879.0
1393747200, 55530594336055.0
1393833600, 106874336684728.0
1393920000, 102680203411736.0
1394006400, 68829599493056.0
1394092800, 62931732733222.0
1394179200, 247077345865123.0
1394265600, 158583716619430.0
1394352000, 94717240397327.0
1394434800, 152168294650499.0
1394521200, 98820904639411.0
1394607600, 105879146765158.0
1394694000, 76785900982927.0
1394780400, 62870813596897.0
1394866800, 58526336531477.0
1394953200, 38923943818191.0
1395039600, 55555020544395.0
1395126000, 264563424142833.0
1395212400, 110710606244923.0
1395298800, 68438478191276.0
1395385200, 60356237772001.0
1395471600, 42092504319924.0
1395558000, 33743436970348.0
1395644400, 67580421028519.0
1395730800, 54807045049047.0
1395817200, 52141867611736.0
1395903600, 79296484340704.0
1395990000, 82770272146084.0
1396076400, 40186002409627.0
1396162800, 60159107378253.0
1396249200, 75053966590506.0
1396335600, 68709291288185.0
1396422000, 75586089754824.0
1396508400, 78900693231773.0
1396594800, 67052478136440.0
1396681200, 73165107988504.0
1396767600, 44364654863991.0
1396854000, 46799322988520.0
1396940400, 46005104219680.0
1397026800, 60662987726709.0
1397113200, 83222829364562.0
1397199600, 78503138965394.0
1397286000, 40502584533255.0
1397372400, 41539660189826.0
1397458800, 61841359795976.0
1397545200, 66958874259024.0
1397631600, 80897268648720.0
1397718000, 81406329799204.0
1397804400, 78166657231755.0
1397890800, 46009556668043.0
1397977200, 41910617338328.0
1398063600, 72699325944782.0
1398150000, 88631734717551.0
1398236400, 68023114710992.0
1398322800, 44225966606829.0
1398409200, 55790638545585.0
1398495600, 33882603162942.0
1398582000, 30465469931799.0
1398668400, 58284463626660.0
1398754800, 56335491173886.0
1398841200, 48861580573754.0
1398927600, 44904355572751.0
1399014000, 65871560190671.0
1399100400, 55739295987771.0
1399186800, 42886845303587.0
1399273200, 63359468157382.0
1399359600, 68740318809151.0
1399446000, 84007195687013.0
1399532400, 134923453233418.0
1399618800, 125509439227716.0
1399705200, 68008958598087.0
1399791600, 45002328192904.0
1399878000, 55388303268301.0
1399964400, 67833879486571.0
1400050800, 72909951838821.0
1400137200, 82665761641078.0
1400223600, 65174142521548.0
1400310000, 48662792486217.0
1400396400, 27397003906822.0
1400482800, 52941878619045.0
1400569200, 150013213561311.0
1400655600, 72429792357684.0
1400742000, 77391864020857.0
1400828400, 124750985330437.0
1400914800, 91543354923007.0
1401001200, 84111002373823.0
1401087600, 76075862632806.0
1401174000, 95181724944534.0
1401260400, 86928233918296.0
1401346800, 65971404511843.0
1401433200, 92971775612655.0
1401519600, 58813015985190.0
1401606000, 74269783493065.0
1401692400, 95228647300442.0
1401778800, 90699906589162.0
1401865200, 103439449351540.0
1401951600, 95075039134618.0
1402038000, 104943372248382.0
1402124400, 60654518485857.0
1402210800, 77239116230813.0
1402297200, 38937416804036.0
1402383600, 59539583750069.0
1402470000, 53389491034423.0
1402556400, 111144758093750.0
1402642800, 74663152725028.0
1402729200, 46063531326712.0
1402815600, 44701640928443.0
1402902000, 74126056149880.0
1402988400, 48343655138031.0
1403074800, 54968961393627.0
1403161200, 72357646392882.0
1403247600, 56314648638239.0
1403334000, 46192704674610.0
1403420400, 52804417488257.0
1403506800, 62338409521805.0
1403593200, 88238149503438.0
1403679600, 50331105008934.0
1403766000, 51332625097798.0
1403852400, 48761404597918.0
1403938800, 33902557116161.0
1404025200, 35285156286455.0
1404111600, 68628374754687.0
1404198000, 89155180631357.0
1404284400, 94400127971554.0
1404370800, 60488346454707.0
1404457200, 38993498650206.0
1404543600, 42194541946025.0
1404630000, 37370472160022.0
1404716400, 47031761042897.0
1404802800, 36888394723850.0
1404889200, 46738206926482.0
1404975600, 51764502380387.0
1405062000, 42373329769904.0
1405148400, 46936913350994.0
1405234800, 48260580662336.0
1405321200, 50873020658139.0
1405407600, 56483183003507.0
1405494000, 60250923647919.0
1405580400, 46801524890147.0
1405666800, 51442522187011.0
1405753200, 30809851656983.0
1405839600, 28390186916120.0
1405926000, 44846558673374.0
1406012400, 38510517693014.0
1406098800, 41465040002514.0
1406185200, 53698167749723.0
1406271600, 49581469960944.0
1406358000, 30923595871270.0
1406444400, 26154351479095.0
1406530800, 48994747987066.0
1406617200, 49508020147445.0
1406703600, 42068744959001.0
1406790000, 42750892249970.0
1406876400, 46586456069885.0
1406962800, 38935112384786.0
1407049200, 42122507732615.0
1407135600, 42882662552545.0
1407222000, 61899616276632.0
1407308400, 46545620366909.0
1407394800, 43389563626164.0
1407481200, 33883911798692.0
1407567600, 36248443458255.0
1407654000, 36313207338890.0
1407740400, 55906788981280.0
1407826800, 73782737338127.0
1407913200, 70843623007353.0
1407999600, 74726147033176.0
1408086000, 77148402249828.0
1408172400, 67398680538870.0
1408258800, 50223635661950.0
1408345200, 101662695052490.0
1408431600, 63140109070374.0
1408518000, 56401454617630.0
1408604400, 76992077825356.0
1408690800, 317469527841666.0
1408777200, 70459095998920.0
1408863600, 41557273288828.0
1408950000, 95196374400383.0
1409036400, 178849364968413.0
1409122800, 143934309698352.0
1409209200, 73329441630655.0
1409295600, 59379432411057.0
1409382000, 59796355773221.0
1409468400, 51576619778094.0
1409554800, 70806773216983.0
1409641200, 57426551033437.0
1409727600, 50233138738709.0
1409814000, 45197379110887.0
1409900400, 49405352591203.0
1409986800, 31633557487559.0
1410073200, 37233204635910.0
1410159600, 50209193304956.0
1410246000, 52318546901783.0
1410332400, 47243248560981.0
1410418800, 44945597513514.0
1410505200, 46199916477574.0
1410591600, 32972030279283.0
1410678000, 37067911657083.0
1410764400, 46387901168917.0
1410850800, 43478575789944.0
1410937200, 47737102960152.0
1411023600, 70408959029560.0
1411110000, 70920717472374.0
1411196400, 75442216470032.0
1411282800, 80187614256952.0
1411369200, 53953821290015.0
1411455600, 78811113708958.0
1411542000, 91277814480144.0
1411628400, 67908342249179.0
1411714800, 56414900442385.0
1411801200, 51908881413726.0
1411887600, 46455637494450.0
1411974000, 70438794967998.0
1412060400, 66687044143405.0
1412146800, 70094652412139.0
1412233200, 59933468962421.0
1412319600, 72769123507489.0
1412406000, 65357249962109.0
1412492400, 92815520103355.0
1412578800, 112989251005173.0
1412665200, 86304942366288.0
1412751600, 90444145202137.0
1412838000, 97453600414035.0
1412924400, 98512464011116.0
1413010800, 58516433641766.0
1413097200, 47390213031521.0
1413183600, 77790051694175.0
1413270000, 89250091076154.0
1413356400, 120385693518180.0
1413442800, 105572015899477.0
1413529200, 91535426177882.0
1413615600, 60156234266397.0
1413702000, 45405411803526.0
1413788400, 83030767791189.0
1413874800, 58171405288524.0
1413961200, 86664003909207.0
1414047600, 108748524245125.0
1414134000, 71110309046952.0
1414220400, 91476518954102.0
1414306800, 87357427316591.0
1414393200, 107529866765512.0
1414479600, 84397410086442.0
1414566000, 79963648799150.0
1414652400, 71446988371810.0
1414738800, 129262320016119.0
1414825200, 69583403218180.0
1414911600, 55199814639256.0
1415001600, 107766749614241.0
1415088000, 113714936067692.0
1415174400, 95858636540753.0
1415260800, 75579597081009.0
1415347200, 85952314999217.0
1415433600, 56635013012270.0
1415520000, 53638314642568.0
1415606400, 93747896746222.0
1415692800, 69887589920079.0
1415779200, 111507251062440.0
1415865600, 165651799417878.0
1415952000, 95433670359457.0
1416038400, 81175251685642.0
1416124800, 72790113754127.0
1416211200, 83843698664857.0
1416297600, 98386614596134.0
1416384000, 94012215663453.0
1416470400, 103933040716552.0
1416556800, 131926031279387.0
1416643200, 79059714972682.0
1416729600, 60042348273607.0
1416816000, 79839978861734.0
1416902400, 97048303113840.0
1416988800, 105262749186416.0
1417075200, 99788811838997.0
1417161600, 134860266606975.0
1417248000, 97888124965730.0
1417334400, 98057636342168.0
1417420800, 131022761941299.0
1417507200, 136954103599894.0
1417593600, 122156988021916.0
1417680000, 106751352941255.0
1417766400, 115941905330237.0
1417852800, 61700075264281.0
1417939200, 81972873553745.0
1418025600, 165431076733507.0
1418112000, 115323696245818.0
1418198400, 132489682686610.0
1418284800, 81606453954584.0
1418371200, 97300579475306.0
1418457600, 70393153514334.0
1418544000, 62002167712504.0
1418630400, 87793853720842.0
1418716800, 99114007151491.0
1418803200, 113164911339561.0
1418889600, 114942070418950.0
1418976000, 88814657157495.0
1419062400, 71684643794843.0
1419148800, 95354487903656.0
1419235200, 101248257618785.0
1419321600, 121404475227505.0
1419408000, 83057225051514.0
1419494400, 87132965320261.0
1419580800, 71155938353207.0
1419667200, 66039751811221.0
1419753600, 69579321276263.0
1419840000, 80035394737387.0
1419926400, 109688892261215.0
1420012800, 95254766887243.0
1420099200, 46875353947210.0
1420185600, 73222716280090.0
1420272000, 84079174294131.0
1420358400, 113401144060634.0
1420444800, 113848529082890.0
1420531200, 116781687733332.0
1420617600, 124495547004684.0
1420704000, 144488124169447.0
1420790400, 126061784104151.0
1420876800, 96838856048263.0
1420963200, 123889963290217.0
1421049600, 103301359831097.0
1421136000, 177745686680002.0
1421222400, 240598736630258.0
1421308800, 257791075284748.0
1421395200, 195479704755650.0
1421481600, 112974574009950.0
1421568000, 97531902258964.0
1421654400, 101077169369240.0
1421740800, 141574568120537.0
1421827200, 142933428011065.0
1421913600, 121035746145527.0
1422000000, 103166417610119.0
1422086400, 119800470007392.0
1422172800, 93929228231479.0
1422259200, 211789410454616.0
1422345600, 116899665802300.0
1422432000, 93108678451593.0
1422518400, 98424554756232.0
1422604800, 89227335362608.0
1422691200, 78470031124483.0
1422777600, 75661301280741.0
1422864000, 99421990329918.0
1422950400, 130382904235944.0
1423036800, 121666351026021.0
1423123200, 124908590271385.0
1423209600, 94215471120555.0
1423296000, 63070670895764.0
1423382400, 64213612003015.0
1423468800, 87170307977969.0
1423555200, 83789040533451.0
1423641600, 87576598125030.0
1423728000, 74091543935954.0
1423814400, 103864109712458.0
1423900800, 70593530010554.0
1423987200, 73644328019111.0
1424073600, 73515202965232.0
1424160000, 80228863612295.0
1424246400, 86024196956069.0
1424332800, 71166022688142.0
1424419200, 79359258128176.0
1424505600, 61637496936171.0
1424592000, 47450496532363.0
1424678400, 83220442714181.0
1424764800, 73376165300079.0
1424851200, 83042063234006.0
1424937600, 115467924584885.0
1425024000, 150819983557653.0
1425110400, 62880762662685.0
1425196800, 127122376133816.0
1425283200, 191881146900274.0
1425369600, 111927326762523.0
1425456000, 90093999478092.0
1425542400, 109269831564966.0
1425628800, 82728890054342.0
1425715200, 114194623395377.0
1425801600, 227495446698581.0
1425884400, 112708802113919.0
1425970800, 112961061806230.0
1426057200, 88992680506921.0
1426143600, 106285120747729.0
1426230000, 93996916210779.0
1426316400, 80308869263286.0
1426402800, 58027551293420.0
1426489200, 94237118345338.0
1426575600, 79138466797971.0
1426662000, 152788693420486.0
1426748400, 109902791564454.0
1426834800, 82892471982476.0
1426921200, 64876714884284.0
1427007600, 49462409466147.0
1427094000, 89588858690352.0
1427180400, 96293321272449.0
1427266800, 107417782554516.0
1427353200, 99048831611712.0
1427439600, 100965461350996.0
1427526000, 63668428461980.0
1427612400, 56026752548873.0
1427698800, 86486911591500.0
1427785200, 85328666465846.0
1427871600, 108131220885448.0
1427958000, 78747061514789.0
1428044400, 74173919857089.0
1428130800, 46617489008989.0
1428217200, 45658522120487.0
1428303600, 74463375912380.0
1428390000, 79841102042493.0
1428476400, 92143663759978.0
1428562800, 88929027054946.0
1428649200, 101846498026943.0
1428735600, 62907365068637.0
1428822000, 48292767354369.0
1428908400, 93249233185901.0
1428994800, 99352110255956.0
1429081200, 81738422474437.0
1429167600, 114218579844247.0
1429254000, 115528022381179.0
1429340400, 77862489332790.0
1429426800, 101139591346122.0
1429513200, 131319150913632.0
1429599600, 126783500982282.0
1429686000, 131327098687348.0
1429772400, 114223942380157.0
1429858800, 125448865835739.0
1429945200, 94200938806928.0
1430031600, 110496722295089.0
1430118000, 133996649215276.0
1430204400, 131484355055658.0
1430290800, 128331352130591.0
1430377200, 120293544150920.0
1430463600, 122270527915783.0
1430550000, 84113896688417.0
1430636400, 81467810220186.0
1430722800, 124921442018554.0
1430809200, 120922660023041.0
1430895600, 118366359710918.0
1430982000, 130595925215719.0
1431068400, 109458325404979.0
1431154800, 89116568002153.0
1431241200, 96488000293743.0
1431327600, 118581158695766.0
1431414000, 105343390828445.0
1431500400, 111678821233466.0
1431586800, 104556981015677.0
1431673200, 94603368571362.0
1431759600, 76683793263564.0
1431846000, 62492731679381.0
1431932400, 94303722176944.0
1432018800, 119752189333394.0
1432105200, 109778981749264.0
1432191600, 95182406553376.0
1432278000, 130616809834124.0
1432364400, 95258049243369.0
1432450800, 72633215597192.0
1432537200, 94462818990990.0
1432623600, 101280184028888.0
1432710000, 115536488129660.0
1432796400, 101308077031102.0
1432882800, 108304447060875.0
1432969200, 91067775513526.0
1433055600, 93948163423064.0
1433142000, 151163892557009.0
1433228400, 142761434935346.0
1433314800, 137189278793740.0
1433401200, 124186024917246.0
1433487600, 144794209170958.0
1433574000, 106792286044114.0
1433660400, 98592818279053.0
1433746800, 112964987868464.0
1433833200, 128004033589124.0
1433919600, 131588514684613.0
1434006000, 127093458421704.0
1434092400, 136657423232874.0
1434178800, 105904101432132.0
1434265200, 131442118751773.0
1434351600, 148828147796614.0
1434438000, 188233197802567.0
1434524400, 189666199324701.0
1434610800, 147072901722773.0
1434697200, 186273865546469.0
1434783600, 110687927677128.0
1434870000, 98202837256650.0
1434956400, 111646180818952.0
1435042800, 115917786445754.0
1435129200, 115179427080249.0
1435215600, 95482527331346.0
1435302000, 152330349053893.0
1435388400, 126885397409763.0
1435474800, 82596895034030.0
1435561200, 133449709747369.0
1435647600, 167024860002074.0
1435734000, 130737746519544.0
1435820400, 134667549059166.0
1435906800, 125685734846538.0
1435993200, 93180351253213.0
1436079600, 114811874315310.0
1436166000, 151522332559107.0
1436252400, 125201795388023.0
1436338800, 127870182290422.0
1436425200, 132755534796364.0
1436511600, 184625152774275.0
1436598000, 128213221166235.0
1436684400, 126505014335520.0
1436770800, 137799323669711.0
1436857200, 130109415916548.0
1436943600, 127882669611876.0
1437030000, 141138025805183.0
1437116400, 119619821992371.0
1437202800, 91267278234174.0
1437289200, 74166731924929.0
1437375600, 102103540134784.0
1437462000, 107209257105595.0
1437548400, 106678186979559.0
1437634800, 114772309458962.0
1437721200, 123747571992339.0
1437807600, 77515506955406.0
1437894000, 60570115915549.0
1437980400, 102338728472386.0
1438066800, 122571279994698.0
1438153200, 112486287126056.0
1438239600, 104577138149004.0
1438326000, 103653320835002.0
1438412400, 79512804576656.0
1438498800, 65297145225527.0
1438585200, 103923801036461.0
1438671600, 119033555150663.0
1438758000, 125188195199382.0
1438844400, 116478209964292.0
1438930800, 113524796613394.0
1439017200, 126064404190664.0
1439103600, 124391131982422.0
1439190000, 125273705403442.0
1439276400, 118995900416973.0
1439362800, 136733717584128.0
1439449200, 147699721235010.0
1439535600, 139673376104885.0
1439622000, 105160112839156.0
1439708400, 110299214464067.0
1439794800, 153469841447352.0
1439881200, 183800614031516.0
1439967600, 167200019389037.0
1440054000, 161404440955466.0
1440140400, 144306266057510.0
1440226800, 129852028880768.0
1440313200, 105427688783656.0
1440399600, 204476255924103.0
1440486000, 209068239652463.0
1440572400, 160266508233333.0
1440658800, 152136430173592.0
1440745200, 169674570956622.0
1440831600, 97060320765135.0
1440918000, 79637296793320.0
1441004400, 128920302631433.0
1441090800, 145018935933634.0
1441177200, 142076040373926.0
1441263600, 124442845717280.0
1441350000, 112620763630026.0
1441436400, 92767144731115.0
1441522800, 97459022205547.0
1441609200, 103744943822172.0
1441695600, 140575572524582.0
1441782000, 132266748972444.0
1441868400, 138852981261104.0
1441954800, 122916628666882.0
1442041200, 79219470143881.0
1442127600, 85728468697763.0
1442214000, 127480236453356.0
1442300400, 132880824684986.0
1442386800, 144770335135686.0
1442473200, 131355011067816.0
1442559600, 129418943775994.0
1442646000, 110384171048611.0
1442732400, 92133993116026.0
1442818800, 162634688548079.0
1442905200, 150930154905111.0
1442991600, 127511138661954.0
1443078000, 121883938380385.0
1443164400, 137761343558706.0
1443250800, 103172286317704.0
1443337200, 76230797362298.0
1443423600, 149894232585883.0
1443510000, 170823225344776.0
1443596400, 142795531671063.0
1443682800, 159427351700912.0
1443769200, 173693617324965.0
1443855600, 101463364625697.0
1443942000, 87592170145288.0
1444028400, 137604646078868.0
1444114800, 174689378552007.0
1444201200, 146728793117194.0
1444287600, 202449303942357.0
1444374000, 128557608755692.0
1444460400, 120236083765817.0
1444546800, 98435427152275.0
1444633200, 142059710122915.0
1444719600, 168683309401906.0
1444806000, 171237926801327.0
1444892400, 198842269847142.0
1444978800, 185042922716790.0
1445065200, 152865121646131.0
1445151600, 107854997247945.0
1445238000, 148602103871472.0
1445324400, 157107720841233.0
1445410800, 141503064167153.0
1445497200, 157889106109877.0
1445583600, 145753256793875.0
1445670000, 136669517100088.0
1445756400, 142012121900680.0
1445842800, 155755562343750.0
1445929200, 184185110119850.0
1446015600, 201830080739473.0
1446102000, 235002892719132.0
1446188400, 257036249573105.0
1446274800, 185973545598104.0
1446361200, 172897313519118.0
1446451200, 257733399727873.0
1446537600, 366425798200513.0
1446624000, 1105797693370931.0
1446710400, 372938769000474.0
1446796800, 280117294753550.0
1446883200, 227025738568465.0
1446969600, 195196157118544.0
1447056000, 307751109458104.0
1447142400, 294952374403397.0
1447228800, 340660913001863.0
1447315200, 300933015856211.0
1447401600, 285981565289682.0
1447488000, 310180195660264.0
1447574400, 217409597076590.0
1447660800, 267788697569288.0
1447747200, 194182900236853.0
1447833600, 181839525050335.0
1447920000, 204415995053836.0
1448006400, 223496979231177.0
1448092800, 148600749553139.0
1448179200, 114363017193178.0
1448265600, 134645536631821.0
1448352000, 144378347092553.0
1448438400, 188676052768574.0
1448524800, 212111166622834.0
1448611200, 217887603913418.0
1448697600, 196358613133985.0
1448784000, 138529260486472.0
1448870400, 245683195721292.0
1448956800, 248656289115708.0
1449043200, 275205229252490.0
1449129600, 208229217662109.0
1449216000, 267926533762503.0
1449302400, 491150215166979.0
1449388800, 548813903169665.0
1449475200, 319831765567795.0
1449561600, 300897609545382.0
1449648000, 394792992032884.0
1449734400, 324590297782918.0
1449820800, 377613177971594.0
1449907200, 336285245151952.0
1449993600, 520797668872467.0
1450080000, 484977981151321.0
1450166400, 435846470059666.0
1450252800, 443109160023883.0
1450339200, 417840335579944.0
1450425600, 406156368894738.0
1450512000, 387903119974418.0
1450598400, 394509058390042.0
1450684800, 531822710857971.0
1450771200, 479557296043857.0
1450857600, 448875724276041.0
1450944000, 468492776032665.0
1451030400, 391327287646014.0
1451116800, 269965545846315.0
1451203200, 144742101650303.0
1451289600, 215230907587046.0
1451376000, 215784157135711.0
1451462400, 229338481854435.0
1451548800, 116259762619319.0
1451635200, 95748133860626.0
1451721600, 103791980702220.0
1451808000, 89854795905675.0
1451894400, 106706838641880.0
1451980800, 139259919758624.0
1452067200, 133749690880526.0
1452153600, 160657386367237.0
1452240000, 119555172997421.0
1452326400, 84953215428726.0
1452412800, 116085993187497.0
1452499200, 182415077178995.0
1452585600, 128039596688163.0
1452672000, 140953989068399.0
1452758400, 122852394450483.0
1452844800, 172831276958045.0
1452931200, 147391485920086.0
1453017600, 1035818068754244.0
1453104000, 946215327350625.0
1453190400, 880462911109532.0
1453276800, 396710106612386.0
1453363200, 526698597493337.0
1453449600, 771767982261773.0
1453536000, 2976814546906890.0
1453622400, 6735430337141944.0
1453708800, 1736746623097428.0
1453795200, 1039431461062297.0
1453881600, 1389609457514606.0
1453968000, 608436944543765.0
1454054400, 717547821655676.0
1454140800, 342246324380961.0
1454227200, 170447193934913.0
1454313600, 535356941784905.0
1454400000, 381860254542663.0
1454486400, 157734614794524.0
1454572800, 248517249065863.0
1454659200, 348772317900856.0
1454745600, 313789180174804.0
1454832000, 304171826933026.0
1454918400, 262915667830222.0
1455004800, 222583223531665.0
1455091200, 264604809174111.0
1455177600, 265768920097641.0
1455264000, 266520864134865.0
1455350400, 259826828923706.0
1455436800, 277893877073495.0
1455523200, 388047186323391.0
1455609600, 396677218243644.0
1455696000, 398489283773010.0
1455782400, 385244844859633.0
1455868800, 478215468657169.0
1455955200, 413172957801993.0
1456041600, 419894552375461.0
1456128000, 446164010569611.0
1456214400, 396277345320106.0
1456300800, 366939331000934.0
1456387200, 309584103048889.0
1456473600, 328607511194331.0
1456560000, 253052651953432.0
1456646400, 848629293903162.0
1456732800, 992470654607893.0
1456819200, 1100361497886869.0
1456905600, 571620912695653.0
1456992000, 352860892765596.0
1457078400, 746141216075884.0
1457164800, 1951521628360658.0
1457251200, 201170587655477.0
1457337600, 290005167409838.0
1457424000, 231108487449720.0
1457510400, 206542429087185.0
1457596800, 243973162911103.0
1457683200, 236418104728926.0
1457769600, 182989906284727.0
1457856000, 162125999444429.0
1457938800, 241646922500185.0
1458025200, 317795903758804.0
1458111600, 1334393637540757.0
1458198000, 798472977627056.0
1458284400, 523944510760423.0
1458370800, 219018307291341.0
1458457200, 177344903632754.0
1458543600, 204157770603486.0
1458630000, 223503230981488.0
1458716400, 206683688775601.0
1458802800, 228666922964899.0
1458889200, 211323861883869.0
1458975600, 150513249050789.0
1459062000, 173705795705791.0
1459148400, 208641765634964.0
1459234800, 211633557329461.0
1459321200, 203213757179495.0
1459407600, 218891591051542.0
1459494000, 218148910641936.0
1459580400, 175876506294308.0
1459666800, 156162797313436.0
1459753200, 213211088507798.0
1459839600, 225774457700312.0
1459926000, 239738226260875.0
1460012400, 273979939498317.0
1460098800, 272805514345433.0
1460185200, 224900268577770.0
1460271600, 200505524206949.0
1460358000, 257123848109363.0
1460444400, 349558000077188.0
1460530800, 321881219489477.0
1460617200, 296483921267847.0
1460703600, 382221779648834.0
1460790000, 305167278756777.0
1460876400, 261926239434023.0
1460962800, 396245669354227.0
1461049200, 370599750688857.0
1461135600, 407738051886435.0
1461222000, 503318876173016.0
1461308400, 529088316457524.0
1461394800, 342625169739954.0
1461481200, 222386959472047.0
1461567600, 271938588902636.0
1461654000, 277013673431053.0
1461740400, 248505122430106.0
1461826800, 269600730991093.0
1461913200, 252244420247280.0
1461999600, 189976644961192.0
1462086000, 187950959913172.0
1462172400, 245068778288665.0
1462258800, 227386003890545.0
1462345200, 227667125020778.0
1462431600, 216162179433209.0
1462518000, 232125550011312.0
1462604400, 189368936014910.0
1462690800, 162383087948788.0
1462777200, 206230688266356.0
1462863600, 221191167398541.0
1462950000, 251017468513659.0
1463036400, 229541438032214.0
1463122800, 257778101106013.0
1463209200, 191055281003982.0
1463295600, 204279705916131.0
1463382000, 268873883398478.0
1463468400, 270381991509472.0
1463554800, 225019207043046.0
1463641200, 254443112892336.0
1463727600, 213459969177595.0
1463814000, 157845614886437.0
1463900400, 151237966885889.0
1463986800, 213631256336803.0
1464073200, 251470115828523.0
1464159600, 334103790462699.0
1464246000, 358424558541593.0
1464332400, 412411420189379.0
1464418800, 366552535247352.0
1464505200, 274085908647322.0
1464591600, 224840636842614.0
1464678000, 256141997723386.0
1464764400, 235196705419546.0
1464850800, 234260849726503.0
1464937200, 193899017388676.0
1465023600, 149359527664076.0
1465110000, 183198803548366.0
1465196400, 196419818425340.0
1465282800, 212237593883511.0
1465369200, 200417970546409.0
1465455600, 209520793460922.0
1465542000, 230181195545437.0
1465628400, 189457634458660.0
1465714800, 283153869084227.0
1465801200, 275734667011431.0
1465887600, 235679152231669.0
1465974000, 229985685704804.0
1466060400, 279629572029410.0
1466146800, 277446508796198.0
1466233200, 234008659484691.0
1466319600, 201149698884978.0
1466406000, 264756848398107.0
1466492400, 284954725253714.0
1466578800, 271226367560064.0
1466665200, 315934064339527.0
1466751600, 279572567770019.0
1466838000, 212158298353539.0
1466924400, 179142003146528.0
1467010800, 217009179897419.0
1467097200, 186576106385133.0
1467183600, 198855127082552.0
1467270000, 208488076119618.0
1467356400, 201171367178106.0
1467442800, 215150229902411.0
1467529200, 173708584009891.0
1467615600, 259956895010456.0
1467702000, 205474390302967.0
1467788400, 203963704309725.0
1467874800, 283053213542541.0
1467961200, 229069194190389.0
1468047600, 189122292486778.0
1468134000, 152298968799839.0
1468220400, 222445795194936.0
1468306800, 231412838521403.0
1468393200, 225357981889682.0
1468479600, 209726992917887.0
1468566000, 334941114443499.0
1468652400, 196591849664543.0
1468738800, 205530659991924.0
1468825200, 225540784442382.0
1468911600, 253914556392858.0
1468998000, 245691748286132.0
1469084400, 220737988049399.0
1469170800, 242130620175058.0
1469257200, 183461275600814.0
1469343600, 184666491968394.0
1469430000, 192785704675701.0
1469516400, 231058041755708.0
1469602800, 251546955689173.0
1469689200, 246061293581530.0
1469775600, 213987912046977.0
1469862000, 187853169123546.0
1469948400, 185856433696221.0
1470034800, 172683089065966.0
1470121200, 352207609522781.0
1470207600, 247809216795296.0
1470294000, 300467478012408.0
1470380400, 229156735181081.0
1470466800, 151681265860045.0
1470553200, 187574871621700.0
1470639600, 197124514071842.0
1470726000, 222226786115351.0
1470812400, 217092949399166.0
1470898800, 225485517260141.0
1470985200, 192449213278677.0
1471071600, 204909291864336.0
1471158000, 171656943644686.0
1471244400, 207713022974418.0
1471330800, 273195830621631.0
1471417200, 199980795612005.0
1471503600, 232779280487518.0
1471590000, 237704779111283.0
1471676400, 209722339722782.0
1471762800, 133890957673910.0
1471849200, 198474067919830.0
1471935600, 209078599723595.0
1472022000, 209871258072258.0
1472108400, 213280399048354.0
1472194800, 209278060537505.0
1472281200, 146456162205711.0
1472367600, 130222163494112.0
1472454000, 171422063370491.0
1472540400, 181469481156346.0
1472626800, 177755792231963.0
1472713200, 178367809397104.0
1472799600, 159513429340229.0
1472886000, 130842492080702.0
1472972400, 116063275421504.0
1473058800, 171368150703508.0
1473145200, 160089341987835.0
1473231600, 160374119003796.0
1473318000, 162688030093212.0
1473404400, 175092290957102.0
1473490800, 147803497617189.0
1473577200, 150661998466324.0
1473663600, 167225849155227.0
1473750000, 198190752996849.0
1473836400, 189761661809998.0
1473922800, 156454018509611.0
1474009200, 188095209103412.0
1474095600, 147550956483543.0
1474182000, 162646670879886.0
1474268400, 207470800794685.0
1474354800, 226856727211901.0
1474441200, 186749460631729.0
1474527600, 232667402803470.0
1474614000, 225337747809898.0
1474700400, 201918495092598.0
1474786800, 185182656692238.0
1474873200, 227815560187445.0
1474959600, 173765031426221.0
1475046000, 254568905698079.0
1475132400, 183885192448833.0
1475218800, 246431241000339.0
1475305200, 153612418253851.0
1475391600, 142039518081810.0
1475478000, 199272740504124.0
1475564400, 190679115251349.0
1475650800, 230284329977647.0
1475737200, 229172500663057.0
1475823600, 236816659961457.0
1475910000, 237697588288046.0
1475996400, 269821213166017.0
1476082800, 258591732208802.0
1476169200, 286403924135101.0
1476255600, 269114930440773.0
1476342000, 208816119223908.0
1476428400, 202140906019789.0
1476514800, 340810566958182.0
1476601200, 246111597557144.0
1476687600, 188707093736659.0
1476774000, 250910868066043.0
1476860400, 193792586409969.0
1476946800, 246564496871900.0
1477033200, 317235553479678.0
1477119600, 135149321842690.0
1477206000, 187789651694899.0
1477292400, 373694223494067.0
1477378800, 310800683436674.0
1477465200, 216115514747220.0
1477551600, 349214135920222.0
1477638000, 156483296989642.0
1477724400, 150322475170966.0
1477810800, 134223497455331.0
1477897200, 180619377652676.0
1477983600, 184644978255955.0
1478070000, 478147441264023.0
1478156400, 681750278508207.0
1478242800, 589089001915306.0
1478329200, 580360583192715.0
1478415600, 539876386749873.0
1478505600, 447046595385469.0
1478592000, 349774519994558.0
1478678400, 269465810429461.0
1478764800, 175990900427501.0
1478851200, 139560656764894.0
1478937600, 95006993175984.0
1479024000, 111937369876735.0
1479110400, 154725134937591.0
1479196800, 175958223380650.0
1479283200, 195646828854499.0
1479369600, 160409450628332.0
1479456000, 160592195574594.0
1479542400, 111938203027167.0
1479628800, 116160941213045.0
1479715200, 156026171993762.0
1479801600, 171182246950454.0
1479888000, 172343970294708.0
1479974400, 187055483657030.0
1480060800, 146506739633130.0
1480147200, 120419318486174.0
1480233600, 95071826391209.0
1480320000, 151472419163008.0
1480406400, 141008488192302.0
1480492800, 136666038859260.0
1480579200, 151328075387222.0
1480665600, 178451118013590.0
1480752000, 123516195219588.0
1480838400, 91634142138662.0
1480924800, 172122267250402.0
1481011200, 165141471147095.0
1481097600, 154789089333649.0
1481184000, 142523629620903.0
1481270400, 152601712753924.0
1481356800, 117074474867142.0
1481443200, 106066365452387.0
1481529600, 169264028050420.0
1481616000, 156623261036767.0
1481702400, 165583379460135.0
1481788800, 204718630565281.0
1481875200, 188387769280813.0
1481961600, 132132589500423.0
1482048000, 141167289554392.0
1482134400, 184173849161003.0
1482220800, 193920133163210.0
1482307200, 285153434417440.0
1482393600, 245918960192818.0
1482480000, 263379622254997.0
1482566400, 152663441658269.0
1482652800, 109447933657708.0
1482739200, 151303704037673.0
1482825600, 224200972892466.0
1482912000, 206368969191721.0
1482998400, 178184182843875.0
1483084800, 220763667870298.0
1483171200, 137930887090979.0
1483257600, 108434088487883.0
1483344000, 157398161537318.0
1483430400, 195052535497193.0
1483516800, 248203782084992.0
1483603200, 299821511154760.0
1483689600, 310065230632102.0
1483776000, 215294455351852.0
1483862400, 167999529932851.0
1483948800, 209537905522492.0
1484035200, 235932555048213.0
1484121600, 398033005363409.0
1484208000, 352172414320336.0
1484294400, 236173955816023.0
1484380800, 150032171960315.0
1484467200, 172512555521011.0
1484553600, 208794054585890.0
1484640000, 231074048936348.0
1484726400, 193511659199942.0
1484812800, 260389511021261.0
1484899200, 258841422285190.0
1484985600, 153346323287317.0
1485072000, 113572693181573.0
1485158400, 152281566754360.0
1485244800, 195607313571153.0
1485331200, 193067763619008.0
1485417600, 211317540297524.0
1485504000, 180025617837771.0
1485590400, 124936225322997.0
1485676800, 137585761441293.0
1485763200, 146218122228703.0
1485849600, 179176877982267.0
1485936000, 207894861654927.0
1486022400, 185168566567972.0
1486108800, 243829266080767.0
1486195200, 211886457790251.0
1486281600, 180024844228853.0
1486368000, 167940241655712.0
1486454400, 203890352207676.0
1486540800, 195982610628621.0
1486627200, 319701887218550.0
1486713600, 274407481923349.0
1486800000, 141814239805423.0
1486886400, 95499956756781.0
1486972800, 159107464555236.0
1487059200, 192516997318271.0
1487145600, 175034768364851.0
1487232000, 298648093924544.0
1487318400, 250194595773614.0
1487404800, 124855685912769.0
1487491200, 141925529316553.0
1487577600, 156127791468099.0
1487664000, 175414840967314.0
1487750400, 254890403381841.0
1487836800, 334295848696884.0
1487923200, 191995253574806.0
1488009600, 123321415529548.0
1488096000, 112810026650729.0
1488182400, 188122305020547.0
1488268800, 195477873833876.0
1488355200, 249383606705258.0
1488441600, 274200335844942.0
1488528000, 455836840204178.0
1488614400, 197419490352166.0
1488700800, 123277074083629.0
1488787200, 191537895980437.0
1488873600, 209991894173590.0
1488960000, 252273484456735.0
1489046400, 569954552327675.0
1489132800, 275169190466803.0
1489219200, 165125617430034.0
1489305600, 120185926650813.0
1489388400, 208977002013271.0
1489474800, 270306385043817.0
1489561200, 227479915523190.0
1489647600, 331634404046344.0
1489734000, 312226297578238.0
1489820400, 259933428131555.0
1489906800, 634523935675561.0
1489993200, 329657500979041.0
1490079600, 620092772223978.0
1490166000, 524010886225039.0
1490252400, 237945803192202.0
1490338800, 387625675352733.0
1490425200, 335956098986217.0
1490511600, 177268727305650.0
1490598000, 233711733448516.0
1490684400, 233220531071153.0
1490770800, 181214784262912.0
1490857200, 216478974479870.0
1490943600, 357384896368438.0
1491030000, 285960575588997.0
1491116400, 402630873617334.0
1491202800, 416324021378063.0
1491289200, 247660349839915.0
1491375600, 229566084994726.0
1491462000, 204537519459594.0
1491548400, 589322018629370.0
1491634800, 983813684090639.0
1491721200, 151237172667516.0
1491807600, 207778189695055.0
1491894000, 202463220661539.0
1491980400, 206843588265545.0
1492066800, 214322800545793.0
1492153200, 221616837031121.0
1492239600, 161034730360734.0
1492326000, 190257009487092.0
1492412400, 245180509494566.0
1492498800, 245642095456165.0
1492585200, 217669598998885.0
1492671600, 222275811604672.0
1492758000, 233905235665688.0
1492844400, 174620931232687.0
1492930800, 157794229954599.0
1493017200, 194079963446908.0
1493103600, 324684006083126.0
1493190000, 242975395319411.0
1493276400, 263689344726295.0
1493362800, 245447432371981.0
1493449200, 208597314816435.0
1493535600, 178643298478772.0
1493622000, 250900484642654.0
1493708400, 253169430522707.0
1493794800, 262555183579823.0
1493881200, 289242885815552.0
1493967600, 286331631076466.0
1494054000, 271325708179427.0
1494140400, 221332670430991.0
1494226800, 387721560055789.0
1494313200, 316251725139167.0
1494399600, 387476978499676.0
1494486000, 304375315753014.0
1494572400, 307303769219196.0
1494658800, 301015761381839.0
1494745200, 254565641773740.0
1494831600, 310370208604010.0
1494918000, 279912921608075.0
1495004400, 404647913624030.0
1495090800, 321022594467341.0
1495177200, 294576368201335.0
1495263600, 280408467104612.0
1495350000, 231282337124224.0
1495436400, 332379986455850.0
1495522800, 411295388938068.0
1495609200, 358818652070526.0
1495695600, 353088492877660.0
1495782000, 280463598055144.0
1495868400, 265737795140450.0
1495954800, 278654606826741.0
1496041200, 252512896458489.0
1496127600, 382643014816413.0
1496214000, 333041162442271.0
1496300400, 335741123059463.0
1496386800, 292880854262625.0
1496473200, 323390907777391.0
1496559600, 348627516396496.0
1496646000, 325952868113647.0
1496732400, 254567765511058.0
1496818800, 263080840539208.0
1496905200, 239558920058031.0
1496991600, 259662109418937.0
1497078000, 244911861011924.0
1497164400, 230153423117236.0
1497250800, 289353897091800.0
1497337200, 333282804807174.0
1497423600, 326687363574763.0
1497510000, 306642590119852.0
1497596400, 344863412057126.0
1497682800, 233818594032216.0
1497769200, 226331785615952.0
1497855600, 307176911867120.0
1497942000, 301844473833646.0
1498028400, 362557187080050.0
1498114800, 326716142806557.0
1498201200, 240175551512493.0
1498287600, 225417519625060.0
1498374000, 186842904665603.0
1498460400, 377941889569924.0
1498546800, 277020870309384.0
1498633200, 282396612788099.0
1498719600, 318663515883391.0
1498806000, 347503363820546.0
1498892400, 231643473344175.0
1498978800, 179963214846133.0
1499065200, 283203460303896.0
1499151600, 228634330467359.0
1499238000, 251398723811052.0
1499324400, 221584859138750.0
1499410800, 245374107715304.0
1499497200, 269973877099774.0
1499583600, 236759682138480.0
1499670000, 326908045651825.0
1499756400, 289654904491078.0
1499842800, 263144567662563.0
1499929200, 251629999475323.0
1500015600, 260179987911100.0
1500102000, 195857371804338.0
1500188400, 203526869111756.0
1500274800, 265803561301638.0
1500361200, 265376696798901.0
1500447600, 250936582786204.0
1500534000, 244321100041247.0
1500620400, 226427448135723.0
1500706800, 179308827485509.0
1500793200, 160032365108757.0
1500879600, 239346660029161.0
1500966000, 733625631276614.0
1501052400, 370492886247153.0
1501138800, 248125608559528.0
1501225200, 420387208972441.0
1501311600, 413454202443456.0
1501398000, 886622252448205.0
1501484400, 294740279044772.0
1501570800, 263379815211866.0
1501657200, 282042845897889.0
1501743600, 213322707862100.0
1501830000, 232971615325999.0
1501916400, 195860278141455.0
1502002800, 175985047466035.0
1502089200, 235991957315269.0
1502175600, 270000025991305.0
1502262000, 242317559803590.0
1502348400, 283504293782607.0
1502434800, 322999964436041.0
1502521200, 241452111750102.0
1502607600, 224347926248676.0
1502694000, 282218704217318.0
1502780400, 267910622240755.0
1502866800, 295498544512964.0
1502953200, 279088055218694.0
1503039600, 266927900876073.0
1503126000, 235258993866989.0
1503212400, 178355884045680.0
1503298800, 249799470442613.0
1503385200, 184321752772626.0
1503471600, 236381952862018.0
1503558000, 164868654018430.0
1503644400, 141945776485436.0
1503730800, 140289259232257.0
1503817200, 128515042558278.0
1503903600, 172045817982114.0
1503990000, 195831330089661.0
1504076400, 163867981694412.0
1504162800, 178935567612996.0
1504249200, 180244092605982.0
1504335600, 158030584700538.0
1504422000, 142495324126513.0
1504508400, 242075339615032.0
1504594800, 649315003892282.0
1504681200, 252044676902912.0
1504767600, 223311227531996.0
1504854000, 216832569503364.0
1504940400, 184974679844090.0
1505026800, 162322004883032.0
1505113200, 269200549771615.0
1505199600, 243094186072376.0
1505286000, 283121288400122.0
1505372400, 320014508440588.0
1505458800, 353461248517044.0
1505545200, 224064689363325.0
1505631600, 173887487850994.0
1505718000, 233395729425100.0
1505804400, 192328460539094.0
1505890800, 193958686406499.0
1505977200, 193272758934145.0
1506063600, 187533522969155.0
1506150000, 131450808040989.0
1506236400, 111927697011702.0
1506322800, 199568492139961.0
1506409200, 209340699110012.0
1506495600, 216898457933849.0
1506582000, 230285110096500.0
1506668400, 196068274712834.0
1506754800, 166094091986021.0
1506841200, 143910925509961.0
1506927600, 202871164935144.0
1507014000, 162269528263551.0
1507100400, 146879074049577.0
1507186800, 166661172672148.0
1507273200, 138302702614632.0
1507359600, 105552554442849.0
1507446000, 127361193697547.0
1507532400, 256401887724091.0
1507618800, 195228966774272.0
1507705200, 177844416169992.0
1507791600, 197955476639702.0
1507878000, 197128338376680.0
1507964400, 151839319596523.0
1508050800, 132466396362477.0
1508137200, 192520556372930.0
1508223600, 282617193715070.0
1508310000, 215435326190085.0
1508396400, 191131186748038.0
1508482800, 192724742106099.0
1508569200, 156258859974057.0
1508655600, 149920449492528.0
1508742000, 299481833704520.0
1508828400, 258603210808468.0
1508914800, 198482318035522.0
1509001200, 174391965748384.0
1509087600, 200397722489855.0
1509174000, 141769581194228.0
1509260400, 165995990509793.0
1509346800, 185558422744581.0
1509433200, 191668647664081.0
1509519600, 219130831545988.0
1509606000, 225137816500266.0
1509692400, 303692960935422.0
1509778800, 576596934505617.0
1509865200, 607742512154991.0
1509955200, 278264858633189.0
1510041600, 352383811586754.0
1510128000, 426732333496860.0
1510214400, 223780957165965.0
1510300800, 233395077395923.0
1510387200, 166488036971292.0
1510473600, 208793062714549.0
1510560000, 437415369981811.0
1510646400, 386114903692858.0
1510732800, 342289906038037.0
1510819200, 381799431245076.0
1510905600, 381821959308752.0
1510992000, 271611389752307.0
1511078400, 544216482322341.0
1511164800, 422422222523229.0
1511251200, 363723352189774.0
1511337600, 350778083816063.0
1511424000, 340695899050021.0
1511510400, 267784885111642.0
1511596800, 289991765325056.0
1511683200, 205031530767249.0
1511769600, 242638516650855.0
1511856000, 288093173888958.0
1511942400, 326204294240396.0
1512028800, 269779232671820.0
1512115200, 231911791462828.0
1512201600, 214279041723746.0
1512288000, 187046410432922.0
1512374400, 261335417930203.0
1512460800, 301598276508613.0
1512547200, 353151098127536.0
1512633600, 344900895834805.0
1512720000, 249242701359841.0
1512806400, 289516990410456.0
1512892800, 198767508041952.0
1512979200, 268792277010923.0
1513065600, 330212925712410.0
1513152000, 326755070839996.0
1513238400, 294354264672696.0
1513324800, 275664927952242.0
1513411200, 235610292275223.0
1513497600, 238906295524274.0
1513584000, 300575129995242.0
1513670400, 198489772988429.0
1513756800, 222787517809029.0
1513843200, 179108642938157.0
1513929600, 190169895018683.0
1514016000, 178122926358274.0
1514102400, 142732852493321.0
1514188800, 181062709798566.0
1514275200, 218522190059279.0
1514361600, 232358361840241.0
1514448000, 206741747415754.0
1514534400, 231105765922842.0
1514620800, 224396234386691.0
1514707200, 163812554625116.0
1514793600, 168324482942738.0
1514880000, 253693859565959.0
1514966400, 281688461237679.0
1515052800, 273782546133884.0
1515139200, 292123073442496.0
1515225600, 297961508569446.0
1515312000, 275717942461314.0
1515398400, 252092689168356.0
1515484800, 224601172906945.0
1515571200, 216297976075198.0
1515657600, 185845048095441.0
1515744000, 177951571814413.0
1515830400, 136509769524725.0
1515916800, 126917279926963.0
1516003200, 149781016814613.0
1516089600, 288928658911243.0
1516176000, 246952619424984.0
1516262400, 215672420053858.0
1516348800, 195349950915414.0
1516435200, 146037769958240.0
1516521600, 110852507146823.0
1516608000, 152553199580509.0
1516694400, 153951445965913.0
1516780800, 150276371387057.0
1516867200, 135749031663827.0
1516953600, 170217738888987.0
1517040000, 136330106797620.0
1517126400, 312890609631931.0
1517212800, 194104885270311.0
1517299200, 235967126612026.0
1517385600, 178570848638855.0
1517472000, 219061327516070.0
1517558400, 146079637959507.0
1517644800, 91004247921614.0
1517731200, 97224850466740.0
1517817600, 184891271449765.0
1517904000, 191433261631052.0
1517990400, 116011191246956.0
1518076800, 117150955403524.0
1518163200, 114416267234831.0
1518249600, 153798639994010.0
1518336000, 139860505384884.0
1518422400, 167474182471679.0
1518508800, 131576289938925.0
1518595200, 155701697897320.0
1518681600, 141877418366203.0
1518768000, 110289565944937.0
1518854400, 147390018968140.0
1518940800, 163902358066959.0
1519027200, 178952559119399.0
1519113600, 126801787932992.0
1519200000, 132580333981785.0
1519286400, 149487580154913.0
1519372800, 101031259585166.0
1519459200, 74613475355664.0
1519545600, 60538332057303.0
1519632000, 84519749174408.0
1519718400, 94550624596204.0
1519804800, 138308797303505.0
1519891200, 132262987805724.0
1519977600, 97577627276415.0
1520064000, 78972428937334.0
1520150400, 62392724962790.0
1520236800, 90257035097313.0
1520323200, 93948707390761.0
1520409600, 93124074317467.0
1520496000, 101831834934711.0
1520582400, 120745565594268.0
1520668800, 62589006849304.0
1520755200, 78407610428385.0
1520838000, 101946931707030.0
1520924400, 160221351617498.0
1521010800, 103910657555747.0
1521097200, 194880168887782.0
1521183600, 104718267814450.0
1521270000, 243065581800349.0
1521356400, 162037397024441.0
1521442800, 133318515969479.0
1521529200, 111542734148069.0
1521615600, 93183273585594.0
1521702000, 20169683656827.0
