1231747200, 2.0
1231833600, 2.0
1231920000, 5.0
1232006400, 12.0
1232092800, 16.0
1232179200, 16.0
1232265600, 19.0
1232352000, 35.0
1232438400, 43.0
1232524800, 45.0
1232611200, 55.0
1232697600, 64.0
1232784000, 74.0
1232870400, 75.0
1232956800, 95.0
1233043200, 98.0
1233129600, 98.0
1233216000, 110.0
1233302400, 110.0
1233388800, 130.0
1233475200, 132.0
1233561600, 133.0
1233648000, 134.0
1233734400, 134.0
1233820800, 134.0
1233907200, 134.0
1233993600, 157.0
1234080000, 158.0
1234166400, 202.0
1234252800, 202.0
1234339200, 216.0
1234425600, 216.0
1234512000, 216.0
1234598400, 216.0
1234684800, 229.0
1234771200, 259.0
1234857600, 259.0
1234944000, 259.0
1235030400, 275.0
1235116800, 275.0
1235203200, 275.0
1235289600, 286.0
1235376000, 286.0
1235462400, 286.0
1235548800, 286.0
1235635200, 286.0
1235721600, 322.0
1235808000, 329.0
1235894400, 329.0
1235980800, 329.0
1236067200, 337.0
1236153600, 361.0
1236240000, 369.0
1236326400, 369.0
1236412800, 369.0
1236499200, 395.0
1236582000, 395.0
1236668400, 395.0
1236754800, 395.0
1236841200, 398.0
1236927600, 411.0
1237014000, 411.0
1237100400, 411.0
1237186800, 459.0
1237273200, 459.0
1237359600, 473.0
1237446000, 473.0
1237532400, 485.0
1237618800, 485.0
1237705200, 496.0
1237791600, 496.0
1237878000, 496.0
1237964400, 496.0
1238050800, 524.0
1238137200, 524.0
1238223600, 544.0
1238310000, 544.0
1238396400, 544.0
1238482800, 576.0
1238569200, 576.0
1238655600, 576.0
1238742000, 576.0
1238828400, 576.0
1238914800, 593.0
1239001200, 593.0
1239087600, 593.0
1239174000, 593.0
1239260400, 593.0
1239346800, 593.0
1239433200, 600.0
1239519600, 608.0
1239606000, 608.0
1239692400, 608.0
1239778800, 608.0
1239865200, 608.0
1239951600, 608.0
1240038000, 610.0
1240124400, 618.0
1240210800, 733.0
1240297200, 733.0
1240383600, 733.0
1240470000, 733.0
1240556400, 733.0
1240642800, 733.0
1240729200, 748.0
1240815600, 748.0
1240902000, 748.0
1240988400, 768.0
1241074800, 768.0
1241161200, 768.0
1241247600, 781.0
1241334000, 783.0
1241420400, 813.0
1241506800, 823.0
1241593200, 823.0
1241679600, 823.0
1241766000, 823.0
1241852400, 823.0
1241938800, 823.0
1242025200, 824.0
1242111600, 824.0
1242198000, 827.0
1242284400, 830.0
1242370800, 840.0
1242457200, 840.0
1242543600, 840.0
1242630000, 840.0
1242716400, 840.0
1242802800, 840.0
1242889200, 840.0
1242975600, 840.0
1243062000, 840.0
1243148400, 840.0
1243234800, 840.0
1243321200, 840.0
1243407600, 840.0
1243494000, 840.0
1243580400, 900.0
1243666800, 900.0
1243753200, 900.0
1243839600, 900.0
1243926000, 900.0
1244012400, 900.0
1244098800, 900.0
1244185200, 900.0
1244271600, 900.0
1244358000, 900.0
1244444400, 900.0
1244530800, 900.0
1244617200, 900.0
1244703600, 900.0
1244790000, 900.0
1244876400, 900.0
1244962800, 900.0
1245049200, 900.0
1245135600, 900.0
1245222000, 900.0
1245308400, 900.0
1245394800, 900.0
1245481200, 900.0
1245567600, 900.0
1245654000, 960.0
1245740400, 960.0
1245826800, 962.0
1245913200, 982.0
1245999600, 982.0
1246086000, 982.0
1246172400, 982.0
1246258800, 982.0
1246345200, 985.0
1246431600, 987.0
1246518000, 987.0
1246604400, 987.0
1246690800, 987.0
1246777200, 987.0
1246863600, 987.0
1246950000, 987.0
1247036400, 987.0
1247122800, 987.0
1247209200, 987.0
1247295600, 987.0
1247382000, 987.0
1247468400, 987.0
1247554800, 987.0
1247641200, 987.0
1247727600, 987.0
1247814000, 987.0
1247900400, 987.0
1247986800, 987.0
1248073200, 1107.0
1248159600, 1107.0
1248246000, 1107.0
1248332400, 1107.0
1248418800, 1107.0
1248505200, 1107.0
1248591600, 1107.0
1248678000, 1107.0
1248764400, 1107.0
1248850800, 1109.0
1248937200, 1109.0
1249023600, 1109.0
1249110000, 1109.0
1249196400, 1109.0
1249282800, 1109.0
1249369200, 1109.0
1249455600, 1109.0
1249542000, 1109.0
1249628400, 1219.0
1249714800, 1219.0
1249801200, 1219.0
1249887600, 1219.0
1249974000, 1219.0
1250060400, 1219.0
1250146800, 1219.0
1250233200, 1219.0
1250319600, 1219.0
1250406000, 1219.0
1250492400, 1219.0
1250578800, 1219.0
1250665200, 1219.0
1250751600, 1219.0
1250838000, 1219.0
1250924400, 1219.0
1251010800, 1219.0
1251097200, 1219.0
1251183600, 1219.0
1251270000, 1265.0
1251356400, 1265.0
1251442800, 1265.0
1251529200, 1265.0
1251615600, 1266.0
1251702000, 1272.0
1251788400, 1272.0
1251874800, 1272.0
1251961200, 1286.0
1252047600, 1286.0
1252134000, 1286.0
1252220400, 1286.0
1252306800, 1299.0
1252393200, 1299.0
1252479600, 1299.0
1252566000, 1299.0
1252652400, 1299.0
1252738800, 1299.0
1252825200, 1299.0
1252911600, 1299.0
1252998000, 1299.0
1253084400, 1300.0
1253170800, 1400.0
1253257200, 1400.0
1253343600, 1400.0
1253430000, 1400.0
1253516400, 1408.0
1253602800, 1448.0
1253689200, 1448.0
1253775600, 1448.0
1253862000, 1474.0
1253948400, 1474.0
1254034800, 1490.0
1254121200, 1490.0
1254207600, 1533.0
1254294000, 1533.0
1254380400, 1533.0
1254466800, 1543.0
1254553200, 1543.0
1254639600, 1543.0
1254726000, 1543.0
1254812400, 1557.0
1254898800, 1557.0
1254985200, 1557.0
1255071600, 1557.0
1255158000, 1557.0
1255244400, 1557.0
1255330800, 1629.0
1255417200, 1629.0
1255503600, 1629.0
1255590000, 1629.0
1255676400, 1709.0
1255762800, 1709.0
1255849200, 1716.0
1255935600, 1716.0
1256022000, 1816.0
1256108400, 1834.0
1256194800, 1873.0
1256281200, 1873.0
1256367600, 1880.0
1256454000, 1880.0
1256540400, 1880.0
1256626800, 1896.0
1256713200, 1896.0
1256799600, 1937.0
1256886000, 1937.0
1256972400, 1937.0
1257058800, 1937.0
1257148800, 1937.0
1257235200, 1937.0
1257321600, 1978.0
1257408000, 1978.0
1257494400, 1978.0
1257580800, 1978.0
1257667200, 1978.0
1257753600, 1978.0
1257840000, 1978.0
1257926400, 2029.0
1258012800, 2029.0
1258099200, 2040.0
1258185600, 2040.0
1258272000, 2040.0
1258358400, 2040.0
1258444800, 2040.0
1258531200, 2040.0
1258617600, 2122.0
1258704000, 2122.0
1258790400, 2122.0
1258876800, 2122.0
1258963200, 2122.0
1259049600, 2122.0
1259136000, 2122.0
1259222400, 2122.0
1259308800, 2122.0
1259395200, 2122.0
1259481600, 2122.0
1259568000, 2122.0
1259654400, 2286.0
1259740800, 2286.0
1259827200, 2286.0
1259913600, 2286.0
1260000000, 2304.0
1260086400, 2307.0
1260172800, 2307.0
1260259200, 2337.0
1260345600, 2352.0
1260432000, 2352.0
1260518400, 2352.0
1260604800, 2418.0
1260691200, 2418.0
1260777600, 2749.0
1260864000, 2754.0
1260950400, 2771.0
1261036800, 2777.0
1261123200, 2777.0
1261209600, 2778.0
1261296000, 2778.0
1261382400, 2779.0
1261468800, 2779.0
1261555200, 2779.0
1261641600, 2779.0
1261728000, 2779.0
1261814400, 2779.0
1261900800, 2784.0
1261987200, 2784.0
1262073600, 2784.0
1262160000, 2784.0
1262246400, 2784.0
1262332800, 2786.0
1262419200, 2786.0
1262505600, 2786.0
1262592000, 2868.0
1262678400, 2868.0
1262764800, 2868.0
1262851200, 2868.0
1262937600, 2868.0
1263024000, 2868.0
1263110400, 2868.0
1263196800, 2868.0
1263283200, 3082.0
1263369600, 3082.0
1263456000, 3091.0
1263542400, 3096.0
1263628800, 3102.0
1263715200, 3102.0
1263801600, 3103.0
1263888000, 3103.0
1263974400, 3103.0
1264060800, 3114.0
1264147200, 3119.0
1264233600, 3120.0
1264320000, 3121.0
1264406400, 3178.0
1264492800, 3194.0
1264579200, 3214.0
1264665600, 3235.0
1264752000, 3254.0
1264838400, 3287.0
1264924800, 3305.0
1265011200, 3322.0
1265097600, 3343.0
1265184000, 3349.0
1265270400, 3390.0
1265356800, 3634.0
1265443200, 3664.0
1265529600, 3674.0
1265616000, 3797.0
1265702400, 4214.0
1265788800, 4820.0
1265875200, 4894.0
1265961600, 4933.0
1266048000, 5018.0
1266134400, 5071.0
1266220800, 5162.0
1266307200, 5178.0
1266393600, 5201.0
1266480000, 5259.0
1266566400, 5263.0
1266652800, 5276.0
1266739200, 5402.0
1266825600, 5669.0
1266912000, 5670.0
1266998400, 5777.0
1267084800, 5920.0
1267171200, 5940.0
1267257600, 5949.0
1267344000, 6055.0
1267430400, 6087.0
1267516800, 6127.0
1267603200, 6231.0
1267689600, 6618.0
1267776000, 6619.0
1267862400, 6711.0
1267948800, 6825.0
1268035200, 7005.0
1268121600, 7086.0
1268208000, 7126.0
1268294400, 7190.0
1268380800, 7197.0
1268467200, 7233.0
1268553600, 7241.0
1268636400, 7246.0
1268722800, 7271.0
1268809200, 7296.0
1268895600, 7377.0
1268982000, 7504.0
1269068400, 7573.0
1269154800, 7582.0
1269241200, 7622.0
1269327600, 7698.0
1269414000, 7729.0
1269500400, 8070.0
1269586800, 8145.0
1269673200, 8168.0
1269759600, 8184.0
1269846000, 8252.0
1269932400, 8263.0
1270018800, 8286.0
1270105200, 8312.0
1270191600, 8332.0
1270278000, 8356.0
1270364400, 8424.0
1270450800, 8560.0
1270537200, 8655.0
1270623600, 8756.0
1270710000, 8779.0
1270796400, 8881.0
1270882800, 9159.0
1270969200, 9321.0
1271055600, 9458.0
1271142000, 9492.0
1271228400, 9590.0
1271314800, 10274.0
1271401200, 10483.0
1271487600, 10553.0
1271574000, 13746.0
1271660400, 14034.0
1271746800, 14236.0
1271833200, 14382.0
1271919600, 14431.0
1272006000, 14502.0
1272092400, 14601.0
1272178800, 14762.0
1272265200, 14847.0
1272351600, 14914.0
1272438000, 15032.0
1272524400, 15080.0
1272610800, 15118.0
1272697200, 15182.0
1272783600, 15222.0
1272870000, 15331.0
1272956400, 15497.0
1273042800, 15632.0
1273129200, 15905.0
1273215600, 15989.0
1273302000, 16263.0
1273388400, 16356.0
1273474800, 16501.0
1273561200, 16536.0
1273647600, 16648.0
1273734000, 16751.0
1273820400, 16852.0
1273906800, 16906.0
1273993200, 16950.0
1274079600, 17079.0
1274166000, 17200.0
1274252400, 17319.0
1274338800, 17387.0
1274425200, 17520.0
1274511600, 17651.0
1274598000, 17825.0
1274684400, 17936.0
1274770800, 18048.0
1274857200, 18192.0
1274943600, 18350.0
1275030000, 18440.0
1275116400, 18577.0
1275202800, 18656.0
1275289200, 18748.0
1275375600, 18846.0
1275462000, 18917.0
1275548400, 19116.0
1275634800, 19179.0
1275721200, 19264.0
1275807600, 19344.0
1275894000, 19626.0
1275980400, 19754.0
1276066800, 19898.0
1276153200, 19981.0
1276239600, 20117.0
1276326000, 20225.0
1276412400, 20356.0
1276498800, 20561.0
1276585200, 20683.0
1276671600, 20792.0
1276758000, 20870.0
1276844400, 20964.0
1276930800, 21146.0
1277017200, 21237.0
1277103600, 21373.0
1277190000, 21515.0
1277276400, 21632.0
1277362800, 21774.0
1277449200, 21832.0
1277535600, 21889.0
1277622000, 21997.0
1277708400, 22099.0
1277794800, 22299.0
1277881200, 22529.0
1277967600, 22693.0
1278054000, 22863.0
1278140400, 22992.0
1278226800, 23235.0
1278313200, 23405.0
1278399600, 23483.0
1278486000, 23664.0
1278572400, 23771.0
1278658800, 23884.0
1278745200, 24065.0
1278831600, 24320.0
1278918000, 26013.0
1279004400, 26853.0
1279090800, 32510.0
1279177200, 33519.0
1279263600, 34294.0
1279350000, 34727.0
1279436400, 35257.0
1279522800, 35744.0
1279609200, 36257.0
1279695600, 36679.0
1279782000, 36914.0
1279868400, 37184.0
1279954800, 37807.0
1280041200, 39571.0
1280127600, 40379.0
1280214000, 40786.0
1280300400, 41108.0
1280386800, 41311.0
1280473200, 41582.0
1280559600, 41765.0
1280646000, 42028.0
1280732400, 42303.0
1280818800, 42897.0
1280905200, 43190.0
1280991600, 43668.0
1281078000, 44006.0
1281164400, 44265.0
1281250800, 44561.0
1281337200, 44945.0
1281423600, 45210.0
1281510000, 45553.0
1281596400, 45774.0
1281682800, 46283.0
1281769200, 46509.0
1281855600, 46689.0
1281942000, 47099.0
1282028400, 47320.0
1282114800, 47727.0
1282201200, 47928.0
1282287600, 48259.0
1282374000, 48479.0
1282460400, 48753.0
1282546800, 49067.0
1282633200, 49377.0
1282719600, 49582.0
1282806000, 49927.0
1282892400, 50155.0
1282978800, 50404.0
1283065200, 50530.0
1283151600, 50772.0
1283238000, 51177.0
1283324400, 51480.0
1283410800, 51749.0
1283497200, 51960.0
1283583600, 52139.0
1283670000, 52407.0
1283756400, 52631.0
1283842800, 52795.0
1283929200, 53048.0
1284015600, 53269.0
1284102000, 53521.0
1284188400, 53707.0
1284274800, 54106.0
1284361200, 54479.0
1284447600, 54788.0
1284534000, 55115.0
1284620400, 55483.0
1284706800, 56207.0
1284793200, 56458.0
1284879600, 56801.0
1284966000, 57178.0
1285052400, 58069.0
1285138800, 58743.0
1285225200, 59337.0
1285311600, 59748.0
1285398000, 60267.0
1285484400, 60599.0
1285570800, 61513.0
1285657200, 62876.0
1285743600, 63763.0
1285830000, 64072.0
1285916400, 64623.0
1286002800, 65090.0
1286089200, 65408.0
1286175600, 65904.0
1286262000, 66292.0
1286348400, 66638.0
1286434800, 66988.0
1286521200, 67483.0
1286607600, 67918.0
1286694000, 68200.0
1286780400, 68498.0
1286866800, 68831.0
1286953200, 69411.0
1287039600, 69723.0
1287126000, 69987.0
1287212400, 70534.0
1287298800, 70906.0
1287385200, 71429.0
1287471600, 72155.0
1287558000, 72760.0
1287644400, 73289.0
1287730800, 73807.0
1287817200, 74191.0
1287903600, 74553.0
1287990000, 74953.0
1288076400, 75350.0
1288162800, 75966.0
1288249200, 76493.0
1288335600, 76933.0
1288422000, 77244.0
1288508400, 77524.0
1288594800, 77795.0
1288681200, 77977.0
1288767600, 78239.0
1288854000, 78520.0
1288940400, 79000.0
1289026800, 79267.0
1289113200, 79563.0
1289203200, 80705.0
1289289600, 81012.0
1289376000, 81283.0
1289462400, 81514.0
1289548800, 81694.0
1289635200, 81946.0
1289721600, 82495.0
1289808000, 86512.0
1289894400, 89471.0
1289980800, 89756.0
1290067200, 90022.0
1290153600, 90343.0
1290240000, 90738.0
1290326400, 91115.0
1290412800, 91378.0
1290499200, 91720.0
1290585600, 92234.0
1290672000, 92664.0
1290758400, 93424.0
1290844800, 93847.0
1290931200, 94189.0
1291017600, 94673.0
1291104000, 95024.0
1291190400, 95658.0
1291276800, 96089.0
1291363200, 96583.0
1291449600, 96865.0
1291536000, 97166.0
1291622400, 97444.0
1291708800, 98036.0
1291795200, 98450.0
1291881600, 98835.0
1291968000, 99096.0
1292054400, 99559.0
1292140800, 100117.0
1292227200, 101194.0
1292313600, 101708.0
1292400000, 102183.0
1292486400, 102629.0
1292572800, 102980.0
1292659200, 103342.0
1292745600, 103909.0
1292832000, 104857.0
1292918400, 105398.0
1293004800, 106067.0
1293091200, 106519.0
1293177600, 106951.0
1293264000, 107477.0
1293350400, 107988.0
1293436800, 108683.0
1293523200, 109186.0
1293609600, 109698.0
1293696000, 110263.0
1293782400, 110704.0
1293868800, 111266.0
1293955200, 111796.0
1294041600, 112648.0
1294128000, 113223.0
1294214400, 114238.0
1294300800, 114895.0
1294387200, 115616.0
1294473600, 116468.0
1294560000, 117258.0
1294646400, 118065.0
1294732800, 118995.0
1294819200, 119700.0
1294905600, 120798.0
1294992000, 121784.0
1295078400, 122578.0
1295164800, 123517.0
1295251200, 124231.0
1295337600, 125099.0
1295424000, 126036.0
1295510400, 126858.0
1295596800, 128090.0
1295683200, 129487.0
1295769600, 130740.0
1295856000, 132021.0
1295942400, 132830.0
1296028800, 133772.0
1296115200, 134778.0
1296201600, 135797.0
1296288000, 137162.0
1296374400, 139711.0
1296460800, 141213.0
1296547200, 142351.0
1296633600, 143234.0
1296720000, 143980.0
1296806400, 144863.0
1296892800, 145789.0
1296979200, 146617.0
1297065600, 147434.0
1297152000, 148252.0
1297238400, 149430.0
1297324800, 151480.0
1297411200, 154004.0
1297497600, 155845.0
1297584000, 157773.0
1297670400, 160506.0
1297756800, 162668.0
1297843200, 164621.0
1297929600, 166640.0
1298016000, 168736.0
1298102400, 170390.0
1298188800, 172253.0
1298275200, 174133.0
1298361600, 176355.0
1298448000, 178501.0
1298534400, 180676.0
1298620800, 182675.0
1298707200, 184840.0
1298793600, 187058.0
1298880000, 188729.0
1298966400, 191680.0
1299052800, 193911.0
1299139200, 196999.0
1299225600, 198851.0
1299312000, 200966.0
1299398400, 202908.0
1299484800, 204883.0
1299571200, 207379.0
1299657600, 209520.0
1299744000, 211391.0
1299830400, 213306.0
1299916800, 215387.0
1300003200, 217242.0
1300086000, 219142.0
1300172400, 221431.0
1300258800, 223500.0
1300345200, 225532.0
1300431600, 227555.0
1300518000, 229589.0
1300604400, 232943.0
1300690800, 235836.0
1300777200, 238161.0
1300863600, 242393.0
1300950000, 244668.0
1301036400, 246943.0
1301122800, 250011.0
1301209200, 252244.0
1301295600, 255502.0
1301382000, 258399.0
1301468400, 260454.0
1301554800, 262789.0
1301641200, 264483.0
1301727600, 266238.0
1301814000, 268040.0
1301900400, 270633.0
1301986800, 272928.0
1302073200, 274984.0
1302159600, 276793.0
1302246000, 278713.0
1302332400, 280531.0
1302418800, 282304.0
1302505200, 284476.0
1302591600, 286864.0
1302678000, 289514.0
1302764400, 292600.0
1302850800, 294848.0
1302937200, 298501.0
1303023600, 300779.0
1303110000, 304001.0
1303196400, 307705.0
1303282800, 310928.0
1303369200, 312926.0
1303455600, 315147.0
1303542000, 317787.0
1303628400, 320219.0
1303714800, 322882.0
1303801200, 326625.0
1303887600, 331600.0
1303974000, 335073.0
1304060400, 338996.0
1304146800, 344022.0
1304233200, 348295.0
1304319600, 351652.0
1304406000, 354942.0
1304492400, 358512.0
1304578800, 362503.0
1304665200, 366253.0
1304751600, 370619.0
1304838000, 373868.0
1304924400, 378065.0
1305010800, 381782.0
1305097200, 385448.0
1305183600, 389143.0
1305270000, 394811.0
1305356400, 399685.0
1305442800, 404026.0
1305529200, 409141.0
1305615600, 414181.0
1305702000, 420703.0
1305788400, 426240.0
1305874800, 431765.0
1305961200, 437447.0
1306047600, 443179.0
1306134000, 449648.0
1306220400, 456046.0
1306306800, 462867.0
1306393200, 470253.0
1306479600, 475477.0
1306566000, 481019.0
1306652400, 486670.0
1306738800, 492370.0
1306825200, 499328.0
1306911600, 506535.0
1306998000, 514908.0
1307084400, 524499.0
1307170800, 534206.0
1307257200, 543407.0
1307343600, 554481.0
1307430000, 564597.0
1307516400, 580562.0
1307602800, 594947.0
1307689200, 607875.0
1307775600, 620499.0
1307862000, 635504.0
1307948400, 648876.0
1308034800, 664679.0
1308121200, 679428.0
1308207600, 694973.0
1308294000, 708453.0
1308380400, 721827.0
1308466800, 735494.0
1308553200, 747082.0
1308639600, 757829.0
1308726000, 769521.0
1308812400, 780252.0
1308898800, 792490.0
1308985200, 803275.0
1309071600, 815137.0
1309158000, 829480.0
1309244400, 842478.0
1309330800, 853512.0
1309417200, 864616.0
1309503600, 876278.0
1309590000, 885251.0
1309676400, 894743.0
1309762800, 905740.0
1309849200, 916298.0
1309935600, 928635.0
1310022000, 938543.0
1310108400, 947831.0
1310194800, 956617.0
1310281200, 965590.0
1310367600, 976790.0
1310454000, 985741.0
1310540400, 995644.0
1310626800, 1004919.0
1310713200, 1013601.0
1310799600, 1023287.0
1310886000, 1032288.0
1310972400, 1045868.0
1311058800, 1056209.0
1311145200, 1066782.0
1311231600, 1076492.0
1311318000, 1087374.0
1311404400, 1096100.0
1311490800, 1105173.0
1311577200, 1115650.0
1311663600, 1125825.0
1311750000, 1134655.0
1311836400, 1144940.0
1311922800, 1152878.0
1312009200, 1159666.0
1312095600, 1168751.0
1312182000, 1178080.0
1312268400, 1188146.0
1312354800, 1197093.0
1312441200, 1206705.0
1312527600, 1215022.0
1312614000, 1222976.0
1312700400, 1230458.0
1312786800, 1242210.0
1312873200, 1252323.0
1312959600, 1261724.0
1313046000, 1270516.0
1313132400, 1279337.0
1313218800, 1288789.0
1313305200, 1297834.0
1313391600, 1307423.0
1313478000, 1318128.0
1313564400, 1327432.0
1313650800, 1335599.0
1313737200, 1344112.0
1313823600, 1351534.0
1313910000, 1359982.0
1313996400, 1368565.0
1314082800, 1376365.0
1314169200, 1384635.0
1314255600, 1392842.0
1314342000, 1402064.0
1314428400, 1411003.0
1314514800, 1417395.0
1314601200, 1426217.0
1314687600, 1434839.0
1314774000, 1443147.0
1314860400, 1451622.0
1314946800, 1459529.0
1315033200, 1466349.0
1315119600, 1474796.0
1315206000, 1483135.0
1315292400, 1492888.0
1315378800, 1501104.0
1315465200, 1508690.0
1315551600, 1518368.0
1315638000, 1526812.0
1315724400, 1534484.0
1315810800, 1542516.0
1315897200, 1549959.0
1315983600, 1556997.0
1316070000, 1564570.0
1316156400, 1571909.0
1316242800, 1578274.0
1316329200, 1584920.0
1316415600, 1593085.0
1316502000, 1602170.0
1316588400, 1612305.0
1316674800, 1619327.0
1316761200, 1626411.0
1316847600, 1633281.0
1316934000, 1639622.0
1317020400, 1645861.0
1317106800, 1652920.0
1317193200, 1659403.0
1317279600, 1665564.0
1317366000, 1672257.0
1317452400, 1678521.0
1317538800, 1684204.0
1317625200, 1691440.0
1317711600, 1698380.0
1317798000, 1704758.0
1317884400, 1712055.0
1317970800, 1718629.0
1318057200, 1724707.0
1318143600, 1730595.0
1318230000, 1737263.0
1318316400, 1744065.0
1318402800, 1750850.0
1318489200, 1756363.0
1318575600, 1763782.0
1318662000, 1770164.0
1318748400, 1776005.0
1318834800, 1782680.0
1318921200, 1788204.0
1319007600, 1794020.0
1319094000, 1798949.0
1319180400, 1804662.0
1319266800, 1810283.0
1319353200, 1816549.0
1319439600, 1823401.0
1319526000, 1829166.0
1319612400, 1835249.0
1319698800, 1840648.0
1319785200, 1847094.0
1319871600, 1853583.0
1319958000, 1859247.0
1320044400, 1865030.0
1320130800, 1871583.0
1320217200, 1878473.0
1320303600, 1885744.0
1320390000, 1894028.0
1320476400, 1900855.0
1320562800, 1906274.0
1320652800, 1912395.0
1320739200, 1919467.0
1320825600, 1926837.0
1320912000, 1934193.0
1320998400, 1940274.0
1321084800, 1946119.0
1321171200, 1952228.0
1321257600, 1959276.0
1321344000, 1966602.0
1321430400, 1973629.0
1321516800, 1979676.0
1321603200, 1985819.0
1321689600, 1989985.0
1321776000, 1995239.0
1321862400, 1999443.0
1321948800, 2004486.0
1322035200, 2009562.0
1322121600, 2014402.0
1322208000, 2019116.0
1322294400, 2023331.0
1322380800, 2027713.0
1322467200, 2033417.0
1322553600, 2040536.0
1322640000, 2048749.0
1322726400, 2054637.0
1322812800, 2060475.0
1322899200, 2066132.0
1322985600, 2070858.0
1323072000, 2076253.0
1323158400, 2083420.0
1323244800, 2088930.0
1323331200, 2095807.0
1323417600, 2100438.0
1323504000, 2105602.0
1323590400, 2110827.0
1323676800, 2115288.0
1323763200, 2119661.0
1323849600, 2124309.0
1323936000, 2128293.0
1324022400, 2132760.0
1324108800, 2136972.0
1324195200, 2140634.0
1324281600, 2146010.0
1324368000, 2152011.0
1324454400, 2156778.0
1324540800, 2161596.0
1324627200, 2166061.0
1324713600, 2169711.0
1324800000, 2174052.0
1324886400, 2178608.0
1324972800, 2183193.0
1325059200, 2187412.0
1325145600, 2191845.0
1325232000, 2195867.0
1325318400, 2200326.0
1325404800, 2204562.0
1325491200, 2209289.0
1325577600, 2214881.0
1325664000, 2219840.0
1325750400, 2226178.0
1325836800, 2232475.0
1325923200, 2237864.0
1326009600, 2243662.0
1326096000, 2249648.0
1326182400, 2256444.0
1326268800, 2264334.0
1326355200, 2269938.0
1326441600, 2275964.0
1326528000, 2281762.0
1326614400, 2287663.0
1326700800, 2293311.0
1326787200, 2299001.0
1326873600, 2304754.0
1326960000, 2310719.0
1327046400, 2316300.0
1327132800, 2321515.0
1327219200, 2325530.0
1327305600, 2330077.0
1327392000, 2336359.0
1327478400, 2343327.0
1327564800, 2348906.0
1327651200, 2354589.0
1327737600, 2359393.0
1327824000, 2365578.0
1327910400, 2370427.0
1327996800, 2376460.0
1328083200, 2381997.0
1328169600, 2388150.0
1328256000, 2394444.0
1328342400, 2401567.0
1328428800, 2407724.0
1328515200, 2413381.0
1328601600, 2419794.0
1328688000, 2425608.0
1328774400, 2431641.0
1328860800, 2438957.0
1328947200, 2445927.0
1329033600, 2452056.0
1329120000, 2459255.0
1329206400, 2467993.0
1329292800, 2475956.0
1329379200, 2484149.0
1329465600, 2490001.0
1329552000, 2495493.0
1329638400, 2500157.0
1329724800, 2505441.0
1329811200, 2511128.0
1329897600, 2517633.0
1329984000, 2524848.0
1330070400, 2531382.0
1330156800, 2537511.0
1330243200, 2542240.0
1330329600, 2547744.0
1330416000, 2553965.0
1330502400, 2559736.0
1330588800, 2566525.0
1330675200, 2574173.0
1330761600, 2578960.0
1330848000, 2584532.0
1330934400, 2590932.0
1331020800, 2596628.0
1331107200, 2602277.0
1331193600, 2608045.0
1331280000, 2614125.0
1331366400, 2618542.0
1331452800, 2623037.0
1331535600, 2628419.0
1331622000, 2635028.0
1331708400, 2641375.0
1331794800, 2646813.0
1331881200, 2652750.0
1331967600, 2658958.0
1332054000, 2663624.0
1332140400, 2669763.0
1332226800, 2675452.0
1332313200, 2681459.0
1332399600, 2687074.0
1332486000, 2692420.0
1332572400, 2697465.0
1332658800, 2703099.0
1332745200, 2709398.0
1332831600, 2715491.0
1332918000, 2721973.0
1333004400, 2728906.0
1333090800, 2734863.0
1333177200, 2740085.0
1333263600, 2744746.0
1333350000, 2750512.0
1333436400, 2758531.0
1333522800, 2765064.0
1333609200, 2771658.0
1333695600, 2778295.0
1333782000, 2783569.0
1333868400, 2788722.0
1333954800, 2794771.0
1334041200, 2801579.0
1334127600, 2809261.0
1334214000, 2817101.0
1334300400, 2823535.0
1334386800, 2830467.0
1334473200, 2836882.0
1334559600, 2844912.0
1334646000, 2852772.0
1334732400, 2861140.0
1334818800, 2868826.0
1334905200, 2877060.0
1334991600, 2883900.0
1335078000, 2889592.0
1335164400, 2896249.0
1335250800, 2903395.0
1335337200, 2910351.0
1335423600, 2918110.0
1335510000, 2924983.0
1335596400, 2931194.0
1335682800, 2937296.0
1335769200, 2945767.0
1335855600, 2953901.0
1335942000, 2962339.0
1336028400, 2971522.0
1336114800, 2981315.0
1336201200, 2990032.0
1336287600, 3001438.0
1336374000, 3014332.0
1336460400, 3025732.0
1336546800, 3038285.0
1336633200, 3047530.0
1336719600, 3061301.0
1336806000, 3073272.0
1336892400, 3082435.0
1336978800, 3102075.0
1337065200, 3116988.0
1337151600, 3131042.0
1337238000, 3142391.0
1337324400, 3157414.0
1337410800, 3177451.0
1337497200, 3195451.0
1337583600, 3213225.0
1337670000, 3227631.0
1337756400, 3244201.0
1337842800, 3259648.0
1337929200, 3276892.0
1338015600, 3290798.0
1338102000, 3305031.0
1338188400, 3321106.0
1338274800, 3341542.0
1338361200, 3357076.0
1338447600, 3371836.0
1338534000, 3387446.0
1338620400, 3396970.0
1338706800, 3413614.0
1338793200, 3441446.0
1338879600, 3465604.0
1338966000, 3476663.0
1339052400, 3497976.0
1339138800, 3511789.0
1339225200, 3529012.0
1339311600, 3547526.0
1339398000, 3564463.0
1339484400, 3575663.0
1339570800, 3602525.0
1339657200, 3631305.0
1339743600, 3662631.0
1339830000, 3685833.0
1339916400, 3709229.0
1340002800, 3731417.0
1340089200, 3752457.0
1340175600, 3769692.0
1340262000, 3785041.0
1340348400, 3799451.0
1340434800, 3814904.0
1340521200, 3829203.0
1340607600, 3847923.0
1340694000, 3867824.0
1340780400, 3891220.0
1340866800, 3909418.0
1340953200, 3927067.0
1341039600, 3943699.0
1341126000, 3960132.0
1341212400, 3979658.0
1341298800, 3997710.0
1341385200, 4015177.0
1341471600, 4029579.0
1341558000, 4044041.0
1341644400, 4061094.0
1341730800, 4075274.0
1341817200, 4092806.0
1341903600, 4113455.0
1341990000, 4132890.0
1342076400, 4152039.0
1342162800, 4168845.0
1342249200, 4184738.0
1342335600, 4201829.0
1342422000, 4224339.0
1342508400, 4247938.0
1342594800, 4267421.0
1342681200, 4289547.0
1342767600, 4310514.0
1342854000, 4331006.0
1342940400, 4352833.0
1343026800, 4376601.0
1343113200, 4398114.0
1343199600, 4414494.0
1343286000, 4430204.0
1343372400, 4446603.0
1343458800, 4465262.0
1343545200, 4485513.0
1343631600, 4507258.0
1343718000, 4539272.0
1343804400, 4561851.0
1343890800, 4585304.0
1343977200, 4604661.0
1344063600, 4623107.0
1344150000, 4643204.0
1344236400, 4666020.0
1344322800, 4686275.0
1344409200, 4715703.0
1344495600, 4737749.0
1344582000, 4756899.0
1344668400, 4776490.0
1344754800, 4795569.0
1344841200, 4819070.0
1344927600, 4840862.0
1345014000, 4869537.0
1345100400, 4905772.0
1345186800, 4938343.0
1345273200, 4967218.0
1345359600, 5005240.0
1345446000, 5032713.0
1345532400, 5063413.0
1345618800, 5091216.0
1345705200, 5113756.0
1345791600, 5137634.0
1345878000, 5157260.0
1345964400, 5175361.0
1346050800, 5194684.0
1346137200, 5212347.0
1346223600, 5232547.0
1346310000, 5250669.0
1346396400, 5278450.0
1346482800, 5301837.0
1346569200, 5320064.0
1346655600, 5338212.0
1346742000, 5364714.0
1346828400, 5387201.0
1346914800, 5413716.0
1347001200, 5437955.0
1347087600, 5455455.0
1347174000, 5476419.0
1347260400, 5495612.0
1347346800, 5519081.0
1347433200, 5534093.0
1347519600, 5551535.0
1347606000, 5571256.0
1347692400, 5585689.0
1347778800, 5600266.0
1347865200, 5615721.0
1347951600, 5634016.0
1348038000, 5653377.0
1348124400, 5675344.0
1348210800, 5692530.0
1348297200, 5704636.0
1348383600, 5716879.0
1348470000, 5732890.0
1348556400, 5752216.0
1348642800, 5777090.0
1348729200, 5795393.0
1348815600, 5817680.0
1348902000, 5834717.0
1348988400, 5849600.0
1349074800, 5864239.0
1349161200, 5891455.0
1349247600, 5916613.0
1349334000, 5943070.0
1349420400, 5964963.0
1349506800, 5983864.0
1349593200, 6005857.0
1349679600, 6028817.0
1349766000, 6055267.0
1349852400, 6078304.0
1349938800, 6096360.0
1350025200, 6114822.0
1350111600, 6134995.0
1350198000, 6150963.0
1350284400, 6173596.0
1350370800, 6194836.0
1350457200, 6213769.0
1350543600, 6240347.0
1350630000, 6264745.0
1350716400, 6287931.0
1350802800, 6308355.0
1350889200, 6329457.0
1350975600, 6350153.0
1351062000, 6368312.0
1351148400, 6388001.0
1351234800, 6406858.0
1351321200, 6420789.0
1351407600, 6432728.0
1351494000, 6452365.0
1351580400, 6469222.0
1351666800, 6484102.0
1351753200, 6499287.0
1351839600, 6513839.0
1351926000, 6527397.0
1352012400, 6541712.0
1352102400, 6558583.0
1352188800, 6576740.0
1352275200, 6596614.0
1352361600, 6613566.0
1352448000, 6630190.0
1352534400, 6647724.0
1352620800, 6659037.0
1352707200, 6673468.0
1352793600, 6687453.0
1352880000, 6704645.0
1352966400, 6727851.0
1353052800, 6755101.0
1353139200, 6774482.0
1353225600, 6796487.0
1353312000, 6817619.0
1353398400, 6839738.0
1353484800, 6864098.0
1353571200, 6883179.0
1353657600, 6899278.0
1353744000, 6916254.0
1353830400, 6932172.0
1353916800, 6949828.0
1354003200, 6967911.0
1354089600, 6988426.0
1354176000, 7008983.0
1354262400, 7025066.0
1354348800, 7040461.0
1354435200, 7052739.0
1354521600, 7066040.0
1354608000, 7088691.0
1354694400, 7110312.0
1354780800, 7130081.0
1354867200, 7150404.0
1354953600, 7168134.0
1355040000, 7188760.0
1355126400, 7206292.0
1355212800, 7225194.0
1355299200, 7247788.0
1355385600, 7271988.0
1355472000, 7292752.0
1355558400, 7309451.0
1355644800, 7326599.0
1355731200, 7346823.0
1355817600, 7370920.0
1355904000, 7393045.0
1355990400, 7411278.0
1356076800, 7434689.0
1356163200, 7462008.0
1356249600, 7481097.0
1356336000, 7499196.0
1356422400, 7512626.0
1356508800, 7534787.0
1356595200, 7552729.0
1356681600, 7573248.0
1356768000, 7593991.0
1356854400, 7612980.0
1356940800, 7628182.0
1357027200, 7645584.0
1357113600, 7665742.0
1357200000, 7689230.0
1357286400, 7710306.0
1357372800, 7731499.0
1357459200, 7749343.0
1357545600, 7772808.0
1357632000, 7795638.0
1357718400, 7819446.0
1357804800, 7849579.0
1357891200, 7878473.0
1357977600, 7901410.0
1358064000, 7927994.0
1358150400, 7951010.0
1358236800, 7974247.0
1358323200, 8002714.0
1358409600, 8032794.0
1358496000, 8061082.0
1358582400, 8083587.0
1358668800, 8104816.0
1358755200, 8128468.0
1358841600, 8156018.0
1358928000, 8180132.0
1359014400, 8214710.0
1359100800, 8239448.0
1359187200, 8269166.0
1359273600, 8290124.0
1359360000, 8315814.0
1359446400, 8345075.0
1359532800, 8366686.0
1359619200, 8389042.0
1359705600, 8419127.0
1359792000, 8444626.0
1359878400, 8470340.0
1359964800, 8496597.0
1360051200, 8526252.0
1360137600, 8550155.0
1360224000, 8577836.0
1360310400, 8609203.0
1360396800, 8636340.0
1360483200, 8666143.0
1360569600, 8694856.0
1360656000, 8722050.0
1360742400, 8750694.0
1360828800, 8777921.0
1360915200, 8803224.0
1361001600, 8824066.0
1361088000, 8845510.0
1361174400, 8867113.0
1361260800, 8889940.0
1361347200, 8914980.0
1361433600, 8940027.0
1361520000, 8967051.0
1361606400, 8992105.0
1361692800, 9015517.0
1361779200, 9041067.0
1361865600, 9068206.0
1361952000, 9092726.0
1362038400, 9119989.0
1362124800, 9149623.0
1362211200, 9171488.0
1362297600, 9192242.0
1362384000, 9217143.0
1362470400, 9243164.0
1362556800, 9274782.0
1362643200, 9306960.0
1362729600, 9334844.0
1362816000, 9359986.0
1362902400, 9385208.0
1362985200, 9411064.0
1363071600, 9442265.0
1363158000, 9472954.0
1363244400, 9503549.0
1363330800, 9534924.0
1363417200, 9555085.0
1363503600, 9575391.0
1363590000, 9601536.0
1363676400, 9634182.0
1363762800, 9660908.0
1363849200, 9694209.0
1363935600, 9729838.0
1364022000, 9762090.0
1364108400, 9796583.0
1364194800, 9825154.0
1364281200, 9857268.0
1364367600, 9888765.0
1364454000, 9936636.0
1364540400, 9977694.0
1364626800, 10011909.0
1364713200, 10036945.0
1364799600, 10072476.0
1364886000, 10116854.0
1364972400, 10163505.0
1365058800, 10215927.0
1365145200, 10263303.0
1365231600, 10299963.0
1365318000, 10334532.0
1365404400, 10377499.0
1365490800, 10429787.0
1365577200, 10490108.0
1365663600, 10545139.0
1365750000, 10594120.0
1365836400, 10630703.0
1365922800, 10659642.0
1366009200, 10694402.0
1366095600, 10741021.0
1366182000, 10783738.0
1366268400, 10823330.0
1366354800, 10870643.0
1366441200, 10904019.0
1366527600, 10933104.0
1366614000, 10964370.0
1366700400, 11007597.0
1366786800, 11052563.0
1366873200, 11093414.0
1366959600, 11129462.0
1367046000, 11159485.0
1367132400, 11190607.0
1367218800, 11225658.0
1367305200, 11256530.0
1367391600, 11290370.0
1367478000, 11325659.0
1367564400, 11359231.0
1367650800, 11385288.0
1367737200, 11413078.0
1367823600, 11446599.0
1367910000, 11478078.0
1367996400, 11512364.0
1368082800, 11551120.0
1368169200, 11588560.0
1368255600, 11628991.0
1368342000, 11658386.0
1368428400, 11690744.0
1368514800, 11728076.0
1368601200, 11767181.0
1368687600, 11800203.0
1368774000, 11836117.0
1368860400, 11865231.0
1368946800, 11893323.0
1369033200, 11924773.0
1369119600, 11962748.0
1369206000, 11994825.0
1369292400, 12034008.0
1369378800, 12073810.0
1369465200, 12106398.0
1369551600, 12135488.0
1369638000, 12164806.0
1369724400, 12198922.0
1369810800, 12237085.0
1369897200, 12273450.0
1369983600, 12308784.0
1370070000, 12340114.0
1370156400, 12369450.0
1370242800, 12405908.0
1370329200, 12443305.0
1370415600, 12476721.0
1370502000, 12511249.0
1370588400, 12550267.0
1370674800, 12577812.0
1370761200, 12604124.0
1370847600, 12633187.0
1370934000, 12661273.0
1371020400, 12689452.0
1371106800, 12720097.0
1371193200, 12761947.0
1371279600, 12789246.0
1371366000, 12812508.0
1371452400, 12838821.0
1371538800, 12868953.0
1371625200, 12902995.0
1371711600, 12938384.0
1371798000, 12975767.0
1371884400, 13004878.0
1371970800, 13030076.0
1372057200, 13061641.0
1372143600, 13091391.0
1372230000, 13121134.0
1372316400, 13150332.0
1372402800, 13187899.0
1372489200, 13214719.0
1372575600, 13237585.0
1372662000, 13272002.0
1372748400, 13304989.0
1372834800, 13336181.0
1372921200, 13365308.0
1373007600, 13394926.0
1373094000, 13424321.0
1373180400, 13446501.0
1373266800, 13478184.0
1373353200, 13514128.0
1373439600, 13545313.0
1373526000, 13586922.0
1373612400, 13634363.0
1373698800, 13668715.0
1373785200, 13691303.0
1373871600, 13722059.0
1373958000, 13756805.0
1374044400, 13788709.0
1374130800, 13821574.0
1374217200, 13851295.0
1374303600, 13875299.0
1374390000, 13901593.0
1374476400, 13932027.0
1374562800, 13964400.0
1374649200, 13998131.0
1374735600, 14035418.0
1374822000, 14068848.0
1374908400, 14097076.0
1374994800, 14121788.0
1375081200, 14156778.0
1375167600, 14196140.0
1375254000, 14245141.0
1375340400, 14293175.0
1375426800, 14337849.0
1375513200, 14371798.0
1375599600, 14406147.0
1375686000, 14448177.0
1375772400, 14488226.0
1375858800, 14528697.0
1375945200, 14570055.0
1376031600, 14606388.0
1376118000, 14640824.0
1376204400, 14670124.0
1376290800, 14741412.0
1376377200, 14781641.0
1376463600, 14825081.0
1376550000, 14865648.0
1376636400, 14918032.0
1376722800, 14953382.0
1376809200, 14985689.0
1376895600, 15030065.0
1376982000, 15075991.0
1377068400, 15122219.0
1377154800, 15172208.0
1377241200, 15218336.0
1377327600, 15253962.0
1377414000, 15293350.0
1377500400, 15337490.0
1377586800, 15396361.0
1377673200, 15444834.0
1377759600, 15486555.0
1377846000, 15543027.0
1377932400, 15583933.0
1378018800, 15612033.0
1378105200, 15642920.0
1378191600, 15681485.0
1378278000, 15723420.0
1378364400, 15761131.0
1378450800, 15802267.0
1378537200, 15837040.0
1378623600, 15867177.0
1378710000, 15907279.0
1378796400, 15945708.0
1378882800, 15986160.0
1378969200, 16029082.0
1379055600, 16063250.0
1379142000, 16089201.0
1379228400, 16115959.0
1379314800, 16152062.0
1379401200, 16190058.0
1379487600, 16233094.0
1379574000, 16275024.0
1379660400, 16313085.0
1379746800, 16344697.0
1379833200, 16375063.0
1379919600, 16415531.0
1380006000, 16455263.0
1380092400, 16492209.0
1380178800, 16531215.0
1380265200, 16571732.0
1380351600, 16604736.0
1380438000, 16640371.0
1380524400, 16678977.0
1380610800, 16726307.0
1380697200, 16786334.0
1380783600, 16836058.0
1380870000, 16873471.0
1380956400, 16903702.0
1381042800, 16932532.0
1381129200, 16970112.0
1381215600, 17008196.0
1381302000, 17047200.0
1381388400, 17088059.0
1381474800, 17129002.0
1381561200, 17161598.0
1381647600, 17203566.0
1381734000, 17241637.0
1381820400, 17280667.0
1381906800, 17325149.0
1381993200, 17364574.0
1382079600, 17408569.0
1382166000, 17456196.0
1382252400, 17489219.0
1382338800, 17537063.0
1382425200, 17591472.0
1382511600, 17646339.0
1382598000, 17706634.0
1382684400, 17759934.0
1382770800, 17795000.0
1382857200, 17825172.0
1382943600, 17868550.0
1383030000, 17909873.0
1383116400, 17956882.0
1383202800, 18005586.0
1383289200, 18048937.0
1383375600, 18084819.0
1383462000, 18125239.0
1383552000, 18175482.0
1383638400, 18238125.0
1383724800, 18313256.0
1383811200, 18383446.0
1383897600, 18454203.0
1383984000, 18520262.0
1384070400, 18578831.0
1384156800, 18637902.0
1384243200, 18693406.0
1384329600, 18755080.0
1384416000, 18823244.0
1384502400, 18881991.0
1384588800, 18929473.0
1384675200, 18982227.0
1384761600, 19068701.0
1384848000, 19184895.0
1384934400, 19270714.0
1385020800, 19385138.0
1385107200, 19471133.0
1385193600, 19550274.0
1385280000, 19613725.0
1385366400, 19684572.0
1385452800, 19776964.0
1385539200, 19885339.0
1385625600, 19987044.0
1385712000, 20082225.0
1385798400, 20157516.0
1385884800, 20246005.0
1385971200, 20330532.0
1386057600, 20419705.0
1386144000, 20518109.0
1386230400, 20618403.0
1386316800, 20703063.0
1386403200, 20778202.0
1386489600, 20830660.0
1386576000, 20899829.0
1386662400, 20974121.0
1386748800, 21049770.0
1386835200, 21114461.0
1386921600, 21185502.0
1387008000, 21262681.0
1387094400, 21338803.0
1387180800, 21423309.0
1387267200, 21503977.0
1387353600, 21599829.0
1387440000, 21678757.0
1387526400, 21755487.0
1387612800, 21821147.0
1387699200, 21885907.0
1387785600, 21947087.0
1387872000, 22013139.0
1387958400, 22084700.0
1388044800, 22143268.0
1388131200, 22202029.0
1388217600, 22262460.0
1388304000, 22325859.0
1388390400, 22389165.0
1388476800, 22446370.0
1388563200, 22489088.0
1388649600, 22552899.0
1388736000, 22624444.0
1388822400, 22677849.0
1388908800, 22743839.0
1388995200, 22824459.0
1389081600, 22888365.0
1389168000, 22950999.0
1389254400, 23013307.0
1389340800, 23073276.0
1389427200, 23134265.0
1389513600, 23185310.0
1389600000, 23241833.0
1389686400, 23302417.0
1389772800, 23361236.0
1389859200, 23421118.0
1389945600, 23472396.0
1390032000, 23519516.0
1390118400, 23568270.0
1390204800, 23645077.0
1390291200, 23723626.0
1390377600, 23793812.0
1390464000, 23862148.0
1390550400, 23924895.0
1390636800, 23980582.0
1390723200, 24036081.0
1390809600, 24101343.0
1390896000, 24177556.0
1390982400, 24239662.0
1391068800, 24310042.0
1391155200, 24380771.0
1391241600, 24444810.0
1391328000, 24510959.0
1391414400, 24583050.0
1391500800, 24668129.0
1391587200, 24741063.0
1391673600, 24816886.0
1391760000, 24900674.0
1391846400, 24970177.0
1391932800, 25026524.0
1392019200, 25087076.0
1392105600, 25155508.0
1392192000, 25288692.0
1392278400, 25371917.0
1392364800, 25456024.0
1392451200, 25531432.0
1392537600, 25588058.0
1392624000, 25657145.0
1392710400, 25733868.0
1392796800, 25828696.0
1392883200, 25924069.0
1392969600, 26023029.0
1393056000, 26103996.0
1393142400, 26192192.0
1393228800, 26295204.0
1393315200, 26410334.0
1393401600, 26515910.0
1393488000, 26603168.0
1393574400, 26706292.0
1393660800, 26803278.0
1393747200, 26880825.0
1393833600, 26989865.0
1393920000, 27115086.0
1394006400, 27227621.0
1394092800, 27332143.0
1394179200, 27429822.0
1394265600, 27519859.0
1394352000, 27601430.0
1394434800, 27693666.0
1394521200, 27791886.0
1394607600, 27899629.0
1394694000, 27995458.0
1394780400, 28099164.0
1394866800, 28166470.0
1394953200, 28223262.0
1395039600, 28294897.0
1395126000, 28355064.0
1395212400, 28418456.0
1395298800, 28495504.0
1395385200, 28599564.0
1395471600, 28686962.0
1395558000, 28752976.0
1395644400, 28832644.0
1395730800, 28916906.0
1395817200, 29003071.0
1395903600, 29104872.0
1395990000, 29201222.0
1396076400, 29267866.0
1396162800, 29323318.0
1396249200, 29414182.0
1396335600, 29509220.0
1396422000, 29604763.0
1396508400, 29689693.0
1396594800, 29789612.0
1396681200, 29874308.0
1396767600, 29943907.0
1396854000, 30029433.0
1396940400, 30114553.0
1397026800, 30213483.0
1397113200, 30311201.0
1397199600, 30404061.0
1397286000, 30475435.0
1397372400, 30538714.0
1397458800, 30640216.0
1397545200, 30745248.0
1397631600, 30842924.0
1397718000, 30923554.0
1397804400, 31000507.0
1397890800, 31076351.0
1397977200, 31135620.0
1398063600, 31207015.0
1398150000, 31301751.0
1398236400, 31378207.0
1398322800, 31463749.0
1398409200, 31556757.0
1398495600, 31623415.0
1398582000, 31684762.0
1398668400, 31768473.0
1398754800, 31860315.0
1398841200, 31947588.0
1398927600, 32026661.0
1399014000, 32097840.0
1399100400, 32149657.0
1399186800, 32197442.0
1399273200, 32268014.0
1399359600, 32354963.0
1399446000, 32439894.0
1399532400, 32532785.0
1399618800, 32618962.0
1399705200, 32687419.0
1399791600, 32739246.0
1399878000, 32813874.0
1399964400, 32885526.0
1400050800, 32967680.0
1400137200, 33064467.0
1400223600, 33139602.0
1400310000, 33216566.0
1400396400, 33282682.0
1400482800, 33387888.0
1400569200, 33491314.0
1400655600, 33567832.0
1400742000, 33649827.0
1400828400, 33741891.0
1400914800, 33796849.0
1401001200, 33868221.0
1401087600, 33955142.0
1401174000, 34049917.0
1401260400, 34154606.0
1401346800, 34245552.0
1401433200, 34318016.0
1401519600, 34389898.0
1401606000, 34465881.0
1401692400, 34556785.0
1401778800, 34657432.0
1401865200, 34743760.0
1401951600, 34842910.0
1402038000, 34937620.0
1402124400, 35006414.0
1402210800, 35070012.0
1402297200, 35157352.0
1402383600, 35251951.0
1402470000, 35342597.0
1402556400, 35432347.0
1402642800, 35523763.0
1402729200, 35598824.0
1402815600, 35655512.0
1402902000, 35750283.0
1402988400, 35844276.0
1403074800, 35930278.0
1403161200, 36008693.0
1403247600, 36084457.0
1403334000, 36161650.0
1403420400, 36225850.0
1403506800, 36303170.0
1403593200, 36396106.0
1403679600, 36487654.0
1403766000, 36568716.0
1403852400, 36656978.0
1403938800, 36729040.0
1404025200, 36785734.0
1404111600, 36877660.0
1404198000, 36978205.0
1404284400, 37074378.0
1404370800, 37153416.0
1404457200, 37216537.0
1404543600, 37269393.0
1404630000, 37333303.0
1404716400, 37420603.0
1404802800, 37530251.0
1404889200, 37624448.0
1404975600, 37718921.0
1405062000, 37811315.0
1405148400, 37873959.0
1405234800, 37944410.0
1405321200, 38023698.0
1405407600, 38119035.0
1405494000, 38202945.0
1405580400, 38295316.0
1405666800, 38388749.0
1405753200, 38466051.0
1405839600, 38531151.0
1405926000, 38613226.0
1406012400, 38699647.0
1406098800, 38794806.0
1406185200, 38886117.0
1406271600, 38978905.0
1406358000, 39046901.0
1406444400, 39108016.0
1406530800, 39198982.0
1406617200, 39285052.0
1406703600, 39385263.0
1406790000, 39483353.0
1406876400, 39572332.0
1406962800, 39643361.0
1407049200, 39695294.0
1407135600, 39780516.0
1407222000, 39885831.0
1407308400, 39996493.0
1407394800, 40091146.0
1407481200, 40186987.0
1407567600, 40262258.0
1407654000, 40335368.0
1407740400, 40439083.0
1407826800, 40546222.0
1407913200, 40655041.0
1407999600, 40760614.0
1408086000, 40862764.0
1408172400, 40962164.0
1408258800, 41029163.0
1408345200, 41127804.0
1408431600, 41230861.0
1408518000, 41330491.0
1408604400, 41429029.0
1408690800, 41524257.0
1408777200, 41601840.0
1408863600, 41675844.0
1408950000, 41771125.0
1409036400, 41871370.0
1409122800, 41974303.0
1409209200, 42064458.0
1409295600, 42150753.0
1409382000, 42228049.0
1409468400, 42294179.0
1409554800, 42374064.0
1409641200, 42474091.0
1409727600, 42563840.0
1409814000, 42658654.0
1409900400, 42752925.0
1409986800, 42827374.0
1410073200, 42892476.0
1410159600, 42992738.0
1410246000, 43135248.0
1410332400, 43280230.0
1410418800, 43368590.0
1410505200, 43459173.0
1410591600, 43535884.0
1410678000, 43614787.0
1410764400, 43716417.0
1410850800, 43834994.0
1410937200, 43939044.0
1411023600, 44039674.0
1411110000, 44128394.0
1411196400, 44212511.0
1411282800, 44265158.0
1411369200, 44370239.0
1411455600, 44483545.0
1411542000, 44573205.0
1411628400, 44678726.0
1411714800, 44771618.0
1411801200, 44858258.0
1411887600, 44930641.0
1411974000, 45033131.0
1412060400, 45141266.0
1412146800, 45239129.0
1412233200, 45337764.0
1412319600, 45401753.0
1412406000, 45463074.0
1412492400, 45535245.0
1412578800, 45626689.0
1412665200, 45734914.0
1412751600, 45841215.0
1412838000, 45943279.0
1412924400, 46044053.0
1413010800, 46128508.0
1413097200, 46212773.0
1413183600, 46315795.0
1413270000, 46442015.0
1413356400, 46555362.0
1413442800, 46658469.0
1413529200, 46760221.0
1413615600, 46846497.0
1413702000, 46919014.0
1413788400, 47029001.0
1413874800, 47149968.0
1413961200, 47261315.0
1414047600, 47380055.0
1414134000, 47488579.0
1414220400, 47570287.0
1414306800, 47658252.0
1414393200, 47776582.0
1414479600, 47887067.0
1414566000, 47999439.0
1414652400, 48116875.0
1414738800, 48231474.0
1414825200, 48321568.0
1414911600, 48403678.0
1415001600, 48524753.0
1415088000, 48638424.0
1415174400, 48750966.0
1415260800, 48886020.0
1415347200, 49022586.0
1415433600, 49117271.0
1415520000, 49194310.0
1415606400, 49309310.0
1415692800, 49422874.0
1415779200, 49550712.0
1415865600, 49669446.0
1415952000, 49777960.0
1416038400, 49869398.0
1416124800, 49946129.0
1416211200, 50065307.0
1416297600, 50176087.0
1416384000, 50284853.0
1416470400, 50407753.0
1416556800, 50514456.0
1416643200, 50607298.0
1416729600, 50679297.0
1416816000, 50786212.0
1416902400, 50903387.0
1416988800, 51012053.0
1417075200, 51125193.0
1417161600, 51229118.0
1417248000, 51327023.0
1417334400, 51430115.0
1417420800, 51537642.0
1417507200, 51684264.0
1417593600, 51813342.0
1417680000, 51941676.0
1417766400, 52051744.0
1417852800, 52149233.0
1417939200, 52217957.0
1418025600, 52356823.0
1418112000, 52479008.0
1418198400, 52603852.0
1418284800, 52721437.0
1418371200, 52832479.0
1418457600, 52934680.0
1418544000, 53025353.0
1418630400, 53158064.0
1418716800, 53303334.0
1418803200, 53448704.0
1418889600, 53580978.0
1418976000, 53693081.0
1419062400, 53806766.0
1419148800, 53902828.0
1419235200, 54052794.0
1419321600, 54199610.0
1419408000, 54302819.0
1419494400, 54387405.0
1419580800, 54475805.0
1419667200, 54575159.0
1419753600, 54660497.0
1419840000, 54770985.0
1419926400, 54877417.0
1420012800, 54973839.0
1420099200, 55042685.0
1420185600, 55137909.0
1420272000, 55231721.0
1420358400, 55332398.0
1420444800, 55460953.0
1420531200, 55580826.0
1420617600, 55693737.0
1420704000, 55818050.0
1420790400, 55940792.0
1420876800, 56041999.0
1420963200, 56150052.0
1421049600, 56271389.0
1421136000, 56418247.0
1421222400, 56560460.0
1421308800, 56711826.0
1421395200, 56843875.0
1421481600, 56953813.0
1421568000, 57058574.0
1421654400, 57194824.0
1421740800, 57318645.0
1421827200, 57445704.0
1421913600, 57567355.0
1422000000, 57677700.0
1422086400, 57780742.0
1422172800, 57885826.0
1422259200, 58022061.0
1422345600, 58158905.0
1422432000, 58258583.0
1422518400, 58362838.0
1422604800, 58453355.0
1422691200, 58565048.0
1422777600, 58665938.0
1422864000, 58788061.0
1422950400, 58916997.0
1423036800, 59040402.0
1423123200, 59162829.0
1423209600, 59270529.0
1423296000, 59377352.0
1423382400, 59464106.0
1423468800, 59588052.0
1423555200, 59707774.0
1423641600, 59834513.0
1423728000, 59939999.0
1423814400, 60071363.0
1423900800, 60196652.0
1423987200, 60305592.0
1424073600, 60427491.0
1424160000, 60557123.0
1424246400, 60688754.0
1424332800, 60800509.0
1424419200, 60928747.0
1424505600, 61035252.0
1424592000, 61135422.0
1424678400, 61261259.0
1424764800, 61388221.0
1424851200, 61513929.0
1424937600, 61638197.0
1425024000, 61763305.0
1425110400, 61858403.0
1425196800, 61969630.0
1425283200, 62123020.0
1425369600, 62275004.0
1425456000, 62402965.0
1425542400, 62544719.0
1425628800, 62670636.0
1425715200, 62763587.0
1425801600, 62864174.0
1425884400, 62987934.0
1425970800, 63125939.0
1426057200, 63257434.0
1426143600, 63398276.0
1426230000, 63527148.0
1426316400, 63623460.0
1426402800, 63711231.0
1426489200, 63838985.0
1426575600, 63952259.0
1426662000, 64087184.0
1426748400, 64241732.0
1426834800, 64360197.0
1426921200, 64451223.0
1427007600, 64555461.0
1427094000, 64675420.0
1427180400, 64791739.0
1427266800, 64907520.0
1427353200, 65026507.0
1427439600, 65144535.0
1427526000, 65232951.0
1427612400, 65339017.0
1427698800, 65478058.0
1427785200, 65614130.0
1427871600, 65767214.0
1427958000, 65903945.0
1428044400, 66027872.0
1428130800, 66120027.0
1428217200, 66222179.0
1428303600, 66349453.0
1428390000, 66487177.0
1428476400, 66624556.0
1428562800, 66760796.0
1428649200, 66893153.0
1428735600, 66995826.0
1428822000, 67090178.0
1428908400, 67239729.0
1428994800, 67375184.0
1429081200, 67494026.0
1429167600, 67606148.0
1429254000, 67719255.0
1429340400, 67805300.0
1429426800, 67910142.0
1429513200, 68032449.0
1429599600, 68164985.0
1429686000, 68296721.0
1429772400, 68428508.0
1429858800, 68570241.0
1429945200, 68663425.0
1430031600, 68776304.0
1430118000, 68905394.0
1430204400, 69043994.0
1430290800, 69183196.0
1430377200, 69316629.0
1430463600, 69431734.0
1430550000, 69523164.0
1430636400, 69610402.0
1430722800, 69740575.0
1430809200, 69882291.0
1430895600, 70027628.0
1430982000, 70161823.0
1431068400, 70276366.0
1431154800, 70390540.0
1431241200, 70506855.0
1431327600, 70646024.0
1431414000, 70797745.0
1431500400, 70923485.0
1431586800, 71050689.0
1431673200, 71176231.0
1431759600, 71281209.0
1431846000, 71388008.0
1431932400, 71502454.0
1432018800, 71638834.0
1432105200, 71772351.0
1432191600, 71894411.0
1432278000, 72020199.0
1432364400, 72119833.0
1432450800, 72222572.0
1432537200, 72346493.0
1432623600, 72483549.0
1432710000, 72623857.0
1432796400, 72757232.0
1432882800, 72898665.0
1432969200, 73037872.0
1433055600, 73164436.0
1433142000, 73330218.0
1433228400, 73500060.0
1433314800, 73661262.0
1433401200, 73814529.0
1433487600, 73957736.0
1433574000, 74066566.0
1433660400, 74167597.0
1433746800, 74275290.0
1433833200, 74423982.0
1433919600, 74633323.0
1434006000, 74792651.0
1434092400, 74950432.0
1434178800, 75073919.0
1434265200, 75204679.0
1434351600, 75370729.0
1434438000, 75519983.0
1434524400, 75711964.0
1434610800, 75875228.0
1434697200, 76019293.0
1434783600, 76131206.0
1434870000, 76244595.0
1434956400, 76379668.0
1435042800, 76541489.0
1435129200, 76683974.0
1435215600, 76799136.0
1435302000, 76962098.0
1435388400, 77097988.0
1435474800, 77210780.0
1435561200, 77361365.0
1435647600, 77545499.0
1435734000, 77709757.0
1435820400, 77886410.0
1435906800, 78052579.0
1435993200, 78174390.0
1436079600, 78314913.0
1436166000, 78514826.0
1436252400, 78706597.0
1436338800, 78901177.0
1436425200, 79087089.0
1436511600, 79278386.0
1436598000, 79435068.0
1436684400, 79591553.0
1436770800, 79747755.0
1436857200, 79906341.0
1436943600, 80048101.0
1437030000, 80193770.0
1437116400, 80333061.0
1437202800, 80448480.0
1437289200, 80550990.0
1437375600, 80705403.0
1437462000, 80873083.0
1437548400, 81033568.0
1437634800, 81176932.0
1437721200, 81318957.0
1437807600, 81438013.0
1437894000, 81546955.0
1437980400, 81685693.0
1438066800, 81838492.0
1438153200, 82020121.0
1438239600, 82172528.0
1438326000, 82341127.0
1438412400, 82486296.0
1438498800, 82594142.0
1438585200, 82740261.0
1438671600, 82889947.0
1438758000, 83065164.0
1438844400, 83225922.0
1438930800, 83371857.0
1439017200, 83491302.0
1439103600, 83593859.0
1439190000, 83740227.0
1439276400, 83885276.0
1439362800, 84030627.0
1439449200, 84177334.0
1439535600, 84317769.0
1439622000, 84439297.0
1439708400, 84548170.0
1439794800, 84694183.0
1439881200, 84853254.0
1439967600, 85006499.0
1440054000, 85152564.0
1440140400, 85308385.0
1440226800, 85452595.0
1440313200, 85568781.0
1440399600, 85731611.0
1440486000, 85877287.0
1440572400, 86023069.0
1440658800, 86164375.0
1440745200, 86319152.0
1440831600, 86447767.0
1440918000, 86560159.0
1441004400, 86718036.0
1441090800, 86880541.0
1441177200, 87049892.0
1441263600, 87210122.0
1441350000, 87341497.0
1441436400, 87478645.0
1441522800, 87602974.0
1441609200, 87752931.0
1441695600, 87916205.0
1441782000, 88072491.0
1441868400, 88218562.0
1441954800, 88358138.0
1442041200, 88487550.0
1442127600, 88606576.0
1442214000, 88769875.0
1442300400, 88937667.0
1442386800, 89098833.0
1442473200, 89253798.0
1442559600, 89418742.0
1442646000, 89558428.0
1442732400, 89669743.0
1442818800, 89838228.0
1442905200, 90002762.0
1442991600, 90157079.0
1443078000, 90311777.0
1443164400, 90472563.0
1443250800, 90624625.0
1443337200, 90768231.0
1443423600, 90935819.0
1443510000, 91142664.0
1443596400, 91308918.0
1443682800, 91459333.0
1443769200, 91628062.0
1443855600, 91759084.0
1443942000, 91851062.0
1444028400, 91984292.0
1444114800, 92147671.0
1444201200, 92300548.0
1444287600, 92471734.0
1444374000, 92594662.0
1444460400, 92714131.0
1444546800, 92814351.0
1444633200, 92962739.0
1444719600, 93109175.0
1444806000, 93272257.0
1444892400, 93466420.0
1444978800, 93641448.0
1445065200, 93804554.0
1445151600, 93947724.0
1445238000, 94134841.0
1445324400, 94343721.0
1445410800, 94528633.0
1445497200, 94701644.0
1445583600, 94905945.0
1445670000, 95067456.0
1445756400, 95246837.0
1445842800, 95461225.0
1445929200, 95614934.0
1446015600, 95783841.0
1446102000, 95988423.0
1446188400, 96172883.0
1446274800, 96330556.0
1446361200, 96490063.0
1446451200, 96710953.0
1446537600, 96922774.0
1446624000, 97181384.0
1446710400, 97407641.0
1446796800, 97600638.0
1446883200, 97775319.0
1446969600, 97925365.0
1447056000, 98138581.0
1447142400, 98340139.0
1447228800, 98528155.0
1447315200, 98699724.0
1447401600, 98867275.0
1447488000, 99011141.0
1447574400, 99178567.0
1447660800, 99388569.0
1447747200, 99582091.0
1447833600, 99785862.0
1447920000, 99965026.0
1448006400, 100139324.0
1448092800, 100310672.0
1448179200, 100449264.0
1448265600, 100621919.0
1448352000, 100798103.0
1448438400, 100985157.0
1448524800, 101180338.0
1448611200, 101352305.0
1448697600, 101507920.0
1448784000, 101662080.0
1448870400, 101891572.0
1448956800, 102095694.0
1449043200, 102301240.0
1449129600, 102494707.0
1449216000, 102706381.0
1449302400, 102899855.0
1449388800, 103070825.0
1449475200, 103306544.0
1449561600, 103519474.0
1449648000, 103781970.0
1449734400, 104028962.0
1449820800, 104245303.0
1449907200, 104486056.0
1449993600, 104674545.0
1450080000, 104963045.0
1450166400, 105189251.0
1450252800, 105431365.0
1450339200, 105655073.0
1450425600, 105880209.0
1450512000, 106076853.0
1450598400, 106264763.0
1450684800, 106509615.0
1450771200, 106726766.0
1450857600, 106964824.0
1450944000, 107171329.0
1451030400, 107328540.0
1451116800, 107488834.0
1451203200, 107644706.0
1451289600, 107832228.0
1451376000, 108046167.0
1451462400, 108220537.0
1451548800, 108407579.0
1451635200, 108536237.0
1451721600, 108733383.0
1451808000, 108887020.0
1451894400, 109093169.0
1451980800, 109307540.0
1452067200, 109503531.0
1452153600, 109707110.0
1452240000, 109926237.0
1452326400, 110126135.0
1452412800, 110307978.0
1452499200, 110532548.0
1452585600, 110750018.0
1452672000, 110972253.0
1452758400, 111188666.0
1452844800, 111400022.0
1452931200, 111652248.0
1453017600, 111875943.0
1453104000, 112132134.0
1453190400, 112339994.0
1453276800, 112693383.0
1453363200, 112965351.0
1453449600, 113245919.0
1453536000, 113468110.0
1453622400, 113669440.0
1453708800, 113941325.0
1453795200, 114217554.0
1453881600, 114491488.0
1453968000, 114784968.0
1454054400, 115109233.0
1454140800, 115352968.0
1454227200, 115559961.0
1454313600, 115930228.0
1454400000, 116348068.0
1454486400, 116684303.0
1454572800, 116902938.0
1454659200, 117162716.0
1454745600, 117391689.0
1454832000, 117607103.0
1454918400, 117850997.0
1455004800, 118119590.0
1455091200, 118383481.0
1455177600, 118636566.0
1455264000, 118869784.0
1455350400, 119076615.0
1455436800, 119273277.0
1455523200, 119511467.0
1455609600, 119743005.0
1455696000, 120004915.0
1455782400, 120237222.0
1455868800, 120501164.0
1455955200, 120731624.0
1456041600, 120944911.0
1456128000, 121171485.0
1456214400, 121440909.0
1456300800, 121671881.0
1456387200, 121939443.0
1456473600, 122168941.0
1456560000, 122392251.0
1456646400, 122593793.0
1456732800, 122835581.0
1456819200, 123085061.0
1456905600, 123376129.0
1456992000, 123608018.0
1457078400, 123893482.0
1457164800, 124158099.0
1457251200, 124328063.0
1457337600, 124524283.0
1457424000, 124748815.0
1457510400, 125048110.0
1457596800, 125247435.0
1457683200, 125445260.0
1457769600, 125618045.0
1457856000, 125781117.0
1457938800, 125984021.0
1458025200, 126191329.0
1458111600, 126413739.0
1458198000, 126634950.0
1458284400, 126847833.0
1458370800, 127021977.0
1458457200, 127204135.0
1458543600, 127420195.0
1458630000, 127629117.0
1458716400, 127822729.0
1458802800, 128032666.0
1458889200, 128210768.0
1458975600, 128442750.0
1459062000, 128616249.0
1459148400, 128900534.0
1459234800, 129300728.0
1459321200, 129565820.0
1459407600, 129775539.0
1459494000, 130022241.0
1459580400, 130255576.0
1459666800, 130453149.0
1459753200, 130677193.0
1459839600, 130903670.0
1459926000, 131123094.0
1460012400, 131326014.0
1460098800, 131527106.0
1460185200, 131714327.0
1460271600, 131862647.0
1460358000, 132077353.0
1460444400, 132313707.0
1460530800, 132556355.0
1460617200, 132788578.0
1460703600, 132982284.0
1460790000, 133167650.0
1460876400, 133364986.0
1460962800, 133577131.0
1461049200, 133798611.0
1461135600, 134032339.0
1461222000, 134244924.0
1461308400, 134461519.0
1461394800, 134630844.0
1461481200, 134812393.0
1461567600, 135032508.0
1461654000, 135277811.0
1461740400, 135508996.0
1461826800, 135725750.0
1461913200, 135957529.0
1461999600, 136160207.0
1462086000, 136321629.0
1462172400, 136525465.0
1462258800, 136735220.0
1462345200, 136951901.0
1462431600, 137155103.0
1462518000, 137354459.0
1462604400, 137534784.0
1462690800, 137699946.0
1462777200, 137900440.0
1462863600, 138113707.0
1462950000, 138324793.0
1463036400, 138525874.0
1463122800, 138723524.0
1463209200, 138913193.0
1463295600, 139082660.0
1463382000, 139275385.0
1463468400, 139480774.0
1463554800, 139695290.0
1463641200, 139894358.0
1463727600, 140085909.0
1463814000, 140307401.0
1463900400, 140498919.0
1463986800, 140691752.0
1464073200, 140916625.0
1464159600, 141141463.0
1464246000, 141343268.0
1464332400, 141577915.0
1464418800, 141786782.0
1464505200, 141955788.0
1464591600, 142192445.0
1464678000, 142394819.0
1464764400, 142615408.0
1464850800, 142827429.0
1464937200, 143046711.0
1465023600, 143218861.0
1465110000, 143392898.0
1465196400, 143608717.0
1465282800, 143816331.0
1465369200, 144023141.0
1465455600, 144244297.0
1465542000, 144468216.0
1465628400, 144664760.0
1465714800, 144874434.0
1465801200, 145133644.0
1465887600, 145361975.0
1465974000, 145625171.0
1466060400, 145866207.0
1466146800, 146130330.0
1466233200, 146386271.0
1466319600, 146598893.0
1466406000, 146818097.0
1466492400, 147079894.0
1466578800, 147333313.0
1466665200, 147569652.0
1466751600, 147800762.0
1466838000, 148028976.0
1466924400, 148231889.0
1467010800, 148453817.0
1467097200, 148690139.0
1467183600, 148909610.0
1467270000, 149142292.0
1467356400, 149378938.0
1467442800, 149587321.0
1467529200, 149747887.0
1467615600, 149957715.0
1467702000, 150189029.0
1467788400, 150404064.0
1467874800, 150629488.0
1467961200, 150837738.0
1468047600, 151014367.0
1468134000, 151168434.0
1468220400, 151383189.0
1468306800, 151602247.0
1468393200, 151803175.0
1468479600, 152034267.0
1468566000, 152239527.0
1468652400, 152443200.0
1468738800, 152628810.0
1468825200, 152852324.0
1468911600, 153064890.0
1468998000, 153287975.0
1469084400, 153490370.0
1469170800, 153700340.0
1469257200, 153907974.0
1469343600, 154080145.0
1469430000, 154310120.0
1469516400, 154531836.0
1469602800, 154762717.0
1469689200, 154993069.0
1469775600, 155219441.0
1469862000, 155387937.0
1469948400, 155622508.0
1470034800, 155853833.0
1470121200, 156114102.0
1470207600, 156356992.0
1470294000, 156590090.0
1470380400, 156811635.0
1470466800, 156996522.0
1470553200, 157190774.0
1470639600, 157426153.0
1470726000, 157641522.0
1470812400, 157891949.0
1470898800, 158147218.0
1470985200, 158378627.0
1471071600, 158559280.0
1471158000, 158734464.0
1471244400, 158980741.0
1471330800, 159232942.0
1471417200, 159482583.0
1471503600, 159744332.0
1471590000, 159989305.0
1471676400, 160196071.0
1471762800, 160377297.0
1471849200, 160623670.0
1471935600, 160880460.0
1472022000, 161120087.0
1472108400, 161341233.0
1472194800, 161571111.0
1472281200, 161775210.0
1472367600, 161966436.0
1472454000, 162215098.0
1472540400, 162483076.0
1472626800, 162736605.0
1472713200, 162980129.0
1472799600, 163201780.0
1472886000, 163419017.0
1472972400, 163613419.0
1473058800, 163861629.0
1473145200, 164105444.0
1473231600, 164379899.0
1473318000, 164625823.0
1473404400, 164878972.0
1473490800, 165091301.0
1473577200, 165279392.0
1473663600, 165527417.0
1473750000, 165804507.0
1473836400, 166056033.0
1473922800, 166296416.0
1474009200, 166521764.0
1474095600, 166764897.0
1474182000, 166976669.0
1474268400, 167219764.0
1474354800, 167475104.0
1474441200, 167724738.0
1474527600, 167969982.0
1474614000, 168206708.0
1474700400, 168432151.0
1474786800, 168634406.0
1474873200, 168901823.0
1474959600, 169184991.0
1475046000, 169457235.0
1475132400, 169733460.0
1475218800, 170010534.0
1475305200, 170251450.0
1475391600, 170464893.0
1475478000, 170771842.0
1475564400, 171069037.0
1475650800, 171366381.0
1475737200, 171671894.0
1475823600, 171955616.0
1475910000, 172220174.0
1475996400, 172441451.0
1476082800, 172684476.0
1476169200, 172991800.0
1476255600, 173269264.0
1476342000, 173575177.0
1476428400, 173841717.0
1476514800, 174088161.0
1476601200, 174316916.0
1476687600, 174595672.0
1476774000, 174891976.0
1476860400, 175122830.0
1476946800, 175453186.0
1477033200, 175745390.0
1477119600, 176008607.0
1477206000, 176259400.0
1477292400, 176552059.0
1477378800, 176859265.0
1477465200, 177167612.0
1477551600, 177533746.0
1477638000, 177804785.0
1477724400, 178049879.0
1477810800, 178274880.0
1477897200, 178534846.0
1477983600, 178847170.0
1478070000, 179147483.0
1478156400, 179442685.0
1478242800, 179714318.0
1478329200, 179969938.0
1478415600, 180207031.0
1478505600, 180512010.0
1478592000, 180842144.0
1478678400, 181152375.0
1478764800, 181453102.0
1478851200, 181726697.0
1478937600, 181981827.0
1479024000, 182224442.0
1479110400, 182532119.0
1479196800, 182842827.0
1479283200, 183146307.0
1479369600, 183455115.0
1479456000, 183750326.0
1479542400, 184009907.0
1479628800, 184269070.0
1479715200, 184557741.0
1479801600, 184850425.0
1479888000, 185176815.0
1479974400, 185549426.0
1480060800, 185890535.0
1480147200, 186214943.0
1480233600, 186483625.0
1480320000, 186840445.0
1480406400, 187173630.0
1480492800, 187490625.0
1480579200, 187819170.0
1480665600, 188163154.0
1480752000, 188520000.0
1480838400, 188868271.0
1480924800, 189200990.0
1481011200, 189575899.0
1481097600, 189974519.0
1481184000, 190309917.0
1481270400, 190618173.0
1481356800, 190914631.0
1481443200, 191178488.0
1481529600, 191489933.0
1481616000, 191825734.0
1481702400, 192124646.0
1481788800, 192427469.0
1481875200, 192739750.0
1481961600, 192998448.0
1482048000, 193280046.0
1482134400, 193605027.0
1482220800, 193932272.0
1482307200, 194307701.0
1482393600, 194672141.0
1482480000, 195008431.0
1482566400, 195288164.0
1482652800, 195508566.0
1482739200, 195786812.0
1482825600, 196111565.0
1482912000, 196447776.0
1482998400, 196782936.0
1483084800, 197112053.0
1483171200, 197379180.0
1483257600, 197571628.0
1483344000, 197918362.0
1483430400, 198235929.0
1483516800, 198586549.0
1483603200, 198911322.0
1483689600, 199258439.0
1483776000, 199562606.0
1483862400, 199858188.0
1483948800, 200145715.0
1484035200, 200487201.0
1484121600, 200801681.0
1484208000, 201113501.0
1484294400, 201388319.0
1484380800, 201668866.0
1484467200, 201934105.0
1484553600, 202250649.0
1484640000, 202581096.0
1484726400, 202897073.0
1484812800, 203250338.0
1484899200, 203576954.0
1484985600, 203886082.0
1485072000, 204158346.0
1485158400, 204472900.0
1485244800, 204844956.0
1485331200, 205207601.0
1485417600, 205601096.0
1485504000, 205950661.0
1485590400, 206260821.0
1485676800, 206582388.0
1485763200, 206898107.0
1485849600, 207236697.0
1485936000, 207647121.0
1486022400, 207967638.0
1486108800, 208308138.0
1486195200, 208633977.0
1486281600, 208983144.0
1486368000, 209290362.0
1486454400, 209647656.0
1486540800, 209972931.0
1486627200, 210359238.0
1486713600, 210685549.0
1486800000, 210986429.0
1486886400, 211265553.0
1486972800, 211595574.0
1487059200, 211922406.0
1487145600, 212225795.0
1487232000, 212571251.0
1487318400, 212898608.0
1487404800, 213232372.0
1487491200, 213516569.0
1487577600, 213833961.0
1487664000, 214146060.0
1487750400, 214443430.0
1487836800, 214778186.0
1487923200, 215153410.0
1488009600, 215517237.0
1488096000, 215854695.0
1488182400, 216157992.0
1488268800, 216500225.0
1488355200, 216835629.0
1488441600, 217199313.0
1488528000, 217545281.0
1488614400, 217837023.0
1488700800, 218169337.0
1488787200, 218487247.0
1488873600, 218865417.0
1488960000, 219218308.0
1489046400, 219573002.0
1489132800, 219948701.0
1489219200, 220295655.0
1489305600, 220593593.0
1489388400, 220928709.0
1489474800, 221308736.0
1489561200, 221646058.0
1489647600, 222010896.0
1489734000, 222378853.0
1489820400, 222713138.0
1489906800, 223038119.0
1489993200, 223347210.0
1490079600, 223684877.0
1490166000, 224081354.0
1490252400, 224422068.0
1490338800, 224793036.0
1490425200, 225074672.0
1490511600, 225341859.0
1490598000, 225627685.0
1490684400, 226000476.0
1490770800, 226327152.0
1490857200, 226697521.0
1490943600, 227010532.0
1491030000, 227315597.0
1491116400, 227620502.0
1491202800, 227977008.0
1491289200, 228280267.0
1491375600, 228657472.0
1491462000, 229014681.0
1491548400, 229401083.0
1491634800, 229669776.0
1491721200, 229996270.0
1491807600, 230312966.0
1491894000, 230700298.0
1491980400, 231030251.0
1492066800, 231340302.0
1492153200, 231673883.0
1492239600, 232002026.0
1492326000, 232292435.0
1492412400, 232576553.0
1492498800, 232921513.0
1492585200, 233269331.0
1492671600, 233629791.0
1492758000, 234023590.0
1492844400, 234340041.0
1492930800, 234642005.0
1493017200, 234939486.0
1493103600, 235308605.0
1493190000, 235683208.0
1493276400, 236041604.0
1493362800, 236376541.0
1493449200, 236782569.0
1493535600, 237155795.0
1493622000, 237498789.0
1493708400, 237886352.0
1493794800, 238215876.0
1493881200, 238617230.0
1493967600, 238924573.0
1494054000, 239340661.0
1494140400, 239731587.0
1494226800, 240156980.0
1494313200, 240547140.0
1494399600, 240901052.0
1494486000, 241226029.0
1494572400, 241575729.0
1494658800, 241954586.0
1494745200, 242375712.0
1494831600, 242763055.0
1494918000, 243112534.0
1495004400, 243499788.0
1495090800, 243874815.0
1495177200, 244277215.0
1495263600, 244716377.0
1495350000, 245092880.0
1495436400, 245461023.0
1495522800, 245883234.0
1495609200, 246259068.0
1495695600, 246655264.0
1495782000, 247042390.0
1495868400, 247469008.0
1495954800, 247896289.0
1496041200, 248258518.0
1496127600, 248666901.0
1496214000, 249055985.0
1496300400, 249468035.0
1496386800, 249821667.0
1496473200, 250282353.0
1496559600, 250631502.0
1496646000, 251024589.0
1496732400, 251396186.0
1496818800, 251845080.0
1496905200, 252259886.0
1496991600, 252638655.0
1497078000, 252973522.0
1497164400, 253303584.0
1497250800, 253658566.0
1497337200, 254003615.0
1497423600, 254366959.0
1497510000, 254772990.0
1497596400, 255132347.0
1497682800, 255462230.0
1497769200, 255780624.0
1497855600, 256157584.0
1497942000, 256477454.0
1498028400, 256827031.0
1498114800, 257211407.0
1498201200, 257569959.0
1498287600, 257882935.0
1498374000, 258138498.0
1498460400, 258494126.0
1498546800, 258791362.0
1498633200, 259178849.0
1498719600, 259487376.0
1498806000, 259847500.0
1498892400, 260173762.0
1498978800, 260473825.0
1499065200, 260812951.0
1499151600, 261131905.0
1499238000, 261441338.0
1499324400, 261750179.0
1499410800, 262080392.0
1499497200, 262398472.0
1499583600, 262651669.0
1499670000, 262969643.0
1499756400, 263319623.0
1499842800, 263703997.0
1499929200, 264035730.0
1500015600, 264334076.0
1500102000, 264654891.0
1500188400, 264964670.0
1500274800, 265319284.0
1500361200, 265719081.0
1500447600, 266087847.0
1500534000, 266414916.0
1500620400, 266794201.0
1500706800, 267138604.0
1500793200, 267415911.0
1500879600, 267761587.0
1500966000, 268082701.0
1501052400, 268436460.0
1501138800, 268815377.0
1501225200, 269173668.0
1501311600, 269524782.0
1501398000, 269825042.0
1501484400, 270196547.0
1501570800, 270422536.0
1501657200, 270738627.0
1501743600, 271046725.0
1501830000, 271379757.0
1501916400, 271725587.0
1502002800, 271984211.0
1502089200, 272318261.0
1502175600, 272695891.0
1502262000, 273052184.0
1502348400, 273414144.0
1502434800, 273790245.0
1502521200, 274125016.0
1502607600, 274496920.0
1502694000, 274814574.0
1502780400, 275181556.0
1502866800, 275518448.0
1502953200, 275992762.0
1503039600, 276361939.0
1503126000, 276715868.0
1503212400, 277020735.0
1503298800, 277307043.0
1503385200, 277536482.0
1503471600, 277968809.0
1503558000, 278234199.0
1503644400, 278457829.0
1503730800, 278743224.0
1503817200, 279144880.0
1503903600, 279440278.0
1503990000, 279848724.0
1504076400, 280272141.0
1504162800, 280678895.0
1504249200, 281056595.0
1504335600, 281359530.0
1504422000, 281643883.0
1504508400, 282015860.0
1504594800, 282390322.0
1504681200, 282779272.0
1504767600, 283197756.0
1504854000, 283589465.0
1504940400, 283903215.0
1505026800, 284175138.0
1505113200, 284532779.0
1505199600, 284877092.0
1505286000, 285227853.0
1505372400, 285613266.0
1505458800, 285993857.0
1505545200, 286306681.0
1505631600, 286577779.0
1505718000, 286889044.0
1505804400, 287304623.0
1505890800, 287609601.0
1505977200, 287956971.0
1506063600, 288240897.0
1506150000, 288510642.0
1506236400, 288772255.0
1506322800, 289074386.0
1506409200, 289442338.0
1506495600, 289767568.0
1506582000, 290148045.0
1506668400, 290474045.0
1506754800, 290768132.0
1506841200, 291068561.0
1506927600, 291456674.0
1507014000, 291840948.0
1507100400, 292139077.0
1507186800, 292483998.0
1507273200, 292866475.0
1507359600, 293175479.0
1507446000, 293514431.0
1507532400, 293912520.0
1507618800, 294316537.0
1507705200, 294678443.0
1507791600, 295059143.0
1507878000, 295391553.0
1507964400, 295758799.0
1508050800, 296166191.0
1508137200, 296566305.0
1508223600, 296983244.0
1508310000, 297356566.0
1508396400, 297798944.0
1508482800, 298159788.0
1508569200, 298534909.0
1508655600, 299026072.0
1508742000, 299449265.0
1508828400, 299906264.0
1508914800, 300373729.0
1509001200, 300705699.0
1509087600, 300959602.0
1509174000, 301180857.0
1509260400, 301611226.0
1509346800, 302010373.0
1509433200, 302398830.0
1509519600, 302838545.0
1509606000, 303260304.0
1509692400, 303551760.0
1509778800, 303933161.0
1509865200, 304318136.0
1509955200, 304684122.0
1510041600, 305113707.0
1510128000, 305505113.0
1510214400, 305934179.0
1510300800, 306258597.0
1510387200, 306475332.0
1510473600, 306696672.0
1510560000, 307083850.0
1510646400, 307442148.0
1510732800, 307872788.0
1510819200, 308284441.0
1510905600, 308747936.0
1510992000, 309136609.0
1511078400, 309595953.0
1511164800, 310060511.0
1511251200, 310533772.0
1511337600, 310936835.0
1511424000, 311376603.0
1511510400, 311778535.0
1511596800, 312239349.0
1511683200, 312676399.0
1511769600, 313164721.0
1511856000, 313613788.0
1511942400, 314104289.0
1512028800, 314571599.0
1512115200, 315069983.0
1512201600, 315532566.0
1512288000, 315995416.0
1512374400, 316507187.0
1512460800, 317002222.0
1512547200, 317533390.0
1512633600, 317962528.0
1512720000, 318409993.0
1512806400, 318927171.0
1512892800, 319414788.0
1512979200, 319870236.0
1513065600, 320296533.0
1513152000, 320845843.0
1513238400, 321400815.0
1513324800, 321907343.0
1513411200, 322460776.0
1513497600, 322999054.0
1513584000, 323529009.0
1513670400, 323916078.0
1513756800, 324306167.0
1513843200, 324654798.0
1513929600, 325105694.0
1514016000, 325498506.0
1514102400, 325961658.0
1514188800, 326351061.0
1514275200, 326758628.0
1514361600, 327208617.0
1514448000, 327650744.0
1514534400, 328120374.0
1514620800, 328535795.0
1514707200, 328999037.0
1514793600, 329467449.0
1514880000, 329961507.0
1514966400, 330390957.0
1515052800, 330820860.0
1515139200, 331187922.0
1515225600, 331672976.0
1515312000, 332123133.0
1515398400, 332571465.0
1515484800, 333006249.0
1515571200, 333453360.0
1515657600, 334037844.0
1515744000, 334583086.0
1515830400, 335023259.0
1515916800, 335495083.0
1516003200, 335937722.0
1516089600, 336381331.0
1516176000, 336874339.0
1516262400, 337362882.0
1516348800, 337921420.0
1516435200, 338431078.0
1516521600, 338970076.0
1516608000, 339469379.0
1516694400, 339960911.0
1516780800, 340443557.0
1516867200, 340857692.0
1516953600, 341261986.0
1517040000, 341671763.0
1517126400, 342024683.0
1517212800, 342383147.0
1517299200, 342804107.0
1517385600, 343106756.0
1517472000, 343488573.0
1517558400, 343913563.0
1517644800, 344264807.0
1517731200, 344651391.0
1517817600, 345155263.0
1517904000, 345655503.0
1517990400, 346060286.0
1518076800, 346443021.0
1518163200, 346795434.0
1518249600, 347173538.0
1518336000, 347613703.0
1518422400, 348127848.0
1518508800, 348597485.0
1518595200, 349133703.0
1518681600, 349528742.0
1518768000, 349930401.0
1518854400, 350332885.0
1518940800, 350716125.0
1519027200, 351191952.0
1519113600, 351539872.0
1519200000, 351859410.0
1519286400, 352113629.0
1519372800, 352455627.0
1519459200, 352866941.0
1519545600, 353088879.0
1519632000, 353398538.0
1519718400, 353717204.0
1519804800, 354094075.0
1519891200, 354507540.0
1519977600, 354818863.0
1520064000, 355385129.0
1520150400, 355867472.0
1520236800, 356363525.0
1520323200, 356846029.0
1520409600, 357397043.0
1520496000, 357974583.0
1520582400, 358462265.0
1520668800, 358985703.0
1520755200, 359587481.0
1520838000, 360101475.0
1520924400, 360548231.0
1521010800, 360811194.0
1521097200, 361088182.0
1521183600, 361322394.0
1521270000, 361513257.0
1521356400, 361734746.0
1521442800, 362005128.0
1521529200, 362263420.0
1521615600, 362522760.0
1521702000, 362792360.0
1521788400, 363084629.0
1521874800, 363351664.0
1521961200, 363550548.0
1522047600, 363837767.0
1522134000, 364147007.0
1522220400, 364404618.0
1522306800, 364654601.0
1522393200, 364874034.0
1522479600, 365105992.0
1522566000, 365285656.0
1522652400, 365498674.0
1522738800, 365785367.0
1522825200, 366035372.0
1522911600, 366280775.0
1522998000, 366520977.0
1523084400, 366768951.0
1523170800, 366934362.0
1523257200, 367197527.0
1523343600, 367453464.0
1523430000, 367709561.0
1523516400, 368010534.0
1523602800, 368283398.0
1523689200, 368494068.0
1523775600, 368784446.0
1523862000, 369204440.0
1523948400, 369485882.0
1524034800, 369749193.0
1524121200, 370019032.0
1524207600, 370273202.0
1524294000, 370582650.0
1524380400, 370792833.0
1524466800, 371068950.0
1524553200, 371431474.0
1524639600, 371758375.0
1524726000, 372065577.0
1524812400, 372339524.0
1524898800, 372579270.0
1524985200, 372806642.0
1525071600, 373103225.0
1525158000, 373354943.0
1525244400, 373705164.0
1525330800, 374008231.0
1525417200, 374304744.0
1525503600, 374594319.0
1525590000, 374828026.0
1525676400, 375157950.0
1525762800, 375465789.0
1525849200, 375744372.0
1525935600, 376027653.0
1526022000, 376389740.0
1526108400, 376646974.0
1526194800, 376867828.0
1526281200, 377170791.0
1526367600, 377477362.0
1526454000, 377757061.0
1526540400, 378072355.0
1526626800, 378402372.0
1526713200, 378641742.0
1526799600, 378836143.0
1526886000, 379142968.0
1526972400, 379419641.0
1527058800, 379724002.0
1527145200, 379975900.0
1527231600, 380244446.0
1527318000, 380442425.0
1527404400, 380623253.0
1527490800, 380917098.0
1527577200, 381206110.0
1527663600, 381486646.0
1527750000, 381797359.0
1527836400, 382029383.0
1527922800, 382269006.0
1528009200, 382491777.0
1528095600, 382836226.0
1528182000, 383138197.0
1528268400, 383431408.0
1528354800, 383713783.0
1528441200, 383980833.0
1528527600, 384208607.0
1528614000, 384451624.0
1528700400, 384728846.0
1528786800, 385039763.0
1528873200, 385352286.0
1528959600, 385629881.0
1529046000, 385910718.0
1529132400, 386100190.0
1529218800, 386288917.0
1529305200, 386566816.0
1529391600, 386888924.0
1529478000, 387168360.0
1529564400, 387430794.0
1529650800, 387709763.0
1529737200, 387919650.0
1529823600, 388122770.0
1529910000, 388361225.0
