1231747200, 5.0
1232006400, 6.0
1233648000, 14.0
1233993600, 1.0
1236153600, 1.0
1239606000, 1.0
1240038000, 1.0
1240297200, 1.0
1241247600, 2.0
1241334000, 2.0
1242025200, 1.0
1242198000, 2.0
1242284400, 1.0
1243839600, 1.0
1245826800, 1.0
1246172400, 1.0
1246258800, 1.0
1246518000, 1.0
1248073200, 1.0
1248937200, 1.0
1249628400, 1.0
1251270000, 2.0
1253170800, 1.0
1256022000, 1.0
1257926400, 6.0
1258099200, 2.0
1259654400, 1.0
1260000000, 1.0
1260086400, 1.0
1260345600, 6.0
1260777600, 1.0
1260864000, 1.0
1261036800, 2.0
1261728000, 1.0
1262592000, 1.0
1263283200, 2.0
1263369600, 2.0
1263456000, 1.0
1263801600, 1.0
1264060800, 6.0
1264147200, 1.0
1264233600, 1.0
1264406400, 1.0
1264492800, 1.0
1265011200, 3.0
1265270400, 2.0
1265356800, 2.0
1265529600, 2.0
1265616000, 1.0
1265702400, 1.0
1265961600, 1.0
1266048000, 1.0
1266134400, 2.0
1266220800, 4.0
1266307200, 2.0
1266393600, 3.0
1266480000, 1.0
1266566400, 2.0
1266739200, 1.0
1266825600, 1.0
1267171200, 2.0
1267344000, 1.0
1267862400, 1.0
1267948800, 1.0
1268035200, 2.0
1268208000, 3.0
1268636400, 3.0
1268895600, 3.0
1268982000, 1.0
1269068400, 6.0
1269327600, 1.0
1269414000, 1.0
1269500400, 2.0
1269586800, 1.0
1269673200, 1.0
1270018800, 1.0
1270278000, 2.0
1270364400, 2.0
1270450800, 14.0
1270537200, 5.0
1270623600, 2.0
1270710000, 3.0
1270796400, 17.0
1270882800, 8.0
1270969200, 10.0
1271055600, 9.0
1271142000, 2.0
1271228400, 12.0
1271314800, 42.0
1271401200, 7.0
1271487600, 6.0
1271574000, 3059.0
1271660400, 11.0
1271746800, 6.0
1271833200, 6.0
1271919600, 7.0
1272006000, 30.0
1272092400, 6.0
1272178800, 4.0
1272265200, 16.0
1272351600, 20.0
1272438000, 11.0
1272524400, 5.0
1272610800, 8.0
1272697200, 3.0
1272783600, 1.0
1272870000, 2.0
1272956400, 5.0
1273042800, 6.0
1273129200, 1.0
1273215600, 1.0
1273302000, 3.0
1273388400, 12.0
1273474800, 4.0
1273561200, 2.0
1273647600, 2.0
1273734000, 3.0
1273820400, 7.0
1273906800, 2.0
1274079600, 4.0
1274166000, 9.0
1274252400, 12.0
1274338800, 7.0
1274425200, 4.0
1274511600, 7.0
1274598000, 13.0
1274684400, 4.0
1274770800, 3.0
1274857200, 7.0
1274943600, 8.0
1275030000, 13.0
1275116400, 9.0
1275289200, 5.0
1275375600, 3.0
1275462000, 4.0
1275548400, 21.0
1275634800, 3.0
1275721200, 5.0
1275807600, 2.0
1275894000, 1.0
1275980400, 2.0
1276066800, 12.0
1276153200, 10.0
1276239600, 25.0
1276326000, 10.0
1276412400, 14.0
1276498800, 35.0
1276585200, 27.0
1276671600, 11.0
1276758000, 8.0
1276844400, 4.0
1276930800, 14.0
1277017200, 12.0
1277103600, 34.0
1277190000, 20.0
1277276400, 22.0
1277362800, 15.0
1277449200, 10.0
1277535600, 8.0
1277622000, 11.0
1277708400, 17.0
1277794800, 35.0
1277881200, 39.0
1277967600, 15.0
1278054000, 13.0
1278140400, 15.0
1278226800, 6.0
1278313200, 6.0
1278399600, 5.0
1278486000, 22.0
1278572400, 17.0
1278658800, 17.0
1278745200, 11.0
1278831600, 118.0
1278918000, 1417.0
1279004400, 494.0
1279090800, 5336.0
1279177200, 467.0
1279263600, 435.0
1279350000, 142.0
1279436400, 152.0
1279522800, 196.0
1279609200, 311.0
1279695600, 136.0
1279782000, 127.0
1279868400, 112.0
1279954800, 413.0
1280041200, 1513.0
1280127600, 109.0
1280214000, 163.0
1280300400, 112.0
1280386800, 104.0
1280473200, 79.0
1280559600, 52.0
1280646000, 82.0
1280732400, 69.0
1280818800, 329.0
1280905200, 130.0
1280991600, 202.0
1281078000, 138.0
1281164400, 54.0
1281250800, 127.0
1281337200, 130.0
1281423600, 66.0
1281510000, 70.0
1281596400, 101.0
1281682800, 222.0
1281769200, 59.0
1281855600, 29.0
1281942000, 156.0
1282028400, 101.0
1282114800, 150.0
1282201200, 90.0
1282287600, 115.0
1282374000, 95.0
1282460400, 66.0
1282546800, 76.0
1282633200, 86.0
1282719600, 63.0
1282806000, 67.0
1282892400, 62.0
1282978800, 94.0
1283065200, 52.0
1283151600, 93.0
1283238000, 112.0
1283324400, 145.0
1283410800, 81.0
1283497200, 84.0
1283583600, 52.0
1283670000, 73.0
1283756400, 59.0
1283842800, 45.0
1283929200, 96.0
1284015600, 106.0
1284102000, 108.0
1284188400, 74.0
1284274800, 109.0
1284361200, 140.0
1284447600, 114.0
1284534000, 166.0
1284620400, 93.0
1284706800, 59.0
1284793200, 65.0
1284879600, 78.0
1284966000, 133.0
1285052400, 368.0
1285138800, 311.0
1285225200, 195.0
1285311600, 128.0
1285398000, 162.0
1285484400, 106.0
1285570800, 197.0
1285657200, 154.0
1285743600, 650.0
1285830000, 131.0
1285916400, 348.0
1286002800, 250.0
1286089200, 168.0
1286175600, 175.0
1286262000, 159.0
1286348400, 133.0
1286434800, 102.0
1286521200, 129.0
1286607600, 155.0
1286694000, 115.0
1286780400, 111.0
1286866800, 129.0
1286953200, 126.0
1287039600, 104.0
1287126000, 99.0
1287212400, 115.0
1287298800, 114.0
1287385200, 207.0
1287471600, 471.0
1287558000, 301.0
1287644400, 239.0
1287730800, 285.0
1287817200, 228.0
1287903600, 201.0
1287990000, 135.0
1288076400, 206.0
1288162800, 246.0
1288249200, 184.0
1288335600, 148.0
1288422000, 98.0
1288508400, 62.0
1288594800, 89.0
1288681200, 57.0
1288767600, 83.0
1288854000, 63.0
1288940400, 103.0
1289026800, 98.0
1289113200, 86.0
1289203200, 113.0
1289289600, 93.0
1289376000, 111.0
1289462400, 85.0
1289548800, 53.0
1289635200, 52.0
1289721600, 80.0
1289808000, 3818.0
1289894400, 2678.0
1289980800, 98.0
1290067200, 91.0
1290153600, 103.0
1290240000, 311.0
1290326400, 210.0
1290412800, 109.0
1290499200, 120.0
1290585600, 205.0
1290672000, 218.0
1290758400, 524.0
1290844800, 183.0
1290931200, 223.0
1291017600, 146.0
1291104000, 162.0
1291190400, 239.0
1291276800, 177.0
1291363200, 122.0
1291449600, 145.0
1291536000, 127.0
1291622400, 145.0
1291708800, 218.0
1291795200, 204.0
1291881600, 170.0
1291968000, 160.0
1292054400, 362.0
1292140800, 381.0
1292227200, 399.0
1292313600, 320.0
1292400000, 274.0
1292486400, 240.0
1292572800, 182.0
1292659200, 260.0
1292745600, 250.0
1292832000, 645.0
1292918400, 335.0
1293004800, 390.0
1293091200, 389.0
1293177600, 319.0
1293264000, 405.0
1293350400, 366.0
1293436800, 282.0
1293523200, 402.0
1293609600, 261.0
1293696000, 323.0
1293782400, 299.0
1293868800, 370.0
1293955200, 284.0
1294041600, 500.0
1294128000, 429.0
1294214400, 582.0
1294300800, 380.0
1294387200, 523.0
1294473600, 670.0
1294560000, 588.0
1294646400, 595.0
1294732800, 664.0
1294819200, 502.0
1294905600, 580.0
1294992000, 566.0
1295078400, 627.0
1295164800, 628.0
1295251200, 562.0
1295337600, 561.0
1295424000, 648.0
1295510400, 624.0
1295596800, 824.0
1295683200, 973.0
1295769600, 761.0
1295856000, 942.0
1295942400, 595.0
1296028800, 672.0
1296115200, 554.0
1296201600, 776.0
1296288000, 956.0
1296374400, 2252.0
1296460800, 1083.0
1296547200, 693.0
1296633600, 606.0
1296720000, 534.0
1296806400, 609.0
1296892800, 546.0
1296979200, 613.0
1297065600, 572.0
1297152000, 551.0
1297238400, 886.0
1297324800, 1576.0
1297411200, 1864.0
1297497600, 1410.0
1297584000, 1360.0
1297670400, 1506.0
1297756800, 1651.0
1297843200, 1174.0
1297929600, 1640.0
1298016000, 1500.0
1298102400, 1174.0
1298188800, 1469.0
1298275200, 1532.0
1298361600, 1663.0
1298448000, 1679.0
1298534400, 1618.0
1298620800, 1573.0
1298707200, 1409.0
1298793600, 1666.0
1298880000, 1305.0
1298966400, 2281.0
1299052800, 1538.0
1299139200, 2730.0
1299225600, 1420.0
1299312000, 1434.0
1299398400, 1480.0
1299484800, 1454.0
1299571200, 1996.0
1299657600, 1463.0
1299744000, 1357.0
1299830400, 1359.0
1299916800, 1458.0
1300003200, 1337.0
1300086000, 1073.0
1300172400, 1668.0
1300258800, 1361.0
1300345200, 1508.0
1300431600, 1410.0
1300518000, 1528.0
1300604400, 2842.0
1300690800, 2376.0
1300777200, 1794.0
1300863600, 3377.0
1300950000, 2280.0
1301036400, 2380.0
1301122800, 2905.0
1301209200, 2743.0
1301295600, 2867.0
1301382000, 2920.0
1301468400, 1949.0
1301554800, 2334.0
1301641200, 1790.0
1301727600, 1904.0
1301814000, 2035.0
1301900400, 2471.0
1301986800, 2353.0
1302073200, 1956.0
1302159600, 1891.0
1302246000, 2109.0
1302332400, 1965.0
1302418800, 1883.0
1302505200, 1993.0
1302591600, 2314.0
1302678000, 2423.0
1302764400, 2968.0
1302850800, 2027.0
1302937200, 2140.0
1303023600, 2270.0
1303110000, 2945.0
1303196400, 3410.0
1303282800, 2624.0
1303369200, 2036.0
1303455600, 2166.0
1303542000, 2474.0
1303628400, 2252.0
1303714800, 2896.0
1303801200, 3625.0
1303887600, 4543.0
1303974000, 3032.0
1304060400, 3880.0
1304146800, 4211.0
1304233200, 4010.0
1304319600, 3222.0
1304406000, 3704.0
1304492400, 3317.0
1304578800, 4011.0
1304665200, 3995.0
1304751600, 4346.0
1304838000, 3376.0
1304924400, 4482.0
1305010800, 4078.0
1305097200, 3663.0
1305183600, 4046.0
1305270000, 4931.0
1305356400, 5681.0
1305442800, 5437.0
1305529200, 8306.0
1305615600, 7150.0
1305702000, 7970.0
1305788400, 7910.0
1305874800, 6968.0
1305961200, 6176.0
1306047600, 7301.0
1306134000, 7773.0
1306220400, 8308.0
1306306800, 9765.0
1306393200, 8221.0
1306479600, 5898.0
1306566000, 7013.0
1306652400, 7265.0
1306738800, 8591.0
1306825200, 7899.0
1306911600, 9008.0
1306998000, 8316.0
1307084400, 10451.0
1307170800, 11242.0
1307257200, 10717.0
1307343600, 12641.0
1307430000, 9655.0
1307516400, 13722.0
1307602800, 16845.0
1307689200, 14630.0
1307775600, 15425.0
1307862000, 16859.0
1307948400, 16274.0
1308034800, 20759.0
1308121200, 17788.0
1308207600, 16442.0
1308294000, 15900.0
1308380400, 18243.0
1308466800, 18194.0
1308553200, 17633.0
1308639600, 16934.0
1308726000, 19267.0
1308812400, 16946.0
1308898800, 15717.0
1308985200, 13300.0
1309071600, 12781.0
1309158000, 19938.0
1309244400, 14658.0
1309330800, 14422.0
1309417200, 14135.0
1309503600, 21694.0
1309590000, 25473.0
1309676400, 14788.0
1309762800, 15484.0
1309849200, 13880.0
1309935600, 15679.0
1310022000, 13067.0
1310108400, 16302.0
1310194800, 15446.0
1310281200, 20801.0
1310367600, 16300.0
1310454000, 15295.0
1310540400, 18010.0
1310626800, 20457.0
1310713200, 16092.0
1310799600, 16118.0
1310886000, 16574.0
1310972400, 15323.0
1311058800, 15134.0
1311145200, 16493.0
1311231600, 16779.0
1311318000, 15098.0
1311404400, 14483.0
1311490800, 15311.0
1311577200, 17287.0
1311663600, 14860.0
1311750000, 16036.0
1311836400, 17098.0
1311922800, 15377.0
1312009200, 13221.0
1312095600, 16539.0
1312182000, 15203.0
1312268400, 12830.0
1312354800, 9713.0
1312441200, 10739.0
1312527600, 13639.0
1312614000, 12425.0
1312700400, 13035.0
1312786800, 13582.0
1312873200, 14597.0
1312959600, 12108.0
1313046000, 10329.0
1313132400, 8617.0
1313218800, 11119.0
1313305200, 14565.0
1313391600, 10877.0
1313478000, 12661.0
1313564400, 11469.0
1313650800, 13786.0
1313737200, 13988.0
1313823600, 14409.0
1313910000, 14659.0
1313996400, 17144.0
1314082800, 14787.0
1314169200, 14006.0
1314255600, 14769.0
1314342000, 12243.0
1314428400, 12450.0
1314514800, 12206.0
1314601200, 11421.0
1314687600, 9877.0
1314774000, 9693.0
1314860400, 9440.0
1314946800, 8713.0
1315033200, 8214.0
1315119600, 80887.0
1315206000, 10949.0
1315292400, 10054.0
1315378800, 9426.0
1315465200, 8999.0
1315551600, 10133.0
1315638000, 8999.0
1315724400, 8109.0
1315810800, 8977.0
1315897200, 8079.0
1315983600, 8363.0
1316070000, 8416.0
1316156400, 7647.0
1316242800, 6874.0
1316329200, 8779.0
1316415600, 8930.0
1316502000, 13886.0
1316588400, 9093.0
1316674800, 10984.0
1316761200, 13674.0
1316847600, 13262.0
1316934000, 13728.0
1317020400, 11678.0
1317106800, 11843.0
1317193200, 8318.0
1317279600, 7060.0
1317366000, 7037.0
1317452400, 6827.0
1317538800, 6495.0
1317625200, 7758.0
1317711600, 7018.0
1317798000, 7620.0
1317884400, 7500.0
1317970800, 7756.0
1318057200, 7040.0
1318143600, 6797.0
1318230000, 7457.0
1318316400, 7620.0
1318402800, 7517.0
1318489200, 6124.0
1318575600, 7120.0
1318662000, 7194.0
1318748400, 6254.0
1318834800, 7573.0
1318921200, 6691.0
1319007600, 6602.0
1319094000, 5936.0
1319180400, 6324.0
1319266800, 6505.0
1319353200, 6772.0
1319439600, 7658.0
1319526000, 7610.0
1319612400, 6619.0
1319698800, 5951.0
1319785200, 6099.0
1319871600, 6891.0
1319958000, 5765.0
1320044400, 6438.0
1320130800, 6352.0
1320217200, 6425.0
1320303600, 6318.0
1320390000, 7967.0
1320476400, 6959.0
1320562800, 6497.0
1320652800, 6541.0
1320739200, 7866.0
1320825600, 7820.0
1320912000, 8400.0
1320998400, 6216.0
1321084800, 6779.0
1321171200, 6903.0
1321257600, 7573.0
1321344000, 8367.0
1321430400, 7145.0
1321516800, 6322.0
1321603200, 6862.0
1321689600, 6485.0
1321776000, 6705.0
1321862400, 6290.0
1321948800, 7183.0
1322035200, 6406.0
1322121600, 6476.0
1322208000, 7081.0
1322294400, 6093.0
1322380800, 6430.0
1322467200, 7289.0
1322553600, 7776.0
1322640000, 7970.0
1322726400, 8834.0
1322812800, 8021.0
1322899200, 7363.0
1322985600, 7139.0
1323072000, 8311.0
1323158400, 9847.0
1323244800, 7225.0
1323331200, 7775.0
1323417600, 7149.0
1323504000, 7715.0
1323590400, 6998.0
1323676800, 6793.0
1323763200, 7790.0
1323849600, 7572.0
1323936000, 5931.0
1324022400, 5988.0
1324108800, 6167.0
1324195200, 6435.0
1324281600, 7847.0
1324368000, 7654.0
1324454400, 7146.0
1324540800, 8223.0
1324627200, 7424.0
1324713600, 6110.0
1324800000, 7306.0
1324886400, 7684.0
1324972800, 6726.0
1325059200, 6712.0
1325145600, 7086.0
1325232000, 6577.0
1325318400, 6198.0
1325404800, 7134.0
1325491200, 6929.0
1325577600, 7765.0
1325664000, 7138.0
1325750400, 8815.0
1325836800, 8503.0
1325923200, 7540.0
1326009600, 9665.0
1326096000, 8191.0
1326182400, 9045.0
1326268800, 9489.0
1326355200, 8510.0
1326441600, 8973.0
1326528000, 9312.0
1326614400, 7814.0
1326700800, 10144.0
1326787200, 8922.0
1326873600, 8854.0
1326960000, 9342.0
1327046400, 8831.0
1327132800, 8266.0
1327219200, 7492.0
1327305600, 8919.0
1327392000, 9291.0
1327478400, 10331.0
1327564800, 8715.0
1327651200, 8423.0
1327737600, 8798.0
1327824000, 8937.0
1327910400, 8837.0
1327996800, 9251.0
1328083200, 9470.0
1328169600, 10386.0
1328256000, 10411.0
1328342400, 9294.0
1328428800, 9276.0
1328515200, 7951.0
1328601600, 8918.0
1328688000, 10214.0
1328774400, 10089.0
1328860800, 10225.0
1328947200, 9694.0
1329033600, 10591.0
1329120000, 11331.0
1329206400, 12439.0
1329292800, 12183.0
1329379200, 12336.0
1329465600, 8227.0
1329552000, 9944.0
1329638400, 9447.0
1329724800, 8915.0
1329811200, 8606.0
1329897600, 10166.0
1329984000, 11490.0
1330070400, 10605.0
1330156800, 9994.0
1330243200, 8719.0
1330329600, 9705.0
1330416000, 10506.0
1330502400, 10593.0
1330588800, 9221.0
1330675200, 11344.0
1330761600, 8100.0
1330848000, 11062.0
1330934400, 11490.0
1331020800, 9981.0
1331107200, 10599.0
1331193600, 11070.0
1331280000, 11018.0
1331366400, 8693.0
1331452800, 8643.0
1331535600, 10847.0
1331622000, 10850.0
1331708400, 10259.0
1331794800, 9272.0
1331881200, 10541.0
1331967600, 10451.0
1332054000, 9110.0
1332140400, 9063.0
1332226800, 9223.0
1332313200, 10732.0
1332399600, 10501.0
1332486000, 8808.0
1332572400, 9770.0
1332658800, 8948.0
1332745200, 9635.0
1332831600, 10428.0
1332918000, 11142.0
1333004400, 10533.0
1333090800, 10828.0
1333177200, 9353.0
1333263600, 9078.0
1333350000, 8639.0
1333436400, 9783.0
1333522800, 9898.0
1333609200, 9227.0
1333695600, 9129.0
1333782000, 9002.0
1333868400, 9497.0
1333954800, 9422.0
1334041200, 11981.0
1334127600, 10955.0
1334214000, 11108.0
1334300400, 10612.0
1334386800, 11507.0
1334473200, 9933.0
1334559600, 12465.0
1334646000, 10939.0
1334732400, 11723.0
1334818800, 10677.0
1334905200, 11347.0
1334991600, 9895.0
1335078000, 9186.0
1335164400, 10277.0
1335250800, 11184.0
1335337200, 11150.0
1335423600, 13412.0
1335510000, 10494.0
1335596400, 10985.0
1335682800, 11111.0
1335769200, 13095.0
1335855600, 14760.0
1335942000, 13246.0
1336028400, 18184.0
1336114800, 18372.0
1336201200, 17120.0
1336287600, 15525.0
1336374000, 22725.0
1336460400, 22312.0
1336546800, 21317.0
1336633200, 14413.0
1336719600, 22541.0
1336806000, 21228.0
1336892400, 18324.0
1336978800, 32556.0
1337065200, 26212.0
1337151600, 22044.0
1337238000, 21897.0
1337324400, 28565.0
1337410800, 39909.0
1337497200, 35996.0
1337583600, 36813.0
1337670000, 27897.0
1337756400, 32886.0
1337842800, 31870.0
1337929200, 33515.0
1338015600, 27605.0
1338102000, 30412.0
1338188400, 34837.0
1338274800, 34596.0
1338361200, 31054.0
1338447600, 26858.0
1338534000, 33281.0
1338620400, 17591.0
1338706800, 39032.0
1338793200, 51240.0
1338879600, 49952.0
1338966000, 20531.0
1339052400, 37627.0
1339138800, 29857.0
1339225200, 38734.0
1339311600, 46494.0
1339398000, 38688.0
1339484400, 27631.0
1339570800, 67021.0
1339657200, 76130.0
1339743600, 65952.0
1339830000, 51842.0
1339916400, 55952.0
1340002800, 48306.0
1340089200, 46171.0
1340175600, 46252.0
1340262000, 36997.0
1340348400, 32046.0
1340434800, 31673.0
1340521200, 28575.0
1340607600, 36483.0
1340694000, 39245.0
1340780400, 40380.0
1340866800, 33677.0
1340953200, 28520.0
1341039600, 28106.0
1341126000, 24010.0
1341212400, 30831.0
1341298800, 28810.0
1341385200, 31079.0
1341471600, 28884.0
1341558000, 30206.0
1341644400, 29976.0
1341730800, 25945.0
1341817200, 31601.0
1341903600, 42226.0
1341990000, 39071.0
1342076400, 29182.0
1342162800, 32775.0
1342249200, 28191.0
1342335600, 32015.0
1342422000, 39771.0
1342508400, 42039.0
1342594800, 39274.0
1342681200, 39801.0
1342767600, 47961.0
1342854000, 42530.0
1342940400, 40217.0
1343026800, 38145.0
1343113200, 34977.0
1343199600, 35168.0
1343286000, 37817.0
1343372400, 33348.0
1343458800, 43282.0
1343545200, 40703.0
1343631600, 39860.0
1343718000, 47125.0
1343804400, 36335.0
1343890800, 39011.0
1343977200, 33125.0
1344063600, 35526.0
1344150000, 37885.0
1344236400, 40709.0
1344322800, 35518.0
1344409200, 46873.0
1344495600, 35725.0
1344582000, 35038.0
1344668400, 38385.0
1344754800, 43997.0
1344841200, 64734.0
1344927600, 43646.0
1345014000, 68535.0
1345100400, 51121.0
1345186800, 44613.0
1345273200, 40279.0
1345359600, 41874.0
1345446000, 42223.0
1345532400, 50245.0
1345618800, 43486.0
1345705200, 38812.0
1345791600, 38039.0
1345878000, 38086.0
1345964400, 34985.0
1346050800, 38145.0
1346137200, 39551.0
1346223600, 39902.0
1346310000, 37962.0
1346396400, 46740.0
1346482800, 47771.0
1346569200, 41979.0
1346655600, 44252.0
1346742000, 49203.0
1346828400, 48241.0
1346914800, 49635.0
1347001200, 39595.0
1347087600, 38412.0
1347174000, 38202.0
1347260400, 41583.0
1347346800, 49233.0
1347433200, 38929.0
1347519600, 39224.0
1347606000, 49207.0
1347692400, 35524.0
1347778800, 39851.0
1347865200, 33270.0
1347951600, 43195.0
1348038000, 42847.0
1348124400, 40991.0
1348210800, 40636.0
1348297200, 32605.0
1348383600, 41163.0
1348470000, 39060.0
1348556400, 33991.0
1348642800, 43313.0
1348729200, 41039.0
1348815600, 48293.0
1348902000, 36952.0
1348988400, 35640.0
1349074800, 50957.0
1349161200, 41723.0
1349247600, 37597.0
1349334000, 43582.0
1349420400, 50101.0
1349506800, 46586.0
1349593200, 53987.0
1349679600, 57483.0
1349766000, 52915.0
1349852400, 47661.0
1349938800, 42000.0
1350025200, 48633.0
1350111600, 50536.0
1350198000, 45948.0
1350284400, 48363.0
1350370800, 54189.0
1350457200, 52898.0
1350543600, 48403.0
1350630000, 40002.0
1350716400, 48816.0
1350802800, 60144.0
1350889200, 58853.0
1350975600, 49671.0
1351062000, 52913.0
1351148400, 40160.0
1351234800, 36570.0
1351321200, 28762.0
1351407600, 30115.0
1351494000, 35261.0
1351580400, 44628.0
1351666800, 40724.0
1351753200, 35766.0
1351839600, 42632.0
1351926000, 37357.0
1352012400, 34830.0
1352102400, 47711.0
1352188800, 46047.0
1352275200, 49940.0
1352361600, 48575.0
1352448000, 41037.0
1352534400, 38908.0
1352620800, 36009.0
1352707200, 35554.0
1352793600, 36832.0
1352880000, 41908.0
1352966400, 50696.0
1353052800, 52242.0
1353139200, 85343.0
1353225600, 48242.0
1353312000, 49967.0
1353398400, 51086.0
1353484800, 53913.0
1353571200, 46203.0
1353657600, 50606.0
1353744000, 43677.0
1353830400, 50746.0
1353916800, 50098.0
1354003200, 40512.0
1354089600, 52957.0
1354176000, 50428.0
1354262400, 42843.0
1354348800, 45824.0
1354435200, 32353.0
1354521600, 31957.0
1354608000, 43985.0
1354694400, 45268.0
1354780800, 52228.0
1354867200, 39852.0
1354953600, 43523.0
1355040000, 40876.0
1355126400, 56613.0
1355212800, 58516.0
1355299200, 49888.0
1355385600, 52668.0
1355472000, 51939.0
1355558400, 42865.0
1355644800, 50073.0
1355731200, 55771.0
1355817600, 76047.0
1355904000, 55165.0
1355990400, 45512.0
1356076800, 51285.0
1356163200, 63705.0
1356249600, 49969.0
1356336000, 48997.0
1356422400, 40859.0
1356508800, 49570.0
1356595200, 59292.0
1356681600, 65284.0
1356768000, 55151.0
1356854400, 60348.0
1356940800, 44543.0
1357027200, 47100.0
1357113600, 56233.0
1357200000, 53532.0
1357286400, 63018.0
1357372800, 53666.0
1357459200, 48463.0
1357545600, 55341.0
1357632000, 51806.0
1357718400, 55385.0
1357804800, 68599.0
1357891200, 65215.0
1357977600, 58722.0
1358064000, 60247.0
1358150400, 56595.0
1358236800, 61009.0
1358323200, 66602.0
1358409600, 61922.0
1358496000, 63492.0
1358582400, 69371.0
1358668800, 53539.0
1358755200, 51432.0
1358841600, 56982.0
1358928000, 64783.0
1359014400, 61289.0
1359100800, 63194.0
1359187200, 67411.0
1359273600, 71184.0
1359360000, 75332.0
1359446400, 71013.0
1359532800, 55937.0
1359619200, 68591.0
1359705600, 76720.0
1359792000, 67310.0
1359878400, 78357.0
1359964800, 71708.0
1360051200, 68726.0
1360137600, 56891.0
1360224000, 76580.0
1360310400, 75303.0
1360396800, 72609.0
1360483200, 70724.0
1360569600, 73989.0
1360656000, 73178.0
1360742400, 75530.0
1360828800, 63901.0
1360915200, 71287.0
1361001600, 71250.0
1361088000, 71471.0
1361174400, 69224.0
1361260800, 72534.0
1361347200, 80198.0
1361433600, 71406.0
1361520000, 81998.0
1361606400, 75335.0
1361692800, 71502.0
1361779200, 86120.0
1361865600, 82773.0
1361952000, 82199.0
1362038400, 84929.0
1362124800, 87119.0
1362211200, 73515.0
1362297600, 73853.0
1362384000, 83328.0
1362470400, 73231.0
1362556800, 80803.0
1362643200, 85704.0
1362729600, 73275.0
1362816000, 71987.0
1362902400, 100643.0
1362985200, 82694.0
1363071600, 73312.0
1363158000, 80756.0
1363244400, 87543.0
1363330800, 100329.0
1363417200, 69107.0
1363503600, 55715.0
1363590000, 63461.0
1363676400, 66370.0
1363762800, 69696.0
1363849200, 83397.0
1363935600, 92033.0
1364022000, 84341.0
1364108400, 80914.0
1364194800, 77035.0
1364281200, 85552.0
1364367600, 80778.0
1364454000, 97230.0
1364540400, 97863.0
1364626800, 86677.0
1364713200, 76991.0
1364799600, 96526.0
1364886000, 111619.0
1364972400, 117433.0
1365058800, 119271.0
1365145200, 103782.0
1365231600, 95100.0
1365318000, 112454.0
1365404400, 120184.0
1365490800, 102474.0
1365577200, 105440.0
1365663600, 116555.0
1365750000, 100717.0
1365836400, 88774.0
1365922800, 98200.0
1366009200, 117106.0
1366095600, 114431.0
1366182000, 118670.0
1366268400, 76312.0
1366354800, 113339.0
1366441200, 91688.0
1366527600, 86092.0
1366614000, 105981.0
1366700400, 107339.0
1366786800, 124016.0
1366873200, 113275.0
1366959600, 105735.0
1367046000, 90796.0
1367132400, 131961.0
1367218800, 114758.0
1367305200, 99332.0
1367391600, 96664.0
1367478000, 102242.0
1367564400, 93311.0
1367650800, 121256.0
1367737200, 103010.0
1367823600, 114970.0
1367910000, 134052.0
1367996400, 131136.0
1368082800, 113624.0
1368169200, 137178.0
1368255600, 122925.0
1368342000, 117210.0
1368428400, 120566.0
1368514800, 116585.0
1368601200, 116152.0
1368687600, 133458.0
1368774000, 93611.0
1368860400, 81824.0
1368946800, 80768.0
1369033200, 103192.0
1369119600, 100503.0
1369206000, 91935.0
1369292400, 95870.0
1369378800, 93749.0
1369465200, 80375.0
1369551600, 81864.0
1369638000, 95455.0
1369724400, 87461.0
1369810800, 89122.0
1369897200, 92293.0
1369983600, 82874.0
1370070000, 84483.0
1370156400, 80819.0
1370242800, 87085.0
1370329200, 87204.0
1370415600, 99781.0
1370502000, 80069.0
1370588400, 74904.0
1370674800, 68813.0
1370761200, 64265.0
1370847600, 64778.0
1370934000, 74926.0
1371020400, 70587.0
1371106800, 65698.0
1371193200, 69869.0
1371279600, 49000.0
1371366000, 56683.0
1371452400, 62761.0
1371538800, 59577.0
1371625200, 67002.0
1371711600, 67908.0
1371798000, 63270.0
1371884400, 62549.0
1371970800, 51573.0
1372057200, 61258.0
1372143600, 58067.0
1372230000, 65547.0
1372316400, 62640.0
1372402800, 66601.0
1372489200, 66059.0
1372575600, 46141.0
1372662000, 55193.0
1372748400, 53841.0
1372834800, 52379.0
1372921200, 49371.0
1373007600, 52568.0
1373094000, 45942.0
1373180400, 47078.0
1373266800, 54093.0
1373353200, 57138.0
1373439600, 67388.0
1373526000, 68481.0
1373612400, 79434.0
1373698800, 56662.0
1373785200, 54638.0
1373871600, 54943.0
1373958000, 57381.0
1374044400, 56012.0
1374130800, 56054.0
1374217200, 52435.0
1374303600, 51813.0
1374390000, 50722.0
1374476400, 53460.0
1374562800, 55716.0
1374649200, 62585.0
1374735600, 58171.0
1374822000, 51895.0
1374908400, 50291.0
1374994800, 51228.0
1375081200, 58438.0
1375167600, 57607.0
1375254000, 65627.0
1375340400, 99525.0
1375426800, 66862.0
1375513200, 58772.0
1375599600, 56738.0
1375686000, 68388.0
1375772400, 69095.0
1375858800, 75948.0
1375945200, 73000.0
1376031600, 64098.0
1376118000, 69618.0
1376204400, 51076.0
1376290800, 91780.0
1376377200, 62717.0
1376463600, 64108.0
1376550000, 80844.0
1376636400, 84134.0
1376722800, 69940.0
1376809200, 72846.0
1376895600, 87604.0
1376982000, 81175.0
1377068400, 76245.0
1377154800, 83759.0
1377241200, 71954.0
1377327600, 68250.0
1377414000, 59233.0
1377500400, 71632.0
1377586800, 79870.0
1377673200, 83842.0
1377759600, 75384.0
1377846000, 81785.0
1377932400, 82125.0
1378018800, 64968.0
1378105200, 68836.0
1378191600, 66638.0
1378278000, 68519.0
1378364400, 75966.0
1378450800, 79524.0
1378537200, 69277.0
1378623600, 60638.0
1378710000, 71917.0
1378796400, 69607.0
1378882800, 66787.0
1378969200, 74297.0
1379055600, 65908.0
1379142000, 60787.0
1379228400, 73643.0
1379314800, 70858.0
1379401200, 85311.0
1379487600, 79766.0
1379574000, 79327.0
1379660400, 81943.0
1379746800, 74070.0
1379833200, 72686.0
1379919600, 87529.0
1380006000, 84528.0
1380092400, 78202.0
1380178800, 77142.0
1380265200, 67844.0
1380351600, 60558.0
1380438000, 60602.0
1380524400, 67875.0
1380610800, 83328.0
1380697200, 86107.0
1380783600, 84001.0
1380870000, 74771.0
1380956400, 67070.0
1381042800, 60438.0
1381129200, 69686.0
1381215600, 72334.0
1381302000, 71990.0
1381388400, 80581.0
1381474800, 71423.0
1381561200, 69578.0
1381647600, 85711.0
1381734000, 84334.0
1381820400, 77762.0
1381906800, 78443.0
1381993200, 68908.0
1382079600, 78833.0
1382166000, 84395.0
1382252400, 76611.0
1382338800, 89631.0
1382425200, 101197.0
1382511600, 90974.0
1382598000, 95668.0
1382684400, 88346.0
1382770800, 71230.0
1382857200, 65632.0
1382943600, 72883.0
1383030000, 72907.0
1383116400, 79824.0
1383202800, 92700.0
1383289200, 71761.0
1383375600, 64666.0
1383462000, 65305.0
1383552000, 74569.0
1383638400, 85383.0
1383724800, 86912.0
1383811200, 90496.0
1383897600, 90034.0
1383984000, 92018.0
1384070400, 92055.0
1384156800, 91052.0
1384243200, 97812.0
1384329600, 97058.0
1384416000, 107557.0
1384502400, 97769.0
1384588800, 84269.0
1384675200, 84992.0
1384761600, 118951.0
1384848000, 138017.0
1384934400, 117700.0
1385020800, 110781.0
1385107200, 124500.0
1385193600, 113022.0
1385280000, 95938.0
1385366400, 108314.0
1385452800, 128518.0
1385539200, 136050.0
1385625600, 140471.0
1385712000, 130035.0
1385798400, 119303.0
1385884800, 109048.0
1385971200, 120119.0
1386057600, 122579.0
1386144000, 126225.0
1386230400, 126523.0
1386316800, 121939.0
1386403200, 110550.0
1386489600, 88212.0
1386576000, 117894.0
1386662400, 109243.0
1386748800, 110022.0
1386835200, 97525.0
1386921600, 109242.0
1387008000, 97820.0
1387094400, 93570.0
1387180800, 131009.0
1387267200, 118896.0
1387353600, 128500.0
1387440000, 116873.0
1387526400, 102547.0
1387612800, 98695.0
1387699200, 93924.0
1387785600, 125478.0
1387872000, 101971.0
1387958400, 102105.0
1388044800, 98218.0
1388131200, 101034.0
1388217600, 89123.0
1388304000, 91351.0
1388390400, 125582.0
1388476800, 94386.0
1388563200, 83411.0
1388649600, 99089.0
1388736000, 105852.0
1388822400, 88065.0
1388908800, 101886.0
1388995200, 132870.0
1389081600, 109037.0
1389168000, 117112.0
1389254400, 104809.0
1389340800, 99917.0
1389427200, 104465.0
1389513600, 96116.0
1389600000, 126267.0
1389686400, 96204.0
1389772800, 107964.0
1389859200, 102312.0
1389945600, 108252.0
1390032000, 87639.0
1390118400, 84383.0
1390204800, 145014.0
1390291200, 121236.0
1390377600, 119303.0
1390464000, 113613.0
1390550400, 114245.0
1390636800, 96989.0
1390723200, 94990.0
1390809600, 136239.0
1390896000, 115378.0
1390982400, 105310.0
1391068800, 114225.0
1391155200, 117065.0
1391241600, 110796.0
1391328000, 105196.0
1391414400, 139458.0
1391500800, 138459.0
1391587200, 135966.0
1391673600, 140280.0
1391760000, 128418.0
1391846400, 126713.0
1391932800, 107136.0
1392019200, 131941.0
1392105600, 105273.0
1392192000, 110034.0
1392278400, 129642.0
1392364800, 147585.0
1392451200, 119392.0
1392537600, 99450.0
1392624000, 140599.0
1392710400, 130831.0
1392796800, 150985.0
1392883200, 147523.0
1392969600, 143602.0
1393056000, 127013.0
1393142400, 134175.0
1393228800, 183191.0
1393315200, 160461.0
1393401600, 154750.0
1393488000, 150249.0
1393574400, 137230.0
1393660800, 140077.0
1393747200, 128562.0
1393833600, 194405.0
1393920000, 187420.0
1394006400, 157016.0
1394092800, 157656.0
1394179200, 148581.0
1394265600, 134814.0
1394352000, 145206.0
1394434800, 167568.0
1394521200, 150221.0
1394607600, 154336.0
1394694000, 154928.0
1394780400, 122601.0
1394866800, 106780.0
1394953200, 108048.0
1395039600, 142880.0
1395126000, 92629.0
1395212400, 123772.0
1395298800, 128408.0
1395385200, 141073.0
1395471600, 126588.0
1395558000, 124153.0
1395644400, 166789.0
1395730800, 135020.0
1395817200, 138752.0
1395903600, 142779.0
1395990000, 143461.0
1396076400, 125091.0
1396162800, 153016.0
1396249200, 134337.0
1396335600, 139172.0
1396422000, 140043.0
1396508400, 110090.0
1396594800, 141235.0
1396681200, 122547.0
1396767600, 162193.0
1396854000, 131882.0
1396940400, 136304.0
1397026800, 142096.0
1397113200, 140822.0
1397199600, 134159.0
1397286000, 98918.0
1397372400, 152250.0
1397458800, 143222.0
1397545200, 142787.0
1397631600, 142140.0
1397718000, 131159.0
1397804400, 121851.0
1397890800, 108135.0
1397977200, 149658.0
1398063600, 116542.0
1398150000, 164709.0
1398236400, 140100.0
1398322800, 145327.0
1398409200, 152214.0
1398495600, 102990.0
1398582000, 154125.0
1398668400, 138086.0
1398754800, 137068.0
1398841200, 129532.0
1398927600, 127761.0
1399014000, 125915.0
1399100400, 101029.0
1399186800, 152852.0
1399273200, 133044.0
1399359600, 146904.0
1399446000, 138676.0
1399532400, 132971.0
1399618800, 131334.0
1399705200, 112164.0
1399791600, 170302.0
1399878000, 136376.0
1399964400, 130715.0
1400050800, 138183.0
1400137200, 145920.0
1400223600, 128275.0
1400310000, 107838.0
1400396400, 152719.0
1400482800, 130924.0
1400569200, 154593.0
1400655600, 136314.0
1400742000, 138432.0
1400828400, 140228.0
1400914800, 102900.0
1401001200, 158595.0
1401087600, 132507.0
1401174000, 135307.0
1401260400, 141159.0
1401346800, 134007.0
1401433200, 124625.0
1401519600, 111555.0
1401606000, 160113.0
1401692400, 133237.0
1401778800, 143505.0
1401865200, 134307.0
1401951600, 139918.0
1402038000, 132565.0
1402124400, 107333.0
1402210800, 150147.0
1402297200, 127810.0
1402383600, 139794.0
1402470000, 129919.0
1402556400, 137889.0
1402642800, 136210.0
1402729200, 120338.0
1402815600, 167704.0
1402902000, 142147.0
1402988400, 152246.0
1403074800, 133966.0
1403161200, 132176.0
1403247600, 124372.0
1403334000, 121088.0
1403420400, 162887.0
1403506800, 133745.0
1403593200, 134274.0
1403679600, 140030.0
1403766000, 129660.0
1403852400, 133708.0
1403938800, 115703.0
1404025200, 164908.0
1404111600, 143980.0
1404198000, 145133.0
1404284400, 138315.0
1404370800, 135482.0
1404457200, 119608.0
1404543600, 110232.0
1404630000, 170383.0
1404716400, 145405.0
1404802800, 164303.0
1404889200, 143898.0
1404975600, 132376.0
1405062000, 130211.0
1405148400, 128645.0
1405234800, 174515.0
1405321200, 125830.0
1405407600, 146455.0
1405494000, 129778.0
1405580400, 138083.0
1405666800, 128698.0
1405753200, 120172.0
1405839600, 175639.0
1405926000, 133025.0
1406012400, 129202.0
1406098800, 132551.0
1406185200, 137127.0
1406271600, 139608.0
1406358000, 111789.0
1406444400, 172724.0
1406530800, 135634.0
1406617200, 130612.0
1406703600, 137715.0
1406790000, 139805.0
1406876400, 140488.0
1406962800, 113317.0
1407049200, 157469.0
1407135600, 118911.0
1407222000, 154532.0
1407308400, 167612.0
1407394800, 137967.0
1407481200, 134087.0
1407567600, 124127.0
1407654000, 181326.0
1407740400, 160099.0
1407826800, 160396.0
1407913200, 151359.0
1407999600, 151675.0
1408086000, 139959.0
1408172400, 130156.0
1408258800, 188209.0
1408345200, 150205.0
1408431600, 145202.0
1408518000, 143701.0
1408604400, 152784.0
1408690800, 137495.0
1408777200, 112357.0
1408863600, 189594.0
1408950000, 138547.0
1409036400, 142742.0
1409122800, 139081.0
1409209200, 154945.0
1409295600, 122662.0
1409382000, 130184.0
1409468400, 165489.0
1409554800, 160151.0
1409641200, 140521.0
1409727600, 129390.0
1409814000, 134274.0
1409900400, 140218.0
1409986800, 124855.0
1410073200, 239363.0
1410159600, 144784.0
1410246000, 157784.0
1410332400, 137633.0
1410418800, 130634.0
1410505200, 126708.0
1410591600, 117774.0
1410678000, 239791.0
1410764400, 143365.0
1410850800, 160090.0
1410937200, 147137.0
1411023600, 144050.0
1411110000, 121296.0
1411196400, 125861.0
1411282800, 205953.0
1411369200, 152823.0
1411455600, 161376.0
1411542000, 168755.0
1411628400, 177644.0
1411714800, 143495.0
1411801200, 151516.0
1411887600, 247312.0
1411974000, 135723.0
1412060400, 164985.0
1412146800, 186137.0
1412233200, 141273.0
1412319600, 183482.0
1412406000, 158634.0
1412492400, 250249.0
1412578800, 149540.0
1412665200, 152567.0
1412751600, 142732.0
1412838000, 144925.0
1412924400, 155428.0
1413010800, 125566.0
1413097200, 235722.0
1413183600, 165389.0
1413270000, 147345.0
1413356400, 159935.0
1413442800, 136061.0
1413529200, 136844.0
1413615600, 136137.0
1413702000, 232789.0
1413788400, 149248.0
1413874800, 156680.0
1413961200, 157825.0
1414047600, 146766.0
1414134000, 138269.0
1414220400, 194144.0
1414306800, 175952.0
1414393200, 180454.0
1414479600, 162290.0
1414566000, 163241.0
1414652400, 168797.0
1414738800, 153903.0
1414825200, 134469.0
1414911600, 272726.0
1415001600, 160175.0
1415088000, 159053.0
1415174400, 156076.0
1415260800, 168434.0
1415347200, 151848.0
1415433600, 127717.0
1415520000, 261866.0
1415606400, 167313.0
1415692800, 158255.0
1415779200, 178611.0
1415865600, 171870.0
1415952000, 188705.0
1416038400, 137276.0
1416124800, 254765.0
1416211200, 161789.0
1416297600, 168187.0
1416384000, 162599.0
1416470400, 161560.0
1416556800, 154841.0
1416643200, 146093.0
1416729600, 261687.0
1416816000, 166370.0
1416902400, 155021.0
1416988800, 153412.0
1417075200, 170108.0
1417161600, 161068.0
1417248000, 140787.0
1417334400, 292394.0
1417420800, 173184.0
1417507200, 194215.0
1417593600, 180007.0
1417680000, 176846.0
1417766400, 200719.0
1417852800, 147880.0
1417939200, 248804.0
1418025600, 186770.0
1418112000, 162610.0
1418198400, 165725.0
1418284800, 164161.0
1418371200, 177301.0
1418457600, 134239.0
1418544000, 275776.0
1418630400, 196733.0
1418716800, 210389.0
1418803200, 193444.0
1418889600, 192937.0
1418976000, 193260.0
1419062400, 220709.0
1419148800, 200496.0
1419235200, 194904.0
1419321600, 185606.0
1419408000, 143399.0
1419494400, 133652.0
1419580800, 151930.0
1419667200, 171903.0
1419753600, 251740.0
1419840000, 141729.0
1419926400, 164163.0
1420012800, 135739.0
1420099200, 104100.0
1420185600, 179613.0
1420272000, 208887.0
1420358400, 195239.0
1420444800, 195220.0
1420531200, 159826.0
1420617600, 151692.0
1420704000, 192577.0
1420790400, 209581.0
1420876800, 264152.0
1420963200, 211188.0
1421049600, 176216.0
1421136000, 194814.0
1421222400, 202471.0
1421308800, 219163.0
1421395200, 198891.0
1421481600, 267773.0
1421568000, 206232.0
1421654400, 205909.0
1421740800, 179994.0
1421827200, 177020.0
1421913600, 166980.0
1422000000, 163391.0
1422086400, 161338.0
1422172800, 313778.0
1422259200, 199998.0
1422345600, 186947.0
1422432000, 130066.0
1422518400, 160162.0
1422604800, 155025.0
1422691200, 247029.0
1422777600, 198447.0
1422864000, 162392.0
1422950400, 173268.0
1423036800, 174427.0
1423123200, 149323.0
1423209600, 187139.0
1423296000, 146643.0
1423382400, 307096.0
1423468800, 188995.0
1423555200, 191920.0
1423641600, 190770.0
1423728000, 229711.0
1423814400, 400391.0
1423900800, 241402.0
1423987200, 350998.0
1424073600, 257610.0
1424160000, 311895.0
1424246400, 199854.0
1424332800, 176269.0
1424419200, 187777.0
1424505600, 243347.0
1424592000, 233846.0
1424678400, 209016.0
1424764800, 179162.0
1424851200, 182542.0
1424937600, 176562.0
1425024000, 182344.0
1425110400, 254411.0
1425196800, 233505.0
1425283200, 212138.0
1425369600, 196550.0
1425456000, 185427.0
1425542400, 191385.0
1425628800, 172670.0
1425715200, 222236.0
1425801600, 231444.0
1425884400, 214371.0
1425970800, 179184.0
1426057200, 177705.0
1426143600, 165113.0
1426230000, 186084.0
1426316400, 224479.0
1426402800, 234156.0
1426489200, 211188.0
1426575600, 178960.0
1426662000, 182290.0
1426748400, 191594.0
1426834800, 196813.0
1426921200, 220015.0
1427007600, 238929.0
1427094000, 222412.0
1427180400, 163768.0
1427266800, 169051.0
1427353200, 182872.0
1427439600, 182194.0
1427526000, 199004.0
1427612400, 246191.0
1427698800, 201390.0
1427785200, 213913.0
1427871600, 204810.0
1427958000, 203768.0
1428044400, 185251.0
1428130800, 224181.0
1428217200, 243329.0
1428303600, 200844.0
1428390000, 197556.0
1428476400, 195782.0
1428562800, 189905.0
1428649200, 204038.0
1428735600, 241261.0
1428822000, 213870.0
1428908400, 215197.0
1428994800, 200761.0
1429081200, 173520.0
1429167600, 172082.0
1429254000, 187480.0
1429340400, 231199.0
1429426800, 233867.0
1429513200, 209936.0
1429599600, 180286.0
1429686000, 205829.0
1429772400, 207238.0
1429858800, 191640.0
1429945200, 239222.0
1430031600, 239975.0
1430118000, 200221.0
1430204400, 191581.0
1430290800, 206989.0
1430377200, 186929.0
1430463600, 172748.0
1430550000, 253437.0
1430636400, 217255.0
1430722800, 193324.0
1430809200, 199744.0
1430895600, 209027.0
1430982000, 205386.0
1431068400, 260398.0
1431154800, 179418.0
1431241200, 231094.0
1431327600, 215695.0
1431414000, 206461.0
1431500400, 200892.0
1431586800, 179241.0
1431673200, 196037.0
1431759600, 239495.0
1431846000, 220958.0
1431932400, 198932.0
1432018800, 192972.0
1432105200, 202517.0
1432191600, 190513.0
1432278000, 208366.0
1432364400, 193315.0
1432450800, 290135.0
1432537200, 227745.0
1432623600, 217843.0
1432710000, 192322.0
1432796400, 196671.0
1432882800, 235085.0
1432969200, 283609.0
1433055600, 248344.0
1433142000, 239496.0
1433228400, 231746.0
1433314800, 231674.0
1433401200, 209843.0
1433487600, 207342.0
1433574000, 243236.0
1433660400, 225858.0
1433746800, 194905.0
1433833200, 205855.0
1433919600, 267309.0
1434006000, 208204.0
1434092400, 243587.0
1434178800, 243583.0
1434265200, 251674.0
1434351600, 276551.0
1434438000, 264928.0
1434524400, 333423.0
1434610800, 384956.0
1434697200, 318543.0
1434783600, 234275.0
1434870000, 255120.0
1434956400, 382634.0
1435042800, 247999.0
1435129200, 205841.0
1435215600, 172409.0
1435302000, 233401.0
1435388400, 271963.0
1435474800, 242200.0
1435561200, 224783.0
1435647600, 603168.0
1435734000, 231446.0
1435820400, 239195.0
1435906800, 234098.0
1435993200, 239860.0
1436079600, 256096.0
1436166000, 568946.0
1436252400, 700450.0
1436338800, 1299324.0
1436425200, 599855.0
1436511600, 676037.0
1436598000, 1257875.0
1436684400, 928761.0
1436770800, 647587.0
1436857200, 201813.0
1436943600, 208767.0
1437030000, 195703.0
1437116400, 186853.0
1437202800, 221279.0
1437289200, 266327.0
1437375600, 211909.0
1437462000, 210704.0
1437548400, 209074.0
1437634800, 181203.0
1437721200, 199053.0
1437807600, 184556.0
1437894000, 354081.0
1437980400, 428382.0
1438066800, 356335.0
1438153200, 1392118.0
1438239600, 1079392.0
1438326000, 1470746.0
1438412400, 1511789.0
1438498800, 430598.0
1438585200, 316480.0
1438671600, 1172391.0
1438758000, 1241951.0
1438844400, 1365552.0
1438930800, 440401.0
1439017200, 224311.0
1439103600, 224002.0
1439190000, 229073.0
1439276400, 202395.0
1439362800, 213823.0
1439449200, 209422.0
1439535600, 206145.0
1439622000, 215705.0
1439708400, 232582.0
1439794800, 209875.0
1439881200, 222980.0
1439967600, 210789.0
1440054000, 204820.0
1440140400, 214367.0
1440226800, 249883.0
1440313200, 239986.0
1440399600, 230212.0
1440486000, 222840.0
1440572400, 211931.0
1440658800, 213143.0
1440745200, 225190.0
1440831600, 236691.0
1440918000, 246743.0
1441004400, 237456.0
1441090800, 232413.0
1441177200, 1884130.0
1441263600, 341667.0
1441350000, 196135.0
1441436400, 276848.0
1441522800, 245276.0
1441609200, 251381.0
1441695600, 242884.0
1441782000, 219160.0
1441868400, 203622.0
1441954800, 230329.0
1442041200, 211661.0
1442127600, 267405.0
1442214000, 202879.0
1442300400, 216356.0
1442386800, 180052.0
1442473200, 126912.0
1442559600, 230427.0
1442646000, 192942.0
1442732400, 327610.0
1442818800, 266127.0
1442905200, 283166.0
1442991600, 223140.0
1443078000, 217301.0
1443164400, 222450.0
1443250800, 232718.0
1443337200, 254854.0
1443423600, 225303.0
1443510000, 245430.0
1443596400, 247497.0
1443682800, 222025.0
1443769200, 235086.0
1443855600, 179946.0
1443942000, 284995.0
1444028400, 208561.0
1444114800, 224535.0
1444201200, 217637.0
1444287600, 223101.0
1444374000, 174811.0
1444460400, 253999.0
1444546800, 227950.0
1444633200, 203416.0
1444719600, 203069.0
1444806000, 210397.0
1444892400, 274678.0
1444978800, 247974.0
1445065200, 292374.0
1445151600, 261622.0
1445238000, 243762.0
1445324400, 274459.0
1445410800, 258376.0
1445497200, 255245.0
1445583600, 254413.0
1445670000, 300595.0
1445756400, 276948.0
1445842800, 224655.0
1445929200, 250786.0
1446015600, 241477.0
1446102000, 256919.0
1446188400, 277324.0
1446274800, 293079.0
1446361200, 306979.0
1446451200, 279716.0
1446537600, 323076.0
1446624000, 350202.0
1446710400, 321507.0
1446796800, 343149.0
1446883200, 262792.0
1446969600, 291984.0
1447056000, 305027.0
1447142400, 276528.0
1447228800, 269525.0
1447315200, 286828.0
1447401600, 266961.0
1447488000, 308589.0
1447574400, 325723.0
1447660800, 274606.0
1447747200, 274122.0
1447833600, 312812.0
1447920000, 256106.0
1448006400, 268104.0
1448092800, 287432.0
1448179200, 304310.0
1448265600, 243032.0
1448352000, 288031.0
1448438400, 257725.0
1448524800, 273833.0
1448611200, 257893.0
1448697600, 333343.0
1448784000, 201044.0
1448870400, 391493.0
1448956800, 300352.0
1449043200, 320658.0
1449129600, 241173.0
1449216000, 280272.0
1449302400, 357247.0
1449388800, 345928.0
1449475200, 307256.0
1449561600, 353954.0
1449648000, 353747.0
1449734400, 366489.0
1449820800, 321450.0
1449907200, 387479.0
1449993600, 382535.0
1450080000, 360648.0
1450166400, 382952.0
1450252800, 342839.0
1450339200, 329829.0
1450425600, 329943.0
1450512000, 397898.0
1450598400, 384389.0
1450684800, 369613.0
1450771200, 358027.0
1450857600, 329663.0
1450944000, 335547.0
1451030400, 296920.0
1451116800, 350588.0
1451203200, 335055.0
1451289600, 303391.0
1451376000, 295377.0
1451462400, 310305.0
1451548800, 239122.0
1451635200, 236936.0
1451721600, 305182.0
1451808000, 335190.0
1451894400, 310198.0
1451980800, 322362.0
1452067200, 267124.0
1452153600, 343292.0
1452240000, 307073.0
1452326400, 369428.0
1452412800, 350414.0
1452499200, 336930.0
1452585600, 360855.0
1452672000, 297503.0
1452758400, 309765.0
1452844800, 293483.0
1452931200, 354282.0
1453017600, 447251.0
1453104000, 344262.0
1453190400, 301904.0
1453276800, 388580.0
1453363200, 370436.0
1453449600, 355623.0
1453536000, 376146.0
1453622400, 384317.0
1453708800, 375536.0
1453795200, 387235.0
1453881600, 365128.0
1453968000, 363357.0
1454054400, 338417.0
1454140800, 386103.0
1454227200, 382379.0
1454313600, 339821.0
1454400000, 426287.0
1454486400, 314466.0
1454572800, 347955.0
1454659200, 390434.0
1454745600, 432204.0
1454832000, 512434.0
1454918400, 388083.0
1455004800, 382587.0
1455091200, 370076.0
1455177600, 370844.0
1455264000, 345826.0
1455350400, 338181.0
1455436800, 402588.0
1455523200, 378363.0
1455609600, 338615.0
1455696000, 405110.0
1455782400, 362282.0
1455868800, 347852.0
1455955200, 386013.0
1456041600, 422283.0
1456128000, 409585.0
1456214400, 386293.0
1456300800, 320827.0
1456387200, 377072.0
1456473600, 339245.0
1456560000, 348414.0
1456646400, 355814.0
1456732800, 410101.0
1456819200, 423207.0
1456905600, 398096.0
1456992000, 428945.0
1457078400, 333046.0
1457164800, 362299.0
1457251200, 328553.0
1457337600, 287697.0
1457424000, 349841.0
1457510400, 306209.0
1457596800, 327092.0
1457683200, 314933.0
1457769600, 266272.0
1457856000, 329802.0
1457938800, 332790.0
1458025200, 321301.0
1458111600, 307908.0
1458198000, 345772.0
1458284400, 318403.0
1458370800, 330196.0
1458457200, 361340.0
1458543600, 336539.0
1458630000, 368047.0
1458716400, 316345.0
1458802800, 300040.0
1458889200, 292288.0
1458975600, 301184.0
1459062000, 306419.0
1459148400, 325440.0
1459234800, 346702.0
1459321200, 307826.0
1459407600, 297723.0
1459494000, 356639.0
1459580400, 316931.0
1459666800, 344105.0
1459753200, 367237.0
1459839600, 335263.0
1459926000, 369394.0
1460012400, 339600.0
1460098800, 342999.0
1460185200, 328514.0
1460271600, 354969.0
1460358000, 368578.0
1460444400, 393096.0
1460530800, 354314.0
1460617200, 373757.0
1460703600, 341139.0
1460790000, 302427.0
1460876400, 371991.0
1460962800, 362685.0
1461049200, 363519.0
1461135600, 338665.0
1461222000, 368509.0
1461308400, 319178.0
1461394800, 351956.0
1461481200, 358634.0
1461567600, 369209.0
1461654000, 404737.0
1461740400, 347600.0
1461826800, 374510.0
1461913200, 458583.0
1461999600, 381256.0
1462086000, 370840.0
1462172400, 376226.0
1462258800, 335323.0
1462345200, 371188.0
1462431600, 340039.0
1462518000, 339088.0
1462604400, 307344.0
1462690800, 338120.0
1462777200, 371172.0
1462863600, 369210.0
1462950000, 343506.0
1463036400, 334778.0
1463122800, 361296.0
1463209200, 364949.0
1463295600, 363684.0
1463382000, 444966.0
1463468400, 415702.0
1463554800, 490790.0
1463641200, 361277.0
1463727600, 323308.0
1463814000, 336555.0
1463900400, 320192.0
1463986800, 386013.0
1464073200, 393736.0
1464159600, 362018.0
1464246000, 323288.0
1464332400, 368128.0
1464418800, 342668.0
1464505200, 317582.0
1464591600, 391202.0
1464678000, 337882.0
1464764400, 376612.0
1464850800, 349027.0
1464937200, 359874.0
1465023600, 343738.0
1465110000, 342720.0
1465196400, 381798.0
1465282800, 376720.0
1465369200, 345209.0
1465455600, 399167.0
1465542000, 386820.0
1465628400, 360423.0
1465714800, 396064.0
1465801200, 407244.0
1465887600, 340951.0
1465974000, 408912.0
1466060400, 435332.0
1466146800, 413080.0
1466233200, 396390.0
1466319600, 384636.0
1466406000, 443993.0
1466492400, 417163.0
1466578800, 353167.0
1466665200, 398731.0
1466751600, 383561.0
1466838000, 371259.0
1466924400, 352863.0
1467010800, 334700.0
1467097200, 371119.0
1467183600, 310819.0
1467270000, 349242.0
1467356400, 305077.0
1467442800, 300299.0
1467529200, 312450.0
1467615600, 360398.0
1467702000, 335497.0
1467788400, 329204.0
1467874800, 312864.0
1467961200, 342819.0
1468047600, 320517.0
1468134000, 282501.0
1468220400, 349821.0
1468306800, 324469.0
1468393200, 309797.0
1468479600, 317195.0
1468566000, 314917.0
1468652400, 309546.0
1468738800, 297313.0
1468825200, 342683.0
1468911600, 325605.0
1468998000, 324508.0
1469084400, 326969.0
1469170800, 321722.0
1469257200, 300030.0
1469343600, 310926.0
1469430000, 354139.0
1469516400, 362813.0
1469602800, 310779.0
1469689200, 351946.0
1469775600, 303664.0
1469862000, 333173.0
1469948400, 299625.0
1470034800, 359937.0
1470121200, 350460.0
1470207600, 369111.0
1470294000, 323382.0
1470380400, 326210.0
1470466800, 309605.0
1470553200, 304387.0
1470639600, 363717.0
1470726000, 326037.0
1470812400, 362952.0
1470898800, 372571.0
1470985200, 336174.0
1471071600, 317636.0
1471158000, 331207.0
1471244400, 298432.0
1471330800, 353536.0
1471417200, 345809.0
1471503600, 337943.0
1471590000, 330504.0
1471676400, 344324.0
1471762800, 313957.0
1471849200, 346778.0
1471935600, 321647.0
1472022000, 347357.0
1472108400, 332031.0
1472194800, 316000.0
1472281200, 309470.0
1472367600, 281372.0
1472454000, 305134.0
1472540400, 372771.0
1472626800, 309422.0
1472713200, 314044.0
1472799600, 317243.0
1472886000, 292218.0
1472972400, 296477.0
1473058800, 362815.0
1473145200, 370650.0
1473231600, 333942.0
1473318000, 330546.0
1473404400, 305538.0
1473490800, 288155.0
1473577200, 314172.0
1473663600, 331193.0
1473750000, 330182.0
1473836400, 312406.0
1473922800, 322384.0
1474009200, 289110.0
1474095600, 329223.0
1474182000, 306036.0
1474268400, 323070.0
1474354800, 350734.0
1474441200, 344325.0
1474527600, 310251.0
1474614000, 299973.0
1474700400, 299932.0
1474786800, 313612.0
1474873200, 341714.0
1474959600, 340819.0
1475046000, 343876.0
1475132400, 353582.0
1475218800, 352525.0
1475305200, 317401.0
1475391600, 294430.0
1475478000, 408854.0
1475564400, 385682.0
1475650800, 380978.0
1475737200, 434466.0
1475823600, 376592.0
1475910000, 367837.0
1475996400, 338388.0
1476082800, 306964.0
1476169200, 375299.0
1476255600, 355478.0
1476342000, 346196.0
1476428400, 397922.0
1476514800, 349476.0
1476601200, 301467.0
1476687600, 321342.0
1476774000, 353722.0
1476860400, 255559.0
1476946800, 369973.0
1477033200, 385356.0
1477119600, 299664.0
1477206000, 293459.0
1477292400, 314106.0
1477378800, 331026.0
1477465200, 288542.0
1477551600, 441528.0
1477638000, 342182.0
1477724400, 324034.0
1477810800, 268719.0
1477897200, 373133.0
1477983600, 337510.0
1478070000, 344251.0
1478156400, 362196.0
1478242800, 325243.0
1478329200, 353932.0
1478415600, 353255.0
1478505600, 386083.0
1478592000, 411732.0
1478678400, 366942.0
1478764800, 370440.0
1478851200, 334885.0
1478937600, 356209.0
1479024000, 336740.0
1479110400, 393500.0
1479196800, 409227.0
1479283200, 379121.0
1479369600, 391653.0
1479456000, 411253.0
1479542400, 393314.0
1479628800, 394298.0
1479715200, 427191.0
1479801600, 451236.0
1479888000, 422432.0
1479974400, 468048.0
1480060800, 407807.0
1480147200, 398651.0
1480233600, 351749.0
1480320000, 421709.0
1480406400, 395017.0
1480492800, 400030.0
1480579200, 323029.0
1480665600, 460057.0
1480752000, 411121.0
1480838400, 337310.0
1480924800, 400921.0
1481011200, 426051.0
1481097600, 429107.0
1481184000, 367182.0
1481270400, 354645.0
1481356800, 341836.0
1481443200, 347143.0
1481529600, 370753.0
1481616000, 376690.0
1481702400, 367992.0
1481788800, 353385.0
1481875200, 392331.0
1481961600, 378883.0
1482048000, 309119.0
1482134400, 397016.0
1482220800, 383353.0
1482307200, 404864.0
1482393600, 399188.0
1482480000, 399916.0
1482566400, 326519.0
1482652800, 275679.0
1482739200, 351193.0
1482825600, 389718.0
1482912000, 389443.0
1482998400, 395959.0
1483084800, 407138.0
1483171200, 381010.0
1483257600, 380248.0
1483344000, 488209.0
1483430400, 493668.0
1483516800, 457995.0
1483603200, 386738.0
1483689600, 448976.0
1483776000, 429687.0
1483862400, 377240.0
1483948800, 387321.0
1484035200, 441496.0
1484121600, 379661.0
1484208000, 371885.0
1484294400, 363509.0
1484380800, 352865.0
1484467200, 324875.0
1484553600, 366863.0
1484640000, 417990.0
1484726400, 399017.0
1484812800, 398241.0
1484899200, 399097.0
1484985600, 383552.0
1485072000, 342880.0
1485158400, 336061.0
1485244800, 375630.0
1485331200, 402929.0
1485417600, 407509.0
1485504000, 364140.0
1485590400, 370661.0
1485676800, 372685.0
1485763200, 362982.0
1485849600, 412223.0
1485936000, 539935.0
1486022400, 409833.0
1486108800, 473106.0
1486195200, 389870.0
1486281600, 384165.0
1486368000, 347901.0
1486454400, 412084.0
1486540800, 396518.0
1486627200, 436140.0
1486713600, 397747.0
1486800000, 371873.0
1486886400, 329436.0
1486972800, 391004.0
1487059200, 405077.0
1487145600, 377094.0
1487232000, 383223.0
1487318400, 481976.0
1487404800, 400414.0
1487491200, 354856.0
1487577600, 402796.0
1487664000, 379720.0
1487750400, 382008.0
1487836800, 419398.0
1487923200, 444701.0
1488009600, 446375.0
1488096000, 412427.0
1488182400, 396962.0
1488268800, 417680.0
1488355200, 410689.0
1488441600, 435587.0
1488528000, 447877.0
1488614400, 383474.0
1488700800, 410763.0
1488787200, 421868.0
1488873600, 428123.0
1488960000, 403157.0
1489046400, 428456.0
1489132800, 430795.0
1489219200, 412920.0
1489305600, 361572.0
1489388400, 411546.0
1489474800, 432968.0
1489561200, 415097.0
1489647600, 462848.0
1489734000, 424747.0
1489820400, 407922.0
1489906800, 416359.0
1489993200, 412933.0
1490079600, 433134.0
1490166000, 456573.0
1490252400, 436776.0
1490338800, 432732.0
1490425200, 393842.0
1490511600, 390547.0
1490598000, 378741.0
1490684400, 443049.0
1490770800, 430392.0
1490857200, 409226.0
1490943600, 380266.0
1491030000, 402188.0
1491116400, 421523.0
1491202800, 457197.0
1491289200, 387180.0
1491375600, 476273.0
1491462000, 443239.0
1491548400, 433500.0
1491634800, 387738.0
1491721200, 415196.0
1491807600, 455401.0
1491894000, 488325.0
1491980400, 471888.0
1492066800, 393902.0
1492153200, 529391.0
1492239600, 505815.0
1492326000, 437638.0
1492412400, 445419.0
1492498800, 420275.0
1492585200, 432688.0
1492671600, 361455.0
1492758000, 490037.0
1492844400, 410693.0
1492930800, 384008.0
1493017200, 345237.0
1493103600, 433747.0
1493190000, 455026.0
1493276400, 431823.0
1493362800, 439896.0
1493449200, 504911.0
1493535600, 408162.0
1493622000, 416291.0
1493708400, 467196.0
1493794800, 411023.0
1493881200, 532039.0
1493967600, 411629.0
1494054000, 510615.0
1494140400, 443732.0
1494226800, 530451.0
1494313200, 464976.0
1494399600, 474620.0
1494486000, 436037.0
1494572400, 472779.0
1494658800, 471652.0
1494745200, 512771.0
1494831600, 520440.0
1494918000, 335527.0
1495004400, 458370.0
1495090800, 431433.0
1495177200, 490777.0
1495263600, 452400.0
1495350000, 436199.0
1495436400, 441976.0
1495522800, 514375.0
1495609200, 490137.0
1495695600, 498949.0
1495782000, 478403.0
1495868400, 519234.0
1495954800, 471261.0
1496041200, 473704.0
1496127600, 502655.0
1496214000, 501147.0
1496300400, 489290.0
1496386800, 436683.0
1496473200, 518585.0
1496559600, 457035.0
1496646000, 442130.0
1496732400, 467400.0
1496818800, 481326.0
1496905200, 459610.0
1496991600, 437360.0
1497078000, 387391.0
1497164400, 355666.0
1497250800, 405992.0
1497337200, 468938.0
1497423600, 424460.0
1497510000, 436668.0
1497596400, 401760.0
1497682800, 359420.0
1497769200, 329461.0
1497855600, 401879.0
1497942000, 449672.0
1498028400, 461285.0
1498114800, 417649.0
1498201200, 385183.0
1498287600, 366136.0
1498374000, 298720.0
1498460400, 387381.0
1498546800, 448972.0
1498633200, 409302.0
1498719600, 340714.0
1498806000, 424584.0
1498892400, 339527.0
1498978800, 319800.0
1499065200, 376317.0
1499151600, 429195.0
1499238000, 366596.0
1499324400, 349892.0
1499410800, 451299.0
1499497200, 349749.0
1499583600, 306456.0
1499670000, 479793.0
1499756400, 444150.0
1499842800, 392767.0
1499929200, 378740.0
1500015600, 379256.0
1500102000, 354659.0
1500188400, 318068.0
1500274800, 372080.0
1500361200, 442369.0
1500447600, 403669.0
1500534000, 364304.0
1500620400, 445115.0
1500706800, 348722.0
1500793200, 286284.0
1500879600, 382377.0
1500966000, 415231.0
1501052400, 369676.0
1501138800, 360455.0
1501225200, 395660.0
1501311600, 328827.0
1501398000, 280986.0
1501484400, 347615.0
1501570800, 216722.0
1501657200, 336748.0
1501743600, 347435.0
1501830000, 378574.0
1501916400, 362961.0
1502002800, 319844.0
1502089200, 393989.0
1502175600, 455769.0
1502262000, 427537.0
1502348400, 439806.0
1502434800, 463874.0
1502521200, 397863.0
1502607600, 435283.0
1502694000, 413105.0
1502780400, 533560.0
1502866800, 430306.0
1502953200, 492025.0
1503039600, 438852.0
1503126000, 461447.0
1503212400, 344545.0
1503298800, 387854.0
1503385200, 345910.0
1503471600, 524463.0
1503558000, 310106.0
1503644400, 351215.0
1503730800, 392805.0
1503817200, 401424.0
1503903600, 387924.0
1503990000, 443793.0
1504076400, 420710.0
1504162800, 437615.0
1504249200, 443801.0
1504335600, 406981.0
1504422000, 327510.0
1504508400, 423677.0
1504594800, 459098.0
1504681200, 444383.0
1504767600, 384934.0
1504854000, 468569.0
1504940400, 338653.0
1505026800, 305687.0
1505113200, 404493.0
1505199600, 415612.0
1505286000, 399173.0
1505372400, 408870.0
1505458800, 494272.0
1505545200, 368162.0
1505631600, 327342.0
1505718000, 359699.0
1505804400, 424355.0
1505890800, 344275.0
1505977200, 390235.0
1506063600, 385840.0
1506150000, 311785.0
1506236400, 276570.0
1506322800, 401097.0
1506409200, 404107.0
1506495600, 405428.0
1506582000, 416842.0
1506668400, 429167.0
1506754800, 352463.0
1506841200, 296937.0
1506927600, 463966.0
1507014000, 440842.0
1507100400, 366414.0
1507186800, 401669.0
1507273200, 457192.0
1507359600, 376552.0
1507446000, 370765.0
1507532400, 429687.0
1507618800, 462136.0
1507705200, 453831.0
1507791600, 426770.0
1507878000, 501231.0
1507964400, 448378.0
1508050800, 426991.0
1508137200, 484440.0
1508223600, 500851.0
1508310000, 497942.0
1508396400, 525156.0
1508482800, 500769.0
1508569200, 447160.0
1508655600, 433878.0
1508742000, 477712.0
1508828400, 529693.0
1508914800, 464952.0
1509001200, 416146.0
1509087600, 418160.0
1509174000, 327093.0
1509260400, 516734.0
1509346800, 496270.0
1509433200, 461292.0
1509519600, 554428.0
1509606000, 510742.0
1509692400, 516544.0
1509778800, 418541.0
1509865200, 425981.0
1509955200, 453872.0
1510041600, 554072.0
1510128000, 481444.0
1510214400, 531410.0
1510300800, 463013.0
1510387200, 344736.0
1510473600, 355142.0
1510560000, 529280.0
1510646400, 476313.0
1510732800, 547968.0
1510819200, 516489.0
1510905600, 534527.0
1510992000, 468070.0
1511078400, 465643.0
1511164800, 574216.0
1511251200, 590717.0
1511337600, 515400.0
1511424000, 565856.0
1511510400, 544617.0
1511596800, 521447.0
1511683200, 537153.0
1511769600, 625211.0
1511856000, 605530.0
1511942400, 669424.0
1512028800, 644405.0
1512115200, 659214.0
1512201600, 506756.0
1512288000, 554017.0
1512374400, 658212.0
1512460800, 678091.0
1512547200, 727766.0
1512633600, 633363.0
1512720000, 667089.0
1512806400, 632233.0
1512892800, 533120.0
1512979200, 663267.0
1513065600, 662530.0
1513152000, 709911.0
1513238400, 764689.0
1513324800, 698866.0
1513411200, 601778.0
1513497600, 643743.0
1513584000, 681448.0
1513670400, 643660.0
1513756800, 615365.0
1513843200, 632925.0
1513929600, 670402.0
1514016000, 570476.0
1514102400, 503884.0
1514188800, 457834.0
1514275200, 467489.0
1514361600, 568570.0
1514448000, 566516.0
1514534400, 644855.0
1514620800, 601277.0
1514707200, 516040.0
1514793600, 455906.0
1514880000, 648256.0
1514966400, 694581.0
1515052800, 808693.0
1515139200, 691433.0
1515225600, 698774.0
1515312000, 683251.0
1515398400, 701307.0
1515484800, 712912.0
1515571200, 680187.0
1515657600, 624667.0
1515744000, 575465.0
1515830400, 497586.0
1515916800, 449422.0
1516003200, 514582.0
1516089600, 572084.0
1516176000, 587744.0
1516262400, 581578.0
1516348800, 447888.0
1516435200, 436489.0
1516521600, 397630.0
1516608000, 440475.0
1516694400, 413550.0
1516780800, 433445.0
1516867200, 407274.0
1516953600, 388794.0
1517040000, 428958.0
1517126400, 380082.0
1517212800, 399720.0
1517299200, 394420.0
1517385600, 361590.0
1517472000, 442684.0
1517558400, 414773.0
1517644800, 332535.0
1517731200, 300599.0
1517817600, 370284.0
1517904000, 456060.0
1517990400, 366309.0
1518076800, 296659.0
1518163200, 354488.0
1518249600, 313603.0
1518336000, 280969.0
1518422400, 325003.0
1518508800, 308776.0
1518595200, 332634.0
1518681600, 355899.0
1518768000, 309491.0
1518854400, 293703.0
1518940800, 283480.0
1519027200, 325458.0
1519113600, 336703.0
1519200000, 345915.0
1519286400, 395936.0
1519372800, 316133.0
1519459200, 272649.0
1519545600, 275150.0
1519632000, 341356.0
1519718400, 382909.0
1519804800, 372706.0
1519891200, 403200.0
1519977600, 429518.0
1520064000, 342753.0
1520150400, 296163.0
1520236800, 342187.0
1520323200, 341782.0
1520409600, 368228.0
1520496000, 332690.0
1520582400, 384354.0
1520668800, 260530.0
1520755200, 259147.0
1520838000, 328798.0
1520924400, 320039.0
1521010800, 315242.0
1521097200, 352634.0
1521183600, 354312.0
1521270000, 266999.0
1521356400, 291065.0
1521442800, 316843.0
1521529200, 311063.0
1521615600, 314320.0
1521702000, 59906.0
