txOutputs;2014-05-23T22:00:00.000Z;11052851.863775508
txOutputs;2014-05-25T08:20:00.000Z;11090799.94894822
txOutputs;2014-05-26T18:40:00.000Z;11104915.076051781
txOutputs;2014-05-28T05:00:00.000Z;11113864.77200647
txOutputs;2014-05-29T15:20:00.000Z;11127913.587944983
txOutputs;2014-05-31T01:40:00.000Z;11143942.845226536
txOutputs;2014-06-01T12:00:00.000Z;11189944.252912618
txOutputs;2014-06-02T22:20:00.000Z;11200862.554320384
txOutputs;2014-06-04T08:40:00.000Z;11221416.587540455
txOutputs;2014-06-05T19:00:00.000Z;11238865.706715211
txOutputs;2014-06-07T05:20:00.000Z;11262930.272087375
txOutputs;2014-06-08T15:40:00.000Z;11319343.033915862
txOutputs;2014-06-10T02:00:00.000Z;11332340.892637538
txOutputs;2014-06-11T12:20:00.000Z;11347579.92854369
txOutputs;2014-06-12T22:40:00.000Z;11359891.169902897
txOutputs;2014-06-14T09:00:00.000Z;11397986.094983816
txOutputs;2014-06-15T19:20:00.000Z;11465474.970954694
txOutputs;2014-06-17T05:40:00.000Z;11498714.130420713
txOutputs;2014-06-18T16:00:00.000Z;11523558.16116505
txOutputs;2014-06-20T02:20:00.000Z;11543009.465533974
txOutputs;2014-06-21T12:40:00.000Z;11583975.876844661
txOutputs;2014-06-22T23:00:00.000Z;11646394.29304207
txOutputs;2014-06-24T09:20:00.000Z;11667783.07231392
txOutputs;2014-06-25T19:40:00.000Z;11692633.956391586
txOutputs;2014-06-27T06:00:00.000Z;11720711.55889967
txOutputs;2014-06-28T16:20:00.000Z;11760891.029611645
txOutputs;2014-06-30T02:40:00.000Z;11805332.755663436
txOutputs;2014-07-01T13:00:00.000Z;11801183.012944983
txOutputs;2014-07-02T23:20:00.000Z;11817131.50169903
txOutputs;2014-07-04T09:40:00.000Z;11848149.47378641
txOutputs;2014-07-05T20:00:00.000Z;11902957.31674758
txOutputs;2014-07-07T06:20:00.000Z;11961074.933495142
txOutputs;2014-07-08T16:40:00.000Z;11986577.544902917
txOutputs;2014-07-10T03:00:00.000Z;12001317.34377023
txOutputs;2014-07-11T13:20:00.000Z;12026092.67807444
txOutputs;2014-07-12T23:40:00.000Z;12090467.182443364
txOutputs;2014-07-14T10:00:00.000Z;12136676.679368919
txOutputs;2014-07-15T20:20:00.000Z;12160232.157022657
txOutputs;2014-07-17T06:40:00.000Z;12179620.67556635
txOutputs;2014-07-18T17:00:00.000Z;12184809.2041262
txOutputs;2014-07-20T03:20:00.000Z;12251239.727265375
txOutputs;2014-07-21T13:40:00.000Z;12283092.541472493
txOutputs;2014-07-23T00:00:00.000Z;12299114.73131068
txOutputs;2014-07-24T10:20:00.000Z;12321640.679449843
txOutputs;2014-07-25T20:40:00.000Z;12345910.28017799
txOutputs;2014-07-27T07:00:00.000Z;12410562.42435275
txOutputs;2014-07-28T17:20:00.000Z;12441804.368203877
txOutputs;2014-07-30T03:40:00.000Z;12460272.0460356
txOutputs;2014-07-31T14:00:00.000Z;12476694.84765372
txOutputs;2014-08-02T00:20:00.000Z;12504609.00177993
txOutputs;2014-08-03T10:40:00.000Z;12568811.057200639
txOutputs;2014-08-04T21:00:00.000Z;12584703.2605178
txOutputs;2014-08-06T07:20:00.000Z;12605340.271844653
txOutputs;2014-08-07T17:40:00.000Z;12619161.238996767
txOutputs;2014-08-09T04:00:00.000Z;12637698.15315533
txOutputs;2014-08-10T14:20:00.000Z;12711905.356715206
txOutputs;2014-08-12T00:40:00.000Z;12735852.702427186
txOutputs;2014-08-13T11:00:00.000Z;12740792.417152101
txOutputs;2014-08-14T21:20:00.000Z;12733187.199838206
txOutputs;2014-08-16T07:40:00.000Z;12704049.53559871
txOutputs;2014-08-17T18:00:00.000Z;12782550.828559874
txOutputs;2014-08-19T04:20:00.000Z;12814542.520711973
txOutputs;2014-08-20T14:40:00.000Z;12841075.528074443
txOutputs;2014-08-22T01:00:00.000Z;12865512.528640775
txOutputs;2014-08-23T11:20:00.000Z;12903203.095711974
txOutputs;2014-08-24T21:40:00.000Z;12975439.888009712
txOutputs;2014-08-26T08:00:00.000Z;12987244.637621364
txOutputs;2014-08-27T18:20:00.000Z;12999396.930307444
txOutputs;2014-08-29T04:40:00.000Z;13036048.220194168
txOutputs;2014-08-30T15:00:00.000Z;13084834.512977336
txOutputs;2014-09-01T01:20:00.000Z;13155298.133656958
txOutputs;2014-09-02T11:40:00.000Z;13174843.824595472
txOutputs;2014-09-03T22:00:00.000Z;13183910.780097086
txOutputs;2014-09-05T08:20:00.000Z;13206875.690372163
txOutputs;2014-09-06T18:40:00.000Z;13281584.184126211
txOutputs;2014-09-08T05:00:00.000Z;13357198.166100323
txOutputs;2014-09-09T15:20:00.000Z;13314677.755177997
txOutputs;2014-09-11T01:40:00.000Z;13312654.286893204
txOutputs;2014-09-12T12:00:00.000Z;13333096.658009699
txOutputs;2014-09-13T22:20:00.000Z;13414147.521601938
txOutputs;2014-09-15T08:40:00.000Z;13448757.2144822
txOutputs;2014-09-16T19:00:00.000Z;13452086.594579283
txOutputs;2014-09-18T05:20:00.000Z;13468811.62726536
txOutputs;2014-09-19T15:40:00.000Z;13475186.577540457
txOutputs;2014-09-21T02:00:00.000Z;13541794.150533987
txOutputs;2014-09-22T12:20:00.000Z;13597597.284466015
txOutputs;2014-09-23T22:40:00.000Z;13623322.304207124
txOutputs;2014-09-25T09:00:00.000Z;13647188.33527508
txOutputs;2014-09-26T19:20:00.000Z;13675034.152831724
txOutputs;2014-09-28T05:40:00.000Z;13782353.112055019
txOutputs;2014-09-29T16:00:00.000Z;13805452.21883585
txOutputs;2014-10-01T02:20:00.000Z;13860522.156368557
txOutputs;2014-10-02T12:40:00.000Z;13880747.346521027
txOutputs;2014-10-03T23:00:00.000Z;13945121.58308824
txOutputs;2014-10-05T09:20:00.000Z;14036671.830339806
txOutputs;2014-10-06T19:40:00.000Z;14060762.196197413
txOutputs;2014-10-08T06:00:00.000Z;14063217.46132686
txOutputs;2014-10-09T16:20:00.000Z;14075809.342718456
txOutputs;2014-10-11T02:40:00.000Z;14107484.608252427
txOutputs;2014-10-12T13:00:00.000Z;14214726.029935274
txOutputs;2014-10-13T23:20:00.000Z;14220320.447896445
txOutputs;2014-10-15T09:40:00.000Z;14224964.529627832
txOutputs;2014-10-16T20:00:00.000Z;14231443.258090617
txOutputs;2014-10-18T06:20:00.000Z;14264411.768365681
txOutputs;2014-10-19T16:40:00.000Z;14363820.54854369
txOutputs;2014-10-21T03:00:00.000Z;14367894.235194167
txOutputs;2014-10-22T13:20:00.000Z;14372308.923543688
txOutputs;2014-10-23T23:40:00.000Z;14378849.736731388
txOutputs;2014-10-25T10:00:00.000Z;14459384.664886722
txOutputs;2014-10-26T20:20:00.000Z;14516429.404045312
txOutputs;2014-10-28T06:40:00.000Z;14532333.24304207
txOutputs;2014-10-29T17:00:00.000Z;14550991.436569575
txOutputs;2014-10-31T03:20:00.000Z;14563136.272734623
txOutputs;2014-11-01T13:40:00.000Z;14618975.609789642
txOutputs;2014-11-03T00:00:00.000Z;14700150.108495146
txOutputs;2014-11-04T10:20:00.000Z;14702227.96747574
txOutputs;2014-11-05T20:40:00.000Z;14705932.921278317
txOutputs;2014-11-07T07:00:00.000Z;14682452.03365696
txOutputs;2014-11-08T17:20:00.000Z;14726982.771035602
txOutputs;2014-11-10T03:40:00.000Z;14798246.458171526
txOutputs;2014-11-11T14:00:00.000Z;14796326.569093844
txOutputs;2014-11-13T00:20:00.000Z;14791094.984061493
txOutputs;2014-11-14T10:40:00.000Z;14815637.618689325
txOutputs;2014-11-15T21:00:00.000Z;14889141.481877025
txOutputs;2014-11-17T07:20:00.000Z;14930130.545873782
txOutputs;2014-11-18T17:40:00.000Z;14941245.74781553
txOutputs;2014-11-20T04:00:00.000Z;14953817.454288032
txOutputs;2014-11-21T14:20:00.000Z;14970206.18487055
txOutputs;2014-11-23T00:40:00.000Z;15053779.79854369
txOutputs;2014-11-24T11:00:00.000Z;15103633.408333337
txOutputs;2014-11-25T21:20:00.000Z;15101501.53082524
txOutputs;2014-11-27T07:40:00.000Z;15118242.579773454
txOutputs;2014-11-28T18:00:00.000Z;15129974.085598705
txOutputs;2014-11-30T04:20:00.000Z;15212437.328155335
txOutputs;2014-12-01T14:40:00.000Z;15244920.028802589
txOutputs;2014-12-03T01:00:00.000Z;15250843.843236255
txOutputs;2014-12-04T11:20:00.000Z;15260585.631715214
txOutputs;2014-12-05T21:40:00.000Z;15305735.941585757
txOutputs;2014-12-07T08:00:00.000Z;15397499.220388353
txOutputs;2014-12-08T18:20:00.000Z;15422111.716747569
txOutputs;2014-12-10T04:40:00.000Z;15429765.20720065
txOutputs;2014-12-11T15:00:00.000Z;15445717.266828474
txOutputs;2014-12-13T01:20:00.000Z;15477334.382686084
txOutputs;2014-12-14T11:40:00.000Z;15587345.45177993
txOutputs;2014-12-15T22:00:00.000Z;15597572.4513754
txOutputs;2014-12-17T08:20:00.000Z;15596837.875404531
txOutputs;2014-12-18T18:40:00.000Z;15614976.238511333
txOutputs;2014-12-20T05:00:00.000Z;15680354.766504863
txOutputs;2014-12-21T15:20:00.000Z;15742935.903883502
txOutputs;2014-12-23T01:40:00.000Z;15738043.15582524
txOutputs;2014-12-24T12:00:00.000Z;15736193.54757282
txOutputs;2014-12-25T22:20:00.000Z;15761311.3407767
txOutputs;2014-12-27T08:40:00.000Z;15820069.077103557
txOutputs;2014-12-28T19:00:00.000Z;15901040.017799357
txOutputs;2014-12-30T05:20:00.000Z;15908414.16399677
txOutputs;2014-12-31T15:40:00.000Z;15918441.793851137
txOutputs;2015-01-02T02:00:00.000Z;15960764.905097086
txOutputs;2015-01-03T12:20:00.000Z;16042823.993220065
txOutputs;2015-01-04T22:40:00.000Z;16084536.279611655
txOutputs;2015-01-06T09:00:00.000Z;16083540.841343047
txOutputs;2015-01-07T19:20:00.000Z;16087252.7329288
txOutputs;2015-01-09T05:40:00.000Z;16123964.679207113
txOutputs;2015-01-10T16:00:00.000Z;16237440.903964402
txOutputs;2015-01-12T02:20:00.000Z;16277130.69838187
txOutputs;2015-01-13T12:40:00.000Z;16267335.98113269
txOutputs;2015-01-14T23:00:00.000Z;16280440.060113264
txOutputs;2015-01-16T09:20:00.000Z;16339159.990129441
txOutputs;2015-01-17T19:40:00.000Z;16449795.206860837
txOutputs;2015-01-19T06:00:00.000Z;16490484.324352754
txOutputs;2015-01-20T16:20:00.000Z;16495297
txOutputs;2015-01-22T02:40:00.000Z;16495310.621521035
txOutputs;2015-01-23T13:00:00.000Z;16517511.296682848
txOutputs;2015-01-24T23:20:00.000Z;16603258.95048544
txOutputs;2015-01-26T09:40:00.000Z;16643675.743122976
txOutputs;2015-01-27T20:00:00.000Z;16636592.230501616
txOutputs;2015-01-29T06:20:00.000Z;16650324.954449842
txOutputs;2015-01-30T16:40:00.000Z;16709694.510275085
txOutputs;2015-02-01T03:00:00.000Z;16791374.825728156
txOutputs;2015-02-02T13:20:00.000Z;16810976.402993523
txOutputs;2015-02-03T23:40:00.000Z;16827953.430744343
txOutputs;2015-02-05T10:00:00.000Z;16837703.154207114
txOutputs;2015-02-06T20:20:00.000Z;16876119.358576056
txOutputs;2015-02-08T06:40:00.000Z;16994212.62875405
txOutputs;2015-02-09T17:00:00.000Z;17025384.334061485
txOutputs;2015-02-11T03:20:00.000Z;17034281.08228155
txOutputs;2015-02-12T13:40:00.000Z;17152313.341909382
txOutputs;2015-02-14T00:00:00.000Z;17294785.9492233
txOutputs;2015-02-15T10:20:00.000Z;17414259.99724919
txOutputs;2015-02-16T20:40:00.000Z;17509165.531310685
txOutputs;2015-02-18T07:00:00.000Z;17553890.299919087
txOutputs;2015-02-19T17:20:00.000Z;17552269.01265372
txOutputs;2015-02-21T03:40:00.000Z;17584475.611569572
txOutputs;2015-02-22T14:00:00.000Z;17650448.017394815
txOutputs;2015-02-24T00:20:00.000Z;17662666.768770225
txOutputs;2015-02-25T10:40:00.000Z;17664796.71626213
txOutputs;2015-02-26T21:00:00.000Z;17664351.738754038
txOutputs;2015-02-28T07:20:00.000Z;17709758.841229778
txOutputs;2015-03-01T17:40:00.000Z;17740003.47928803
txOutputs;2015-03-03T04:00:00.000Z;17714855.459951453
txOutputs;2015-03-04T14:20:00.000Z;17701653.06156957
txOutputs;2015-03-06T00:40:00.000Z;17649914.28802589
txOutputs;2015-03-07T11:00:00.000Z;17695366.218090612
txOutputs;2015-03-08T21:20:00.000Z;17742971.211407766
txOutputs;2015-03-10T07:40:00.000Z;17702720.269660193
txOutputs;2015-03-11T18:00:00.000Z;17627041.847249206
txOutputs;2015-03-13T04:20:00.000Z;17627372.282135922
txOutputs;2015-03-14T14:40:00.000Z;17700869.027750812
txOutputs;2015-03-16T01:00:00.000Z;17772276.213739842
txOutputs;2015-03-17T11:20:00.000Z;17795612.724919096
txOutputs;2015-03-18T21:40:00.000Z;17769319.491828483
txOutputs;2015-03-20T08:00:00.000Z;17784871.591990285
txOutputs;2015-03-21T18:20:00.000Z;17866960.342637535
txOutputs;2015-03-23T04:40:00.000Z;17925715.30517799
txOutputs;2015-03-24T15:00:00.000Z;17934069.11504854
txOutputs;2015-03-26T01:20:00.000Z;17952290.493106786
txOutputs;2015-03-27T11:40:00.000Z;17992435.89563107
txOutputs;2015-03-28T22:00:00.000Z;18063219.633252434
txOutputs;2015-03-30T08:20:00.000Z;18100763.1277508
txOutputs;2015-03-31T18:40:00.000Z;18122008.57855987
txOutputs;2015-04-02T05:00:00.000Z;18142956.56877023
txOutputs;2015-04-03T15:20:00.000Z;18158866.29700647
txOutputs;2015-04-05T01:40:00.000Z;18228007.602462117
txOutputs;2015-04-06T12:00:00.000Z;18261189.864822786
txOutputs;2015-04-07T22:20:00.000Z;18266892.24563107
txOutputs;2015-04-09T08:40:00.000Z;18286644.185436886
txOutputs;2015-04-10T19:00:00.000Z;18351246.512944985
txOutputs;2015-04-12T05:20:00.000Z;18429681.165291253
txOutputs;2015-04-13T15:40:00.000Z;18458627.527103562
txOutputs;2015-04-15T02:00:00.000Z;18466892.450080913
txOutputs;2015-04-16T12:20:00.000Z;18490430.434627824
txOutputs;2015-04-17T22:40:00.000Z;18555495.22532362
txOutputs;2015-04-19T09:00:00.000Z;18628648.44563106
txOutputs;2015-04-20T19:20:00.000Z;18654644.09587378
txOutputs;2015-04-22T05:40:00.000Z;18665346.79789644
txOutputs;2015-04-23T16:00:00.000Z;18669233.299676366
txOutputs;2015-04-25T02:20:00.000Z;18722555.920388352
txOutputs;2015-04-26T12:40:00.000Z;18798400.97257282
txOutputs;2015-04-27T23:00:00.000Z;18811832.148948222
txOutputs;2015-04-29T09:20:00.000Z;18806321.417556636
txOutputs;2015-04-30T19:40:00.000Z;18814890.99488673
txOutputs;2015-05-02T06:00:00.000Z;18906389.591909386
txOutputs;2015-05-03T16:20:00.000Z;18975892.416019414
txOutputs;2015-05-05T02:40:00.000Z;18998845.647750814
txOutputs;2015-05-06T13:00:00.000Z;19020797.982524265
txOutputs;2015-05-07T23:20:00.000Z;19080827.753478955
txOutputs;2015-05-09T09:40:00.000Z;19138710.79919094
txOutputs;2015-05-10T20:00:00.000Z;19191549.59409385
txOutputs;2015-05-12T06:20:00.000Z;19203058.344498396
txOutputs;2015-05-13T16:40:00.000Z;19221501.17027508
txOutputs;2015-05-15T03:00:00.000Z;19257723.55817152
txOutputs;2015-05-16T13:20:00.000Z;19354013.67969256
txOutputs;2015-05-17T23:40:00.000Z;19400447.746278316
txOutputs;2015-05-19T10:00:00.000Z;19415591.243268598
txOutputs;2015-05-20T20:20:00.000Z;19446405.013592236
txOutputs;2015-05-22T06:40:00.000Z;19483049.778074436
txOutputs;2015-05-23T17:00:00.000Z;19563836.623462785
txOutputs;2015-05-25T03:20:00.000Z;19644559.7420712
txOutputs;2015-05-26T13:40:00.000Z;19664520.811003234
txOutputs;2015-05-28T00:00:00.000Z;19662944.28247572
txOutputs;2015-05-29T10:20:00.000Z;19712728.198462784
txOutputs;2015-05-30T20:40:00.000Z;19817110.216100335
txOutputs;2015-06-01T07:00:00.000Z;19867032.81488674
txOutputs;2015-06-02T17:20:00.000Z;19874116.30938511
txOutputs;2015-06-04T03:40:00.000Z;19894448.50881877
txOutputs;2015-06-05T14:00:00.000Z;19952104.47588997
txOutputs;2015-06-07T00:20:00.000Z;20036233.48786408
txOutputs;2015-06-08T10:40:00.000Z;20058982.84611649
txOutputs;2015-06-09T21:00:00.000Z;20050455.072330106
txOutputs;2015-06-11T07:20:00.000Z;20080279.809304204
txOutputs;2015-06-12T17:40:00.000Z;20127945.782928806
txOutputs;2015-06-14T04:00:00.000Z;20194613.636731386
txOutputs;2015-06-15T14:20:00.000Z;20242453.120145645
txOutputs;2015-06-17T00:40:00.000Z;20348135.998867318
txOutputs;2015-06-18T11:00:00.000Z;20463118.551974103
txOutputs;2015-06-19T21:20:00.000Z;20581013.207847886
txOutputs;2015-06-21T07:40:00.000Z;20647503.00768608
txOutputs;2015-06-22T18:00:00.000Z;20705306.0279126
txOutputs;2015-06-24T04:20:00.000Z;20714607.527831726
txOutputs;2015-06-25T14:40:00.000Z;20735305.990533985
txOutputs;2015-06-27T01:00:00.000Z;20795649.78875405
txOutputs;2015-06-28T11:20:00.000Z;20858836.965453077
txOutputs;2015-06-29T21:40:00.000Z;21032164.16367313
txOutputs;2015-07-01T08:00:00.000Z;21181086.361812294
txOutputs;2015-07-02T18:20:00.000Z;21189973.111650486
txOutputs;2015-07-04T04:40:00.000Z;21241229.363268603
txOutputs;2015-07-05T15:00:00.000Z;21351331.019579284
txOutputs;2015-07-07T01:20:00.000Z;22083334.4237055
txOutputs;2015-07-08T11:40:00.000Z;23160769.89271846
txOutputs;2015-07-09T22:00:00.000Z;23817086.06334952
txOutputs;2015-07-11T08:20:00.000Z;24998280.748867296
txOutputs;2015-07-12T18:40:00.000Z;25900744.471601944
txOutputs;2015-07-14T05:00:00.000Z;25736255.787216835
txOutputs;2015-07-15T15:20:00.000Z;25372791.90048544
txOutputs;2015-07-17T01:40:00.000Z;25059833.390372165
txOutputs;2015-07-18T12:00:00.000Z;24816472.17880258
txOutputs;2015-07-19T22:20:00.000Z;24706751.515129447
txOutputs;2015-07-21T08:40:00.000Z;24697106.237378635
txOutputs;2015-07-22T19:00:00.000Z;24691911.1671521
txOutputs;2015-07-24T05:20:00.000Z;24680482.519741092
txOutputs;2015-07-25T15:40:00.000Z;24731880.042071193
txOutputs;2015-07-27T02:00:00.000Z;24994102.77346278
txOutputs;2015-07-28T12:20:00.000Z;25422531.580258917
txOutputs;2015-07-29T22:40:00.000Z;26738661.764563106
txOutputs;2015-07-31T09:00:00.000Z;28293693.485841412
txOutputs;2015-08-01T19:20:00.000Z;29513209.7722492
txOutputs;2015-08-03T05:40:00.000Z;29842886.28309061
txOutputs;2015-08-04T16:00:00.000Z;30946390.790372156
txOutputs;2015-08-06T02:20:00.000Z;32442813.5461165
txOutputs;2015-08-07T12:40:00.000Z;32975377.544093855
txOutputs;2015-08-08T23:00:00.000Z;33037732.005420703
txOutputs;2015-08-10T09:20:00.000Z;33012654.376100305
txOutputs;2015-08-11T19:40:00.000Z;32990905.337459546
txOutputs;2015-08-13T06:00:00.000Z;32989616.66747574
txOutputs;2015-08-14T16:20:00.000Z;33003987.499838177
txOutputs;2015-08-16T02:40:00.000Z;33068375.550080914
txOutputs;2015-08-17T13:00:00.000Z;33097862.116019428
txOutputs;2015-08-18T23:20:00.000Z;33100936.683576036
txOutputs;2015-08-20T09:40:00.000Z;33114097.851375394
txOutputs;2015-08-21T20:00:00.000Z;33167462.921521038
txOutputs;2015-08-23T06:20:00.000Z;33251101.917799354
txOutputs;2015-08-24T16:40:00.000Z;33260643.043527503
txOutputs;2015-08-26T03:00:00.000Z;33291843.04199028
txOutputs;2015-08-27T13:20:00.000Z;33326812.10461166
txOutputs;2015-08-28T23:40:00.000Z;33398209.327427182
txOutputs;2015-08-30T10:00:00.000Z;33482673.637216814
txOutputs;2015-08-31T20:20:00.000Z;33532570.369660184
txOutputs;2015-09-02T06:40:00.000Z;34902224.26593851
txOutputs;2015-09-03T17:00:00.000Z;35353326.70987056
txOutputs;2015-09-05T03:20:00.000Z;35423763.24053399
txOutputs;2015-09-06T13:40:00.000Z;35505677.637702286
txOutputs;2015-09-08T00:00:00.000Z;35408654.44190938
txOutputs;2015-09-09T10:20:00.000Z;35039691.41124594
txOutputs;2015-09-10T20:40:00.000Z;34597145.35606795
txOutputs;2015-09-12T07:00:00.000Z;34364110.66165048
txOutputs;2015-09-13T17:20:00.000Z;34110272.67216827
txOutputs;2015-09-15T03:40:00.000Z;33729526.192394815
txOutputs;2015-09-16T14:00:00.000Z;33441153.413430408
txOutputs;2015-09-18T00:20:00.000Z;33319411.738349535
txOutputs;2015-09-19T10:40:00.000Z;33352752.92799354
txOutputs;2015-09-20T21:00:00.000Z;33471700.95436891
txOutputs;2015-09-22T07:20:00.000Z;33489591.14676378
txOutputs;2015-09-23T17:40:00.000Z;33467151.23576051
txOutputs;2015-09-25T04:00:00.000Z;33470324.671472494
txOutputs;2015-09-26T14:20:00.000Z;33513621.849029128
txOutputs;2015-09-28T00:40:00.000Z;33538072.75841423
txOutputs;2015-09-29T11:00:00.000Z;33515591.96472492
txOutputs;2015-09-30T21:20:00.000Z;33509821.273220062
txOutputs;2015-10-02T07:40:00.000Z;33526826.071521048
txOutputs;2015-10-03T18:00:00.000Z;33587788.8406958
txOutputs;2015-10-05T04:20:00.000Z;33658308.55598706
txOutputs;2015-10-06T14:40:00.000Z;33585967.02281554
txOutputs;2015-10-08T01:00:00.000Z;33375030.21537218
txOutputs;2015-10-09T11:20:00.000Z;33199388.56553397
txOutputs;2015-10-10T21:40:00.000Z;32966460.202103563
txOutputs;2015-10-12T08:00:00.000Z;32844864.302508082
txOutputs;2015-10-13T18:20:00.000Z;32744970.488268588
txOutputs;2015-10-15T04:40:00.000Z;32681138.403317146
txOutputs;2015-10-16T15:00:00.000Z;32650625.355582505
txOutputs;2015-10-18T01:20:00.000Z;32638424.784061503
txOutputs;2015-10-19T11:40:00.000Z;32607547.486375388
txOutputs;2015-10-20T22:00:00.000Z;32570615.703074418
txOutputs;2015-10-22T08:20:00.000Z;32549781.461633664
txOutputs;2015-10-23T18:40:00.000Z;32563549.257928804
txOutputs;2015-10-25T05:00:00.000Z;32561672.68131068
txOutputs;2015-10-26T15:20:00.000Z;32505790.02137539
txOutputs;2015-10-28T01:40:00.000Z;32479668.28318771
txOutputs;2015-10-29T12:00:00.000Z;32438808.185517803
txOutputs;2015-10-30T22:20:00.000Z;32467899.053640787
txOutputs;2015-11-01T08:40:00.000Z;32509682.513754047
txOutputs;2015-11-02T19:00:00.000Z;32468382.958155345
txOutputs;2015-11-04T05:20:00.000Z;32391564.937556636
txOutputs;2015-11-05T15:40:00.000Z;32363303.631440144
txOutputs;2015-11-07T02:00:00.000Z;32395765.82524271
txOutputs;2015-11-08T12:20:00.000Z;32440037.844579283
txOutputs;2015-11-09T22:40:00.000Z;32431790.543122966
txOutputs;2015-11-11T09:00:00.000Z;32410871.557362463
txOutputs;2015-11-12T19:20:00.000Z;32432324.94368933
txOutputs;2015-11-14T05:40:00.000Z;32513995.53608415
txOutputs;2015-11-15T16:00:00.000Z;32586466.129466016
txOutputs;2015-11-17T02:20:00.000Z;32591840.94029126
txOutputs;2015-11-18T12:40:00.000Z;32603332.86464401
txOutputs;2015-11-19T23:00:00.000Z;32586174.499676377
txOutputs;2015-11-21T09:20:00.000Z;32629507.56147249
txOutputs;2015-11-22T19:40:00.000Z;32636000.28317152
txOutputs;2015-11-24T06:00:00.000Z;32647335.139967646
txOutputs;2015-11-25T16:20:00.000Z;32640400.62718448
txOutputs;2015-11-27T02:40:00.000Z;32606530.066504862
txOutputs;2015-11-28T13:00:00.000Z;32661864.789077684
txOutputs;2015-11-29T23:20:00.000Z;32677938.66828478
txOutputs;2015-12-01T09:40:00.000Z;32658001.17095467
txOutputs;2015-12-02T20:00:00.000Z;32589766.789724916
txOutputs;2015-12-04T06:20:00.000Z;32561743.673624597
txOutputs;2015-12-05T16:40:00.000Z;32644559.002427176
txOutputs;2015-12-07T03:00:00.000Z;32680099.522233028
txOutputs;2015-12-08T13:20:00.000Z;32673339.1723301
txOutputs;2015-12-09T23:40:00.000Z;32678085.961812302
txOutputs;2015-12-11T10:00:00.000Z;32714778.65930418
txOutputs;2015-12-12T20:20:00.000Z;32756051.32144012
txOutputs;2015-12-14T06:40:00.000Z;32785130.110517804
txOutputs;2015-12-15T17:00:00.000Z;32812411.454530753
txOutputs;2015-12-17T03:20:00.000Z;32839699.028155334
txOutputs;2015-12-18T13:40:00.000Z;32906938.234304193
txOutputs;2015-12-20T00:00:00.000Z;33022773.697815534
txOutputs;2015-12-21T10:20:00.000Z;33111868.497572828
txOutputs;2015-12-22T20:40:00.000Z;33140611.94781553
txOutputs;2015-12-24T07:00:00.000Z;33199476.122491926
txOutputs;2015-12-25T17:20:00.000Z;33262557.82686084
txOutputs;2015-12-27T03:40:00.000Z;33335774.365372166
txOutputs;2015-12-28T14:00:00.000Z;33342368.373867303
txOutputs;2015-12-30T00:20:00.000Z;33347404.45121359
txOutputs;2015-12-31T10:40:00.000Z;33355345.735275075
txOutputs;2016-01-01T21:00:00.000Z;33406730.112621363
txOutputs;2016-01-03T07:20:00.000Z;33470318.665210374
txOutputs;2016-01-04T17:40:00.000Z;33494044.516666673
txOutputs;2016-01-06T04:00:00.000Z;33500410.895631067
txOutputs;2016-01-07T14:20:00.000Z;33511293.236003228
txOutputs;2016-01-09T00:40:00.000Z;33556893.81156957
txOutputs;2016-01-10T11:00:00.000Z;33632170.83122977
txOutputs;2016-01-11T21:20:00.000Z;33659056.69538835
txOutputs;2016-01-13T07:40:00.000Z;33665374.18155339
txOutputs;2016-01-14T18:00:00.000Z;33689089.73406148
txOutputs;2016-01-16T04:20:00.000Z;33715175.136731386
txOutputs;2016-01-17T14:40:00.000Z;33840802.24085759
txOutputs;2016-01-19T01:00:00.000Z;33826269.33406147
txOutputs;2016-01-20T11:20:00.000Z;33748726.59611649
txOutputs;2016-01-21T21:40:00.000Z;33760803.237135954
txOutputs;2016-01-23T08:00:00.000Z;33838859.98867314
txOutputs;2016-01-24T18:20:00.000Z;33927661.759627834
txOutputs;2016-01-26T04:40:00.000Z;33972034.29415856
txOutputs;2016-01-27T15:00:00.000Z;33992878.81084142
txOutputs;2016-01-29T01:20:00.000Z;34007364.383090615
txOutputs;2016-01-30T11:40:00.000Z;34060148.06165049
txOutputs;2016-01-31T22:00:00.000Z;34092470.26512946
txOutputs;2016-02-02T08:20:00.000Z;33969512.720145635
txOutputs;2016-02-03T18:40:00.000Z;33854292.63543691
txOutputs;2016-02-05T05:00:00.000Z;33889101.67993528
txOutputs;2016-02-06T15:20:00.000Z;34034312.24325242
txOutputs;2016-02-08T01:40:00.000Z;34187626.6092233
txOutputs;2016-02-09T12:00:00.000Z;34229372.52508091
txOutputs;2016-02-10T22:20:00.000Z;34240311.21184465
txOutputs;2016-02-12T08:40:00.000Z;34259555.6697411
txOutputs;2016-02-13T19:00:00.000Z;34335845.59053397
txOutputs;2016-02-15T05:20:00.000Z;34414504.71974108
txOutputs;2016-02-16T15:40:00.000Z;34461999.37880258
txOutputs;2016-02-18T02:00:00.000Z;34504159.4763754
txOutputs;2016-02-19T12:20:00.000Z;34556989.77783172
txOutputs;2016-02-20T22:40:00.000Z;34656557.89933657
txOutputs;2016-02-22T09:00:00.000Z;34772273.13203885
txOutputs;2016-02-23T19:20:00.000Z;34836750.99635924
txOutputs;2016-02-25T05:40:00.000Z;34825493.73406149
txOutputs;2016-02-26T16:00:00.000Z;34855534.81577669
txOutputs;2016-02-28T02:20:00.000Z;34939804.04182848
txOutputs;2016-02-29T12:40:00.000Z;35074400.99110033
txOutputs;2016-03-01T23:00:00.000Z;35113141.03703882
txOutputs;2016-03-03T09:20:00.000Z;35102100.01063107
txOutputs;2016-03-04T19:40:00.000Z;35070921.48867314
txOutputs;2016-03-06T06:00:00.000Z;35094838.520792894
txOutputs;2016-03-07T16:20:00.000Z;35131770.76037216
txOutputs;2016-03-09T02:40:00.000Z;35031344.45411004
txOutputs;2016-03-10T13:00:00.000Z;35001520.07200647
txOutputs;2016-03-11T23:20:00.000Z;35049901.10485437
txOutputs;2016-03-13T09:40:00.000Z;35095548.86739482
txOutputs;2016-03-14T20:00:00.000Z;35092758.738106795
txOutputs;2016-03-16T06:20:00.000Z;35098069.12864078
txOutputs;2016-03-17T16:40:00.000Z;35164119.946245946
txOutputs;2016-03-19T03:00:00.000Z;35242158.422734626
txOutputs;2016-03-20T13:20:00.000Z;35331612.214077674
txOutputs;2016-03-21T23:40:00.000Z;35402184.14530746
txOutputs;2016-03-23T10:00:00.000Z;35428992.222168304
txOutputs;2016-03-24T20:20:00.000Z;35443113.80218446
txOutputs;2016-03-26T06:40:00.000Z;35435679.212621346
txOutputs;2016-03-27T17:00:00.000Z;35422203.40631067
txOutputs;2016-03-29T03:20:00.000Z;35299784.396035604
txOutputs;2016-03-30T13:40:00.000Z;35215094.30226539
txOutputs;2016-04-01T00:00:00.000Z;35212348.382831715
txOutputs;2016-04-02T10:20:00.000Z;35136665.82677993
txOutputs;2016-04-03T20:40:00.000Z;35164967.02124595
txOutputs;2016-04-05T07:00:00.000Z;35195680.711407766
txOutputs;2016-04-06T17:20:00.000Z;35271569.56949838
txOutputs;2016-04-08T03:40:00.000Z;35355843.925161816
txOutputs;2016-04-09T14:00:00.000Z;35399681.25996765
txOutputs;2016-04-11T00:20:00.000Z;35517761.14967637
txOutputs;2016-04-12T10:40:00.000Z;35581591.88616504
txOutputs;2016-04-13T21:00:00.000Z;35656316.824190944
txOutputs;2016-04-15T07:20:00.000Z;35749391.52729775
txOutputs;2016-04-16T17:40:00.000Z;35807734.67742719
txOutputs;2016-04-18T04:00:00.000Z;35907914.6012136
txOutputs;2016-04-19T14:20:00.000Z;35990205.37014562
txOutputs;2016-04-21T00:40:00.000Z;36043507.07200646
txOutputs;2016-04-22T11:00:00.000Z;36104960.071116515
txOutputs;2016-04-23T21:20:00.000Z;36235437.93195792
txOutputs;2016-04-25T07:40:00.000Z;36342898.30056634
txOutputs;2016-04-26T18:00:00.000Z;36446434.11407767
txOutputs;2016-04-28T04:20:00.000Z;36544527.4487055
txOutputs;2016-04-29T14:40:00.000Z;36701375.21553397
txOutputs;2016-05-01T01:00:00.000Z;36830815.67849515
txOutputs;2016-05-02T11:20:00.000Z;36916270.19687701
txOutputs;2016-05-03T21:40:00.000Z;36950713.394821994
txOutputs;2016-05-05T08:00:00.000Z;37044869.27097088
txOutputs;2016-05-06T18:20:00.000Z;37132808.79538834
txOutputs;2016-05-08T04:40:00.000Z;37228075.28980583
txOutputs;2016-05-09T15:00:00.000Z;37343664.82880258
txOutputs;2016-05-11T01:20:00.000Z;37460075.91650485
txOutputs;2016-05-12T11:40:00.000Z;37561099.7593042
txOutputs;2016-05-13T22:00:00.000Z;37648654.41980583
txOutputs;2016-05-15T08:20:00.000Z;37739465.055582516
txOutputs;2016-05-16T18:40:00.000Z;37886148.311488666
txOutputs;2016-05-18T05:00:00.000Z;38033779.4878479
txOutputs;2016-05-19T15:20:00.000Z;38109839.1355178
txOutputs;2016-05-21T01:40:00.000Z;38101239.26563108
txOutputs;2016-05-22T12:00:00.000Z;38083293.939644024
txOutputs;2016-05-23T22:20:00.000Z;38169259.09555018
txOutputs;2016-05-25T08:40:00.000Z;38262641.08381876
txOutputs;2016-05-26T19:00:00.000Z;38270813.40024272
txOutputs;2016-05-28T05:20:00.000Z;38220881.49741099
txOutputs;2016-05-29T15:40:00.000Z;38244106.71254046
txOutputs;2016-05-31T02:00:00.000Z;38290891.15275081
txOutputs;2016-06-01T12:20:00.000Z;38365220.06771846
txOutputs;2016-06-02T22:40:00.000Z;38462697.321359225
txOutputs;2016-06-04T09:00:00.000Z;38564555.18211974
txOutputs;2016-06-05T19:20:00.000Z;38643323.932038866
txOutputs;2016-06-07T05:40:00.000Z;38743134.870954685
txOutputs;2016-06-08T16:00:00.000Z;38836023.25145632
txOutputs;2016-06-10T02:20:00.000Z;38956266.42192556
txOutputs;2016-06-11T12:40:00.000Z;39043689.16692555
txOutputs;2016-06-12T23:00:00.000Z;39081494.79700648
txOutputs;2016-06-14T09:20:00.000Z;39101674.45042073
txOutputs;2016-06-15T19:40:00.000Z;39144833.02292879
txOutputs;2016-06-17T06:00:00.000Z;39210042.60428801
txOutputs;2016-06-18T16:20:00.000Z;39229571.18155339
txOutputs;2016-06-20T02:40:00.000Z;39320620.19619742
txOutputs;2016-06-21T13:00:00.000Z;39402714.7564725
txOutputs;2016-06-22T23:20:00.000Z;39467749.306229755
txOutputs;2016-06-24T09:40:00.000Z;39556773.58389968
txOutputs;2016-06-25T20:00:00.000Z;39566474.00631068
txOutputs;2016-06-27T06:20:00.000Z;39611215.06610032
txOutputs;2016-06-28T16:40:00.000Z;39680985.82216828
txOutputs;2016-06-30T03:00:00.000Z;39716118.17742718
txOutputs;2016-07-01T13:20:00.000Z;39722274.34457928
txOutputs;2016-07-02T23:40:00.000Z;39768487.90865692
txOutputs;2016-07-04T10:00:00.000Z;39839273.43325242
txOutputs;2016-07-05T20:20:00.000Z;39901454.70754046
txOutputs;2016-07-07T06:40:00.000Z;39928217.12572816
txOutputs;2016-07-08T17:00:00.000Z;39999709.65517798
txOutputs;2016-07-10T03:20:00.000Z;40054392.45865695
txOutputs;2016-07-11T13:40:00.000Z;40122850.96113267
txOutputs;2016-07-13T00:00:00.000Z;40188453.3088997
txOutputs;2016-07-14T10:20:00.000Z;40248125.14902913
txOutputs;2016-07-15T20:40:00.000Z;40288332.718446605
txOutputs;2016-07-17T07:00:00.000Z;40234231.99126214
txOutputs;2016-07-18T17:20:00.000Z;40272286.603074424
txOutputs;2016-07-20T03:40:00.000Z;40322685.59773463
txOutputs;2016-07-21T14:00:00.000Z;40388728.131747544
txOutputs;2016-07-23T00:20:00.000Z;40431405.141181245
txOutputs;2016-07-24T10:40:00.000Z;40480443.62587477
txOutputs;2016-07-25T21:00:00.000Z;40591129.28762135
txOutputs;2016-07-27T07:20:00.000Z;40631195.65056633
txOutputs;2016-07-28T17:40:00.000Z;40678285.540954694
txOutputs;2016-07-30T04:00:00.000Z;40734897.332847916
txOutputs;2016-07-31T14:20:00.000Z;40689163.82294499
txOutputs;2016-08-02T00:40:00.000Z;40672970.964401305
txOutputs;2016-08-03T11:00:00.000Z;40679289.33373787
txOutputs;2016-08-04T21:20:00.000Z;40694865.531877026
txOutputs;2016-08-06T07:40:00.000Z;40737235.89935277
txOutputs;2016-08-07T18:00:00.000Z;40767358.15658576
txOutputs;2016-08-09T04:20:00.000Z;40827849.850404546
txOutputs;2016-08-10T14:40:00.000Z;40898114.95745954
txOutputs;2016-08-12T01:00:00.000Z;40948804.1816343
txOutputs;2016-08-13T11:20:00.000Z;40972650.46553398
txOutputs;2016-08-14T21:40:00.000Z;41004449.073058255
txOutputs;2016-08-16T08:00:00.000Z;41033242.20266989
txOutputs;2016-08-17T18:20:00.000Z;41083516.240938514
txOutputs;2016-08-19T04:40:00.000Z;41129091.219174765
txOutputs;2016-08-20T15:00:00.000Z;41157919.59902912
txOutputs;2016-08-22T01:20:00.000Z;41178261.07508092
txOutputs;2016-08-23T11:40:00.000Z;41207751.007524274
txOutputs;2016-08-24T22:00:00.000Z;41280433.06116505
txOutputs;2016-08-26T08:20:00.000Z;41357048.304288015
txOutputs;2016-08-27T18:40:00.000Z;41402790.997411005
txOutputs;2016-08-29T05:00:00.000Z;41388866.69215211
txOutputs;2016-08-30T15:20:00.000Z;41451788.85194172
txOutputs;2016-09-01T01:40:00.000Z;41483444.26941747
txOutputs;2016-09-02T12:00:00.000Z;41518922.298139185
txOutputs;2016-09-03T22:20:00.000Z;41520206.42597087
txOutputs;2016-09-05T08:40:00.000Z;41565626.42257281
txOutputs;2016-09-06T19:00:00.000Z;41613764.90914238
txOutputs;2016-09-08T05:20:00.000Z;41644000.27103559
txOutputs;2016-09-09T15:40:00.000Z;41638723.44927184
txOutputs;2016-09-11T02:00:00.000Z;41641355.79190938
txOutputs;2016-09-12T12:20:00.000Z;41664175.554530725
txOutputs;2016-09-13T22:40:00.000Z;41638513.11181229
txOutputs;2016-09-15T09:00:00.000Z;41646127.40809063
txOutputs;2016-09-16T19:20:00.000Z;41618839.55873786
txOutputs;2016-09-18T05:40:00.000Z;41644576.72953074
txOutputs;2016-09-19T16:00:00.000Z;41692694.74271844
txOutputs;2016-09-21T02:20:00.000Z;41763394.426537216
txOutputs;2016-09-22T12:40:00.000Z;41795832.02491909
txOutputs;2016-09-23T23:00:00.000Z;41822146.29854369
txOutputs;2016-09-25T09:20:00.000Z;41814777.07710356
txOutputs;2016-09-26T19:40:00.000Z;41835685.34991908
txOutputs;2016-09-28T06:00:00.000Z;41827158.74004851
txOutputs;2016-09-29T16:20:00.000Z;41878717.13705501
txOutputs;2016-10-01T02:40:00.000Z;41885742.33131067
txOutputs;2016-10-02T13:00:00.000Z;41908059.53483819
txOutputs;2016-10-03T23:20:00.000Z;41939906.85024273
txOutputs;2016-10-05T09:40:00.000Z;42000371.765436895
txOutputs;2016-10-06T20:00:00.000Z;42093251.89862461
txOutputs;2016-10-08T06:20:00.000Z;42133167.42038833
txOutputs;2016-10-09T16:40:00.000Z;42152872.60720064
txOutputs;2016-10-11T03:00:00.000Z;42190378.466229774
txOutputs;2016-10-12T13:20:00.000Z;42200370.85380259
txOutputs;2016-10-13T23:40:00.000Z;42252100.35275081
txOutputs;2016-10-15T10:00:00.000Z;42333208.44611654
txOutputs;2016-10-16T20:20:00.000Z;42365932.13763755
txOutputs;2016-10-18T06:40:00.000Z;42340727.5
txOutputs;2016-10-19T17:00:00.000Z;42319660.83681229
txOutputs;2016-10-21T03:20:00.000Z;42351003.31294497
txOutputs;2016-10-22T13:40:00.000Z;42274665.09652102
txOutputs;2016-10-24T00:00:00.000Z;42131097.732928805
txOutputs;2016-10-25T10:20:00.000Z;41981288.62370549
txOutputs;2016-10-26T20:40:00.000Z;41833604.362459555
txOutputs;2016-10-28T07:00:00.000Z;41804583.050728165
txOutputs;2016-10-29T17:20:00.000Z;41787450.89684464
txOutputs;2016-10-31T03:40:00.000Z;41795162.69522656
txOutputs;2016-11-01T14:00:00.000Z;41814969.339235775
txOutputs;2016-11-03T00:20:00.000Z;41851980.83307443
txOutputs;2016-11-04T10:40:00.000Z;41905472.64902915
txOutputs;2016-11-05T21:00:00.000Z;41979593.126860835
txOutputs;2016-11-07T07:20:00.000Z;42033924.91998382
txOutputs;2016-11-08T17:40:00.000Z;42080746.37071198
txOutputs;2016-11-10T04:00:00.000Z;42088307.15742721
txOutputs;2016-11-11T14:20:00.000Z;42092119.35113269
txOutputs;2016-11-13T00:40:00.000Z;42138272.80776699
txOutputs;2016-11-14T11:00:00.000Z;42176783.25970874
txOutputs;2016-11-15T21:20:00.000Z;42244415.08818771
txOutputs;2016-11-17T07:40:00.000Z;42233677.51359757
txOutputs;2016-11-18T18:00:00.000Z;42303075.51731391
txOutputs;2016-11-20T04:20:00.000Z;42462144.61512944
txOutputs;2016-11-21T14:40:00.000Z;42661172.26148866
txOutputs;2016-11-23T01:00:00.000Z;42822356.13407765
txOutputs;2016-11-24T11:20:00.000Z;42903203.16174756
txOutputs;2016-11-25T21:40:00.000Z;42945269.726925544
txOutputs;2016-11-27T08:00:00.000Z;42969090.99524269
txOutputs;2016-11-28T18:20:00.000Z;43015556.4317152
txOutputs;2016-11-30T04:40:00.000Z;43098430.178236246
txOutputs;2016-12-01T15:00:00.000Z;43110278.35040452
txOutputs;2016-12-03T01:20:00.000Z;43150966.126375385
txOutputs;2016-12-04T11:40:00.000Z;43123514.12588998
txOutputs;2016-12-05T22:00:00.000Z;43177774.710760534
txOutputs;2016-12-07T08:20:00.000Z;43201385.86699028
txOutputs;2016-12-08T18:40:00.000Z;43231427.808932066
txOutputs;2016-12-10T05:00:00.000Z;43257388.431796126
txOutputs;2016-12-11T15:20:00.000Z;43247940.15728157
txOutputs;2016-12-13T01:40:00.000Z;43252228.58834952
txOutputs;2016-12-14T12:00:00.000Z;43336733.75055018
txOutputs;2016-12-15T22:20:00.000Z;43453633.81140775
txOutputs;2016-12-17T08:40:00.000Z;43542280.47936894
txOutputs;2016-12-18T19:00:00.000Z;43570100.68399676
txOutputs;2016-12-20T05:20:00.000Z;43634723.93122979
txOutputs;2016-12-21T15:40:00.000Z;43668136.92061488
txOutputs;2016-12-23T02:00:00.000Z;43727594.450420685
txOutputs;2016-12-24T12:20:00.000Z;43758857.10582527
txOutputs;2016-12-25T22:40:00.000Z;43733437.776213594
txOutputs;2016-12-27T09:00:00.000Z;43770313.53160194
txOutputs;2016-12-28T19:20:00.000Z;43808623.65105178
txOutputs;2016-12-30T05:40:00.000Z;43870537.1712783
txOutputs;2016-12-31T16:00:00.000Z;43953405.42855985
txOutputs;2017-01-02T02:20:00.000Z;44049234.80364079
txOutputs;2017-01-03T12:40:00.000Z;44199016.28147248
txOutputs;2017-01-04T23:00:00.000Z;44273416.255178005
txOutputs;2017-01-06T09:20:00.000Z;44365110.766909376
txOutputs;2017-01-07T19:40:00.000Z;44447974.49587377
txOutputs;2017-01-09T06:00:00.000Z;44529964.94247575
txOutputs;2017-01-10T16:20:00.000Z;44605075.853786364
txOutputs;2017-01-12T02:40:00.000Z;44654042.20008089
txOutputs;2017-01-13T13:00:00.000Z;44709247.49061488
txOutputs;2017-01-14T23:20:00.000Z;44725596.130566366
txOutputs;2017-01-16T09:40:00.000Z;44771910.74546928
txOutputs;2017-01-17T20:00:00.000Z;44860481.186278306
txOutputs;2017-01-19T06:20:00.000Z;44915435.90433654
txOutputs;2017-01-20T16:40:00.000Z;45002348.35509709
txOutputs;2017-01-22T03:00:00.000Z;45073751.964158565
txOutputs;2017-01-23T13:20:00.000Z;44999055.05355987
txOutputs;2017-01-24T23:40:00.000Z;44975100.29854369
txOutputs;2017-01-26T10:00:00.000Z;44954898.66229773
txOutputs;2017-01-27T20:20:00.000Z;44898222.17466019
txOutputs;2017-01-29T06:40:00.000Z;44801993.6055825
txOutputs;2017-01-30T17:00:00.000Z;44790149.689401306
txOutputs;2017-02-01T03:20:00.000Z;44862983.077313915
txOutputs;2017-02-02T13:40:00.000Z;44923722.706310645
txOutputs;2017-02-04T00:00:00.000Z;45034410.175080895
txOutputs;2017-02-05T10:20:00.000Z;44995774.05364078
txOutputs;2017-02-06T20:40:00.000Z;45041962.68114887
txOutputs;2017-02-08T07:00:00.000Z;45129527.28911003
txOutputs;2017-02-09T17:20:00.000Z;45203327.391828485
txOutputs;2017-02-11T03:40:00.000Z;45239724.43786407
txOutputs;2017-02-12T14:00:00.000Z;45264932.554692544
txOutputs;2017-02-14T00:20:00.000Z;45280927.60088996
txOutputs;2017-02-15T10:40:00.000Z;45362350.68713592
txOutputs;2017-02-16T21:00:00.000Z;45451920.342394836
txOutputs;2017-02-18T07:20:00.000Z;45516535.393899664
txOutputs;2017-02-19T17:40:00.000Z;45572341.81326861
txOutputs;2017-02-21T04:00:00.000Z;45645282.87532361
txOutputs;2017-02-22T14:20:00.000Z;45745100.44252427
txOutputs;2017-02-24T00:40:00.000Z;45860917.67872166
txOutputs;2017-02-25T11:00:00.000Z;45890602.43527507
txOutputs;2017-02-26T21:20:00.000Z;45855498.0038835
txOutputs;2017-02-28T07:40:00.000Z;45965107.57851133
txOutputs;2017-03-01T18:00:00.000Z;46109281.335436866
txOutputs;2017-03-03T04:20:00.000Z;46261789.799838215
txOutputs;2017-03-04T14:40:00.000Z;46335619.674595475
txOutputs;2017-03-06T01:00:00.000Z;46433861.476278305
txOutputs;2017-03-07T11:20:00.000Z;46534106.9337379
txOutputs;2017-03-08T21:40:00.000Z;46631475.27475726
txOutputs;2017-03-10T08:00:00.000Z;46671755.53360836
txOutputs;2017-03-11T18:20:00.000Z;46624657.102346264
txOutputs;2017-03-13T04:40:00.000Z;46580117.800889984
txOutputs;2017-03-14T15:00:00.000Z;46661280.32726536
txOutputs;2017-03-16T01:20:00.000Z;46777764.21033981
txOutputs;2017-03-17T11:40:00.000Z;46776970.23357604
txOutputs;2017-03-18T22:00:00.000Z;46787626.33244336
txOutputs;2017-03-20T08:20:00.000Z;46860834.16699027
txOutputs;2017-03-21T18:40:00.000Z;46973659.87830098
txOutputs;2017-03-23T05:00:00.000Z;47056777.517750785
txOutputs;2017-03-24T15:20:00.000Z;47106674.73496731
txOutputs;2017-03-26T01:40:00.000Z;47234850.165760525
txOutputs;2017-03-27T12:00:00.000Z;47319013.67022656
txOutputs;2017-03-28T22:20:00.000Z;47403355.1169094
txOutputs;2017-03-30T08:40:00.000Z;47404175.80325244
txOutputs;2017-03-31T19:00:00.000Z;47481190.30008091
txOutputs;2017-04-02T05:20:00.000Z;47566546.38325244
txOutputs;2017-04-03T15:40:00.000Z;47643528.676699035
txOutputs;2017-04-05T02:00:00.000Z;47742654.85024276
txOutputs;2017-04-06T12:20:00.000Z;47845462.41529126
txOutputs;2017-04-07T22:40:00.000Z;47850062.26966022
txOutputs;2017-04-09T09:00:00.000Z;47864892.44668285
txOutputs;2017-04-10T19:20:00.000Z;47988454.53681232
txOutputs;2017-04-12T05:40:00.000Z;48133177.68673141
txOutputs;2017-04-13T16:00:00.000Z;48282248.337055005
txOutputs;2017-04-15T02:20:00.000Z;48439974.92532363
txOutputs;2017-04-16T12:40:00.000Z;48527629.71237866
txOutputs;2017-04-17T23:00:00.000Z;48669944.902346276
txOutputs;2017-04-19T09:20:00.000Z;48771548.94797734
txOutputs;2017-04-20T19:40:00.000Z;48812498.69635921
txOutputs;2017-04-22T06:00:00.000Z;48857372.416343026
txOutputs;2017-04-23T16:20:00.000Z;48868200.492427185
txOutputs;2017-04-25T02:40:00.000Z;48973217.73964402
txOutputs;2017-04-26T13:00:00.000Z;49092613.633278616
txOutputs;2017-04-27T23:20:00.000Z;49245169.45703885
txOutputs;2017-04-29T09:40:00.000Z;49322288.02580906
txOutputs;2017-04-30T20:00:00.000Z;49338335.549110025
txOutputs;2017-05-02T06:20:00.000Z;49457116.74684465
txOutputs;2017-05-03T16:40:00.000Z;49618453.79503239
txOutputs;2017-05-05T03:00:00.000Z;49806083.380501606
txOutputs;2017-05-06T13:20:00.000Z;49900965.83794498
txOutputs;2017-05-07T23:40:00.000Z;49978127.25218445
txOutputs;2017-05-09T10:00:00.000Z;50120689.47402913
txOutputs;2017-05-10T20:20:00.000Z;50334852.46318769
txOutputs;2017-05-12T06:40:00.000Z;50508562.81480584
txOutputs;2017-05-13T17:00:00.000Z;50651339.06027507
txOutputs;2017-05-15T03:20:00.000Z;50785270.14805826
txOutputs;2017-05-16T13:40:00.000Z;50817331.39288025
txOutputs;2017-05-18T00:00:00.000Z;50894936.69441747
txOutputs;2017-05-19T10:20:00.000Z;50979786.9763754
txOutputs;2017-05-20T20:40:00.000Z;51054729.874676384
txOutputs;2017-05-22T07:00:00.000Z;51189904.14587586
txOutputs;2017-05-23T17:20:00.000Z;51356797.15469257
txOutputs;2017-05-25T03:40:00.000Z;51556057.09627832
txOutputs;2017-05-26T14:00:00.000Z;51726046.7488673
txOutputs;2017-05-28T00:20:00.000Z;51768309.11108416
txOutputs;2017-05-29T10:40:00.000Z;51883877.74448219
txOutputs;2017-05-30T21:00:00.000Z;51996689.62478967
txOutputs;2017-06-01T07:20:00.000Z;52076619.80558254
txOutputs;2017-06-02T17:40:00.000Z;52095374.628155336
txOutputs;2017-06-04T04:00:00.000Z;52003345.7317961
txOutputs;2017-06-05T14:20:00.000Z;52000881.77103561
txOutputs;2017-06-07T00:40:00.000Z;52079355.06488673
txOutputs;2017-06-08T11:00:00.000Z;52082103.117475726
txOutputs;2017-06-09T21:20:00.000Z;52086840.32004856
txOutputs;2017-06-11T07:40:00.000Z;52017810.50606796
txOutputs;2017-06-12T18:00:00.000Z;52075853.92241102
txOutputs;2017-06-14T04:20:00.000Z;52185743.04546924
txOutputs;2017-06-15T14:40:00.000Z;52201236.642244205
txOutputs;2017-06-17T01:00:00.000Z;52138714.41000001
txOutputs;2017-06-18T11:20:00.000Z;51988695.597411044
txOutputs;2017-06-19T21:40:00.000Z;51998331.58139159
txOutputs;2017-06-21T08:00:00.000Z;52129917.4737864
txOutputs;2017-06-22T18:20:00.000Z;52129249.015857585
txOutputs;2017-06-24T04:40:00.000Z;52049136.87055016
txOutputs;2017-06-25T15:00:00.000Z;51958951.79522652
txOutputs;2017-06-27T01:20:00.000Z;52031507.13114887
txOutputs;2017-06-28T11:40:00.000Z;52047567.75388347
txOutputs;2017-06-29T22:00:00.000Z;52075655.773624584
txOutputs;2017-07-01T08:20:00.000Z;51924815.9877832
txOutputs;2017-07-02T18:40:00.000Z;51794362.745550185
txOutputs;2017-07-04T05:00:00.000Z;51806718.15946603
txOutputs;2017-07-05T15:20:00.000Z;51769645.15501618
txOutputs;2017-07-07T01:40:00.000Z;51779275.55760517
txOutputs;2017-07-08T12:00:00.000Z;51756079.38559872
txOutputs;2017-07-09T22:20:00.000Z;51774744.33834949
txOutputs;2017-07-11T08:40:00.000Z;51795366.37930423
txOutputs;2017-07-12T19:00:00.000Z;51739963.74660194
txOutputs;2017-07-14T05:20:00.000Z;51770353.658705495
txOutputs;2017-07-15T15:40:00.000Z;51722347.23503238
txOutputs;2017-07-17T02:00:00.000Z;51611624.74199027
txOutputs;2017-07-18T12:20:00.000Z;51573850.73616502
txOutputs;2017-07-19T22:40:00.000Z;51519192.51820388
txOutputs;2017-07-21T09:00:00.000Z;51467336.169304214
txOutputs;2017-07-22T19:20:00.000Z;51364393.58414238
txOutputs;2017-07-24T05:40:00.000Z;51248115.2709547
txOutputs;2017-07-25T16:00:00.000Z;51233494.188673146
txOutputs;2017-07-27T02:20:00.000Z;51132901.34522655
txOutputs;2017-07-28T12:40:00.000Z;51038916.954045326
txOutputs;2017-07-29T23:00:00.000Z;50865151.91812299
txOutputs;2017-07-31T09:20:00.000Z;50705418.56982202
txOutputs;2017-08-01T19:40:00.000Z;50480856.38147248
txOutputs;2017-08-03T06:00:00.000Z;50363655.48736245
txOutputs;2017-08-04T16:20:00.000Z;50205802.84377023
txOutputs;2017-08-06T02:40:00.000Z;50135666.09708737
txOutputs;2017-08-07T13:00:00.000Z;50085534.7660194
txOutputs;2017-08-08T23:20:00.000Z;50139943.624757245
txOutputs;2017-08-10T09:40:00.000Z;50230996.25493527
txOutputs;2017-08-11T20:00:00.000Z;50347807.81860843
txOutputs;2017-08-13T06:20:00.000Z;50362402.01132688
txOutputs;2017-08-14T16:40:00.000Z;50515344.2828479
txOutputs;2017-08-16T03:00:00.000Z;50692118.96584141
txOutputs;2017-08-17T13:20:00.000Z;50757717.33284789
txOutputs;2017-08-18T23:40:00.000Z;50844101.76788022
txOutputs;2017-08-20T10:00:00.000Z;50839000.8329288
txOutputs;2017-08-21T20:20:00.000Z;51011378.68956313
txOutputs;2017-08-23T06:40:00.000Z;51165624.067152105
txOutputs;2017-08-24T17:00:00.000Z;51294750.261893205
txOutputs;2017-08-26T03:20:00.000Z;51466184.971618086
txOutputs;2017-08-27T13:40:00.000Z;51429688.21367314
txOutputs;2017-08-29T00:00:00.000Z;51437943.218689285
txOutputs;2017-08-30T10:20:00.000Z;51334452.33333335
txOutputs;2017-08-31T20:40:00.000Z;51258034.63017799
txOutputs;2017-09-02T07:00:00.000Z;51237513.130954705
txOutputs;2017-09-03T17:20:00.000Z;51178129.06181226
txOutputs;2017-09-05T03:40:00.000Z;51163289.79991911
txOutputs;2017-09-06T14:00:00.000Z;51196720.579773456
txOutputs;2017-09-08T00:20:00.000Z;51158003.41631068
txOutputs;2017-09-09T10:40:00.000Z;51149834.9561327
txOutputs;2017-09-10T21:00:00.000Z;51128113.989644036
txOutputs;2017-09-12T07:20:00.000Z;51154635.61666665
txOutputs;2017-09-13T17:40:00.000Z;51186780.00690936
txOutputs;2017-09-15T04:00:00.000Z;51225675.41721686
txOutputs;2017-09-16T14:20:00.000Z;51295156.20103559
txOutputs;2017-09-18T00:40:00.000Z;51317159.29822004
txOutputs;2017-09-19T11:00:00.000Z;51343969.58421227
txOutputs;2017-09-20T21:20:00.000Z;51388496.18357604
txOutputs;2017-09-22T07:40:00.000Z;51473086.10008091
txOutputs;2017-09-23T18:00:00.000Z;51528434.83446602
txOutputs;2017-09-25T04:20:00.000Z;51598932.31466019
txOutputs;2017-09-26T14:40:00.000Z;51664486.30946601
txOutputs;2017-09-28T01:00:00.000Z;51724503.61197408
txOutputs;2017-09-29T11:20:00.000Z;51759498.96061489
txOutputs;2017-09-30T21:40:00.000Z;51776278.856472485
txOutputs;2017-10-02T08:00:00.000Z;51767369.680582546
txOutputs;2017-10-03T18:20:00.000Z;51784975.895469256
txOutputs;2017-10-05T04:40:00.000Z;51885328.86419091
txOutputs;2017-10-06T15:00:00.000Z;51951517.25436892
txOutputs;2017-10-08T01:20:00.000Z;51949956.219174765
txOutputs;2017-10-09T11:40:00.000Z;51937889.16061489
txOutputs;2017-10-10T22:00:00.000Z;52030432.51893204
txOutputs;2017-10-12T08:20:00.000Z;52107382.15161812
txOutputs;2017-10-13T18:40:00.000Z;52298172.696262136
txOutputs;2017-10-15T05:00:00.000Z;52248041.51145629
txOutputs;2017-10-16T15:20:00.000Z;52328327.64611648
txOutputs;2017-10-18T01:40:00.000Z;52492045.09911002
txOutputs;2017-10-19T12:00:00.000Z;52584604.2920065
txOutputs;2017-10-20T22:20:00.000Z;52624257.70663432
txOutputs;2017-10-22T08:40:00.000Z;52506014.895388335
txOutputs;2017-10-23T19:00:00.000Z;52520528.23843042
txOutputs;2017-10-25T05:20:00.000Z;52517317.56588996
txOutputs;2017-10-26T15:40:00.000Z;52634666.48042072
txOutputs;2017-10-28T02:00:00.000Z;52869621.636197396
txOutputs;2017-10-29T12:20:00.000Z;53023222.54757279
txOutputs;2017-10-30T22:40:00.000Z;53130034.17928802
txOutputs;2017-11-01T09:00:00.000Z;53302337.95663432
txOutputs;2017-11-02T19:20:00.000Z;53545949.74085758
txOutputs;2017-11-04T05:40:00.000Z;53734108.88171521
txOutputs;2017-11-05T16:00:00.000Z;53746941.51511327
txOutputs;2017-11-07T02:20:00.000Z;53939203.20849514
txOutputs;2017-11-08T12:40:00.000Z;54088503.55461167
txOutputs;2017-11-09T23:00:00.000Z;54359258.22931726
txOutputs;2017-11-11T09:20:00.000Z;54524492.13139158
txOutputs;2017-11-12T19:40:00.000Z;54733591.158252425
txOutputs;2017-11-14T06:00:00.000Z;54944959.81569581
txOutputs;2017-11-15T16:20:00.000Z;55100130.946828455
txOutputs;2017-11-17T02:40:00.000Z;55180600.999110006
txOutputs;2017-11-18T13:00:00.000Z;55154488.664724916
txOutputs;2017-11-19T23:20:00.000Z;55168482.051051795
txOutputs;2017-11-21T09:40:00.000Z;55305372.29773461
txOutputs;2017-11-22T20:00:00.000Z;55495134.44061489
txOutputs;2017-11-24T06:20:00.000Z;55665262.407767
txOutputs;2017-11-25T16:40:00.000Z;55795240.44506473
txOutputs;2017-11-27T03:00:00.000Z;56019265.0843204
txOutputs;2017-11-28T13:20:00.000Z;56305404.60331714
txOutputs;2017-11-29T23:40:00.000Z;56605437.86545304
txOutputs;2017-12-01T10:00:00.000Z;56833812.38194176
txOutputs;2017-12-02T20:20:00.000Z;56913372.44555016
txOutputs;2017-12-04T06:40:00.000Z;57092726.78496764
txOutputs;2017-12-05T17:00:00.000Z;57409524.33300971
txOutputs;2017-12-07T03:20:00.000Z;57813353.924514554
txOutputs;2017-12-08T13:40:00.000Z;58231342.76383495
txOutputs;2017-12-10T00:00:00.000Z;58379392.45679614
txOutputs;2017-12-11T10:20:00.000Z;58575511.35275085
txOutputs;2017-12-12T20:40:00.000Z;58943972.49004853
txOutputs;2017-12-14T07:00:00.000Z;59365226.8907767
txOutputs;2017-12-15T17:20:00.000Z;59667904.565841414
txOutputs;2017-12-17T03:40:00.000Z;59825960.49653724
txOutputs;2017-12-18T14:00:00.000Z;60114567.82597088
txOutputs;2017-12-20T00:20:00.000Z;60607149.98373786
txOutputs;2017-12-21T10:40:00.000Z;61100790.21941748
txOutputs;2017-12-22T21:00:00.000Z;61442168.269821994
txOutputs;2017-12-24T07:20:00.000Z;61500643.56440132
txOutputs;2017-12-25T17:40:00.000Z;61452808.28289642
txOutputs;2017-12-27T04:00:00.000Z;61499866.27192555
txOutputs;2017-12-28T14:20:00.000Z;61660934.792475745
txOutputs;2017-12-30T00:40:00.000Z;61933612.19401296
txOutputs;2017-12-31T11:00:00.000Z;61905953.60841426
txOutputs;2018-01-01T21:20:00.000Z;61840904.38851131
txOutputs;2018-01-03T07:40:00.000Z;62264495.46092229
txOutputs;2018-01-04T18:00:00.000Z;62838269.10598699
txOutputs;2018-01-06T04:20:00.000Z;63226841.936003216
txOutputs;2018-01-07T14:40:00.000Z;63563003.73755662
txOutputs;2018-01-09T01:00:00.000Z;63896727.91925563
txOutputs;2018-01-10T11:20:00.000Z;64137842.396278344
txOutputs;2018-01-11T21:40:00.000Z;64039687.43176375
txOutputs;2018-01-13T08:00:00.000Z;63973331.69797734
txOutputs;2018-01-14T18:20:00.000Z;63939958.058074445
txOutputs;2018-01-16T04:40:00.000Z;64025762.40347894
txOutputs;2018-01-17T15:00:00.000Z;64053664.142669894
txOutputs;2018-01-19T01:20:00.000Z;63924700.54818479
txOutputs;2018-01-20T11:40:00.000Z;63450678.15145629
txOutputs;2018-01-21T22:00:00.000Z;63001778.05247575
txOutputs;2018-01-23T08:20:00.000Z;62677471.7790453
txOutputs;2018-01-24T18:40:00.000Z;62371779.004352786
txOutputs;2018-01-26T05:00:00.000Z;62149895.70242716
txOutputs;2018-01-27T15:20:00.000Z;61943754.93300972
txOutputs;2018-01-29T01:40:00.000Z;61771955.97241099
txOutputs;2018-01-30T12:00:00.000Z;61611077.19255662
txOutputs;2018-01-31T22:20:00.000Z;61538826.30760518
txOutputs;2018-02-02T08:40:00.000Z;61304804.11027511
txOutputs;2018-02-03T19:00:00.000Z;60964147.42200649
txOutputs;2018-02-05T05:20:00.000Z;60429400.33681231
txOutputs;2018-02-06T15:40:00.000Z;60130811.62516181
txOutputs;2018-02-08T02:00:00.000Z;59781318.23106797
txOutputs;2018-02-09T12:20:00.000Z;59483302.71409386
txOutputs;2018-02-10T22:40:00.000Z;58926113.925776705
txOutputs;2018-02-12T09:00:00.000Z;58338334.185032345
txOutputs;2018-02-13T19:20:00.000Z;57726355.59805825
txOutputs;2018-02-15T05:40:00.000Z;57344918.19530747
txOutputs;2018-02-16T16:00:00.000Z;56927807.489336535
txOutputs;2018-02-18T02:20:00.000Z;56513394.872839496
